486dd80d22f94a5496b3e670b19399a7,df7ea50171af48df81584ab7e8107d15,75efe5ddef364f49865d9bb283492b48,32aaca2a732f4272b237374d3cdeec90,e79ae27b52fa4d54aa37735fd275c66e,5abf57d57d84440e94d0d2e2ffb37575,4e7ee74be72a461fa02fa61bee62bdcc,9094e936e13641cc9bfcc7dc1408d86e,72a7e2ce22d045efbdbbab9c68f5d026,cf293392122347a180cf2126f4589acb,3c1b91a23b694da1973dbc5f75f2f3ed
9e1bede2ba464377897f1d482b7c49ae,df7ea50171af48df81584ab7e8107d15,4e7ee74be72a461fa02fa61bee62bdcc,5605fa1188974644937bbf92fec50e21,e79ae27b52fa4d54aa37735fd275c66e,d9b70c4ed8bb4fc5957ecebf102528ee,72a7e2ce22d045efbdbbab9c68f5d026,31a2675a2e944a1ab3b810cfb92ebd34,5a9a716f53364389864a4018d9e9c6c0,9094e936e13641cc9bfcc7dc1408d86e,45e440d874a54bb591862ff441114cd3
a1595c1d280449abbff7742dcdc90b72,e79ae27b52fa4d54aa37735fd275c66e,df7ea50171af48df81584ab7e8107d15,9094e936e13641cc9bfcc7dc1408d86e,74bd120b8f714d03bc9dd1a703fe4d7f,3c1b91a23b694da1973dbc5f75f2f3ed,75efe5ddef364f49865d9bb283492b48,5a9a716f53364389864a4018d9e9c6c0,cf293392122347a180cf2126f4589acb,32aaca2a732f4272b237374d3cdeec90,cc243eebbb2b44a581745865a60c423a
58c2bd09ab0c4a56ad05b91a3de36417,34b736136487439389c10cc6bd4e9f4e,cb75c6ef71cb4991805920f2894e0e96,23a16d69ffe848d593a4808907d8aa98,97959d02a64f4a3fbbebe7cbece6c012,dee9eddb2eac41bfaf36d3279d43674a,23199e1859544647893a97ea365c5c83,d361a9e414fb41c1a605200d9cbba496,016e634d566b49c199d07357aae9bf33,984058b7165d4c6385bec3c94afa9fb2,b277101390e1465685ef79bf3519f8d7
4d5ef36361734ccdae5d52098bf0123f,34b736136487439389c10cc6bd4e9f4e,cb75c6ef71cb4991805920f2894e0e96,23a16d69ffe848d593a4808907d8aa98,97959d02a64f4a3fbbebe7cbece6c012,dee9eddb2eac41bfaf36d3279d43674a,23199e1859544647893a97ea365c5c83,d361a9e414fb41c1a605200d9cbba496,e53dd6188816429ab915de6f9649a026,b277101390e1465685ef79bf3519f8d7,105ad424733e4cffa7c474b51e3980aa
4d78e6316a014332815f66e59a8a4099,23199e1859544647893a97ea365c5c83,34b736136487439389c10cc6bd4e9f4e,984058b7165d4c6385bec3c94afa9fb2,b277101390e1465685ef79bf3519f8d7,39a08a87897f47d3bdbbdc5ed8c9cd7f,97959d02a64f4a3fbbebe7cbece6c012,9c69642fab6749848e7ea7f5406a6da4,d361a9e414fb41c1a605200d9cbba496,41e657daa20545a588584578bdb4101c,cb75c6ef71cb4991805920f2894e0e96
4e7bd3e813564642929978bfa51f30c7,23199e1859544647893a97ea365c5c83,984058b7165d4c6385bec3c94afa9fb2,34b736136487439389c10cc6bd4e9f4e,39a08a87897f47d3bdbbdc5ed8c9cd7f,b277101390e1465685ef79bf3519f8d7,41e657daa20545a588584578bdb4101c,5537ddec608a4ec586ea068fa27547ca,97959d02a64f4a3fbbebe7cbece6c012,d361a9e414fb41c1a605200d9cbba496,fbfaa119f55a477984e42d80498f54d3
f25af2430f9345bebb1d841e5867c08d,fbfaa119f55a477984e42d80498f54d3,41e657daa20545a588584578bdb4101c,25109e3a7df549e5b380aae716d71366,8d595c7da42545c88052e7b213b6c97c,0971af4212484a958eb0f60f93d1dfe0,70558882c04e46bd99d15e9786468418,ec07b4e88bea4086a5eafed96d81edb5,d25e6f2fc8154dd7816f8f7a41bee12b,52ee59901f3b4de884d7a6720538aed6,2e7836ee5e5144f5b63e6629b969a362
44b22297fb9049d682c5ca2921bfc8fa,fbfaa119f55a477984e42d80498f54d3,41e657daa20545a588584578bdb4101c,25109e3a7df549e5b380aae716d71366,d25e6f2fc8154dd7816f8f7a41bee12b,ec07b4e88bea4086a5eafed96d81edb5,0971af4212484a958eb0f60f93d1dfe0,8d595c7da42545c88052e7b213b6c97c,52ee59901f3b4de884d7a6720538aed6,01bbbf1caa554d94b5decb69cc1add41,590df34aa41f46e9ad13ffc6a98da3b7
115a8b58da1343fd928c9b8e89d40878,41e657daa20545a588584578bdb4101c,fbfaa119f55a477984e42d80498f54d3,25109e3a7df549e5b380aae716d71366,c4e79c8992e54866b0c6f26c55b1a774,70558882c04e46bd99d15e9786468418,0971af4212484a958eb0f60f93d1dfe0,78809cb3c6b841a9b8b132133dd6bb96,3cb231e1167e45f9bf5771a4e0074092,9677dd2a3aae457a8079087ce4177e14,4a3d4daed4b24a1898551f0fd1ba44f1
dcb5bc6262f24669a59aadae1fe8a9c6,41e657daa20545a588584578bdb4101c,fbfaa119f55a477984e42d80498f54d3,25109e3a7df549e5b380aae716d71366,0971af4212484a958eb0f60f93d1dfe0,4a3d4daed4b24a1898551f0fd1ba44f1,52ee59901f3b4de884d7a6720538aed6,70558882c04e46bd99d15e9786468418,3675c688960a4f3b9f82c4ccf4049e93,3356a8a8c6ee4f30bc2b028e360d4471,5a6f4a2f7f6a4b1fa146493472e6d721
16bb236a08d141388ef98f19a4ca335b,57bcda73abab44ee930b20cdaee9d24b,c713a0ca69864ee7b240069c98dc44dc,f65c7f50929f431dbf31b441d87616d0,8889c114b071429cbe2418f5b0f2024b,01ffceddb5b34406a08bb982b424b3cf,feb980ae999948ce9be0266b4ddc048d,0accd1d0138b49049d437c0d9b1c23c3,54e9bbd0093947a3bda5fef48ef7493d,30c71719aed84c07ae21d0eff0deed72,d658e3a743af41899183fecff6b2628d
6bb81302398a41f3a58838ff31bdb0f8,57bcda73abab44ee930b20cdaee9d24b,f65c7f50929f431dbf31b441d87616d0,c713a0ca69864ee7b240069c98dc44dc,feb980ae999948ce9be0266b4ddc048d,0accd1d0138b49049d437c0d9b1c23c3,01ffceddb5b34406a08bb982b424b3cf,8889c114b071429cbe2418f5b0f2024b,54e9bbd0093947a3bda5fef48ef7493d,ff171f0b29974f78b0e81fee30abdd38,30c71719aed84c07ae21d0eff0deed72
efa58554232841b693eb71ccc7417f3d,0accd1d0138b49049d437c0d9b1c23c3,b702b2b61ce048c6bf5af3c4dca18b1a,57bcda73abab44ee930b20cdaee9d24b,878e5c41be5c477e9f660ca361fdd727,d75a52d716984f318f976bbfc7bee787,b3a022950e444682a113cec5a0537f6a,215f3d275db14601a0383885cbaad86e,06b7dd1b701544ac80dd7ca54ed707cf,570f08ce2a1a47978eab16bf7ad16a68,7ef653f7e5f64e1b8bba73b9518b87b7
9b715a377ba548f682027f97bfd90fef,0accd1d0138b49049d437c0d9b1c23c3,b702b2b61ce048c6bf5af3c4dca18b1a,57bcda73abab44ee930b20cdaee9d24b,d75a52d716984f318f976bbfc7bee787,b3a022950e444682a113cec5a0537f6a,06b7dd1b701544ac80dd7ca54ed707cf,215f3d275db14601a0383885cbaad86e,878e5c41be5c477e9f660ca361fdd727,570f08ce2a1a47978eab16bf7ad16a68,7ef653f7e5f64e1b8bba73b9518b87b7
1423a1c6689d4577818b5aa7d4dce019,04d24d1cf42b4f7787d8d300cbad6d50,ef511457ee7c490c8e10eccf6e18fef6,25afb6f7e9314af09008644bca5955b9,bb84a4cf60c84a8d8e23276b1863d293,dd36cc0867b94d55a43b82c1c9a0e95c,b4dadb3ea3a04cc3932094471debce13,bbdf9065122d499d9d8f80ad3e0ef6f3,74de04f31db94a99b757685c91779412,e88ce4cd350f43398a5c0ab8629cee72,7bbe3c76bcc04d73969f920d43fcc67d
dd907a79f4e744e2851eafcd9227e602,dd36cc0867b94d55a43b82c1c9a0e95c,74de04f31db94a99b757685c91779412,04d24d1cf42b4f7787d8d300cbad6d50,ef511457ee7c490c8e10eccf6e18fef6,31a2675a2e944a1ab3b810cfb92ebd34,d0b6e9c1cc5341faba9e03c17767bc2e,5c09482fc8dc45bdbf7919f00dd540e0,bb84a4cf60c84a8d8e23276b1863d293,26b18153216b48d793b75598ddb54d77,67984873125e4a0f9562179c906d1b0f
7c541d4fc72e49c0ab64a3c1d0fd1c08,dd36cc0867b94d55a43b82c1c9a0e95c,74de04f31db94a99b757685c91779412,04d24d1cf42b4f7787d8d300cbad6d50,ef511457ee7c490c8e10eccf6e18fef6,31a2675a2e944a1ab3b810cfb92ebd34,5c09482fc8dc45bdbf7919f00dd540e0,bb84a4cf60c84a8d8e23276b1863d293,1d70bc69b2f84bef9aa5fb0d9917e38d,d0b6e9c1cc5341faba9e03c17767bc2e,eeb3b60f34af40de850e065b475d8180
518c046dd36b449fab3f0ffe249b1282,b83013f4c5524232814efa0f8651867f,898eabaaa1a047e18aecbb1c5a8decbf,7f5b658239034d35b7f4cf1c63cb388c,27fe100af7884932a33bf30f10dacc55,10b152bdafe94db8a93f7c374226a071,beccee3a988f48c1ad207e2380766fa4,ec5fe0d3a2a2426ea4e49a5c0ad44e04,aaab880f032a4e00904cf50566164044,40f040fd5c824c8e8e710af1fdf70b5f,93bf0b86be094f68a9d308ca5ecfb4e3
623639be18e04aeba2e0129efe84aab8,27fe100af7884932a33bf30f10dacc55,b83013f4c5524232814efa0f8651867f,7f5b658239034d35b7f4cf1c63cb388c,898eabaaa1a047e18aecbb1c5a8decbf,051d304b7139431fb3bff19b4e75aff7,a297e08effdf4a69a6c4d79a34a0c6ad,93bf0b86be094f68a9d308ca5ecfb4e3,10b152bdafe94db8a93f7c374226a071,5e199f7727cc4910ad88dbd81ed1ec82,b2b22c673e554db39c8acdbe42687a6d
12c13948584341d6a5e45dde227253f8,b83013f4c5524232814efa0f8651867f,7f5b658239034d35b7f4cf1c63cb388c,898eabaaa1a047e18aecbb1c5a8decbf,27fe100af7884932a33bf30f10dacc55,10b152bdafe94db8a93f7c374226a071,beccee3a988f48c1ad207e2380766fa4,ec5fe0d3a2a2426ea4e49a5c0ad44e04,aaab880f032a4e00904cf50566164044,93bf0b86be094f68a9d308ca5ecfb4e3,40f040fd5c824c8e8e710af1fdf70b5f
4d070f30ba5d4a11b0b78073f47f11a8,27fe100af7884932a33bf30f10dacc55,b83013f4c5524232814efa0f8651867f,7f5b658239034d35b7f4cf1c63cb388c,898eabaaa1a047e18aecbb1c5a8decbf,a297e08effdf4a69a6c4d79a34a0c6ad,10b152bdafe94db8a93f7c374226a071,051d304b7139431fb3bff19b4e75aff7,93bf0b86be094f68a9d308ca5ecfb4e3,5e199f7727cc4910ad88dbd81ed1ec82,aaab880f032a4e00904cf50566164044
a376e7d651454d5490a6836fdcfbb986,c3f66637872c4141ab3898296739457d,1aaf8edc37ea412b85e3d1b5c5317051,ce4fdd5499f8498793c11e586f7da70c,a0b4d283f12a407286dbeaa3a4d128a5,29fb30a75c57451a85f310aa6423a662,6fc7a2cf0684475a82f6ff9be2c8e850,da61d9bc8f024a4aba18d5c3072b7838,1ad0cf33e96243888d5f970195a75586,73f684f538ea452cbb4fbecc2e8126a4,eee7f32249c5452ea36c8ed3a3540010
127639f543af45dba72da3cecff7c65a,ce4fdd5499f8498793c11e586f7da70c,da61d9bc8f024a4aba18d5c3072b7838,13cda6e8f2d948eeb5508288a172e76f,1aaf8edc37ea412b85e3d1b5c5317051,eee7f32249c5452ea36c8ed3a3540010,1ad0cf33e96243888d5f970195a75586,ca1a2a6308834baba3140b5ce8f81320,a0b4d283f12a407286dbeaa3a4d128a5,c3f66637872c4141ab3898296739457d,342aaa81ed004635bbf9cbc2592cd7b6
c91c2c649312417aa86fe0975f437d9f,ce4fdd5499f8498793c11e586f7da70c,da61d9bc8f024a4aba18d5c3072b7838,13cda6e8f2d948eeb5508288a172e76f,1aaf8edc37ea412b85e3d1b5c5317051,eee7f32249c5452ea36c8ed3a3540010,1ad0cf33e96243888d5f970195a75586,ca1a2a6308834baba3140b5ce8f81320,a0b4d283f12a407286dbeaa3a4d128a5,c3f66637872c4141ab3898296739457d,93dc50abd35349f7923100dca2f41002
06975950c6134fdfb4b0ed6a5cf0a50d,1aaf8edc37ea412b85e3d1b5c5317051,ce4fdd5499f8498793c11e586f7da70c,eee7f32249c5452ea36c8ed3a3540010,1ad0cf33e96243888d5f970195a75586,da61d9bc8f024a4aba18d5c3072b7838,a0b4d283f12a407286dbeaa3a4d128a5,ca1a2a6308834baba3140b5ce8f81320,c3f66637872c4141ab3898296739457d,13cda6e8f2d948eeb5508288a172e76f,93dc50abd35349f7923100dca2f41002
8b60f7f0b86c4168ad03970ab04f5e6f,51c6049a18b84ee381d0512e40b67c0e,6b4676aba2a746b3ab778315afc8ee82,66cba49431224a3788f914d6a80165e1,e2769c67dadd4c988f7ccf249a998a56,ee89670285c74e27aa174dadf39fbca7,7879fa4d4db046a2a8d195311b6e5789,a2612682d9854a30a7684c91c8619ec9,b4dadb3ea3a04cc3932094471debce13,25afb6f7e9314af09008644bca5955b9,8fca2e4873e946f7a788af2b846cebd7
514ebe94b40c403482de042102289b46,51c6049a18b84ee381d0512e40b67c0e,6b4676aba2a746b3ab778315afc8ee82,66cba49431224a3788f914d6a80165e1,e2769c67dadd4c988f7ccf249a998a56,ee89670285c74e27aa174dadf39fbca7,a2612682d9854a30a7684c91c8619ec9,7879fa4d4db046a2a8d195311b6e5789,8fca2e4873e946f7a788af2b846cebd7,3e4a54908dde405294869e30a92a7623,5c644b51b1394a7b8fa0a9a6275c422d
543ddcbf2bd941a58120dad59c45ceb0,6b4676aba2a746b3ab778315afc8ee82,51c6049a18b84ee381d0512e40b67c0e,66cba49431224a3788f914d6a80165e1,ee89670285c74e27aa174dadf39fbca7,e2769c67dadd4c988f7ccf249a998a56,7879fa4d4db046a2a8d195311b6e5789,bb84a4cf60c84a8d8e23276b1863d293,4a7fa5a1bafe4b6995e2920444ac07c4,8c7c9eaae41a44a3a4ebe39ce167d300,25afb6f7e9314af09008644bca5955b9
107e548bacc844d38e74d9d3d4c6daef,7226603f024c45c6a6e44b00e52e8aad,f1c9c5051bdd4a11a064260bbb9d6d7b,e12ad1ce8e7940a999b9a4f91a95fab7,8dfe01febd46475ab5aef97033716ce1,f12e9e5805534d719f829332d1ea5d29,daed5458403e49e3aea72f4bcc6dd224,cf7476d6c96b4dcdb6f025b9291eb62b,d695b7afdc3841a28a56df578e56afce,5cf392f15360460bae6a6b0182bb99b9,6866efc8987a4ec8b04b7abd28fb5777
2b96b856fb814e1ea13121869bdfba59,f12e9e5805534d719f829332d1ea5d29,f1c9c5051bdd4a11a064260bbb9d6d7b,daed5458403e49e3aea72f4bcc6dd224,e12ad1ce8e7940a999b9a4f91a95fab7,8dfe01febd46475ab5aef97033716ce1,d695b7afdc3841a28a56df578e56afce,6ea31a945d494834a3d243f1f90af02a,7226603f024c45c6a6e44b00e52e8aad,ccb62901750b4d13a922fc161b607f83,6866efc8987a4ec8b04b7abd28fb5777
b2bd2aeb78c846db8046a83ff0fa2cd1,f12e9e5805534d719f829332d1ea5d29,daed5458403e49e3aea72f4bcc6dd224,f1c9c5051bdd4a11a064260bbb9d6d7b,6ea31a945d494834a3d243f1f90af02a,8dfe01febd46475ab5aef97033716ce1,d695b7afdc3841a28a56df578e56afce,e12ad1ce8e7940a999b9a4f91a95fab7,7226603f024c45c6a6e44b00e52e8aad,69ac8397e9624bfd8aee237b9f9ea3b5,d756970269e9443fb9bbf645a96aa84e
dba7a96eede9465fb56a4f743a85c9c0,7226603f024c45c6a6e44b00e52e8aad,e12ad1ce8e7940a999b9a4f91a95fab7,f1c9c5051bdd4a11a064260bbb9d6d7b,6866efc8987a4ec8b04b7abd28fb5777,f12e9e5805534d719f829332d1ea5d29,d695b7afdc3841a28a56df578e56afce,ccb62901750b4d13a922fc161b607f83,e5a3c8867e44498d9182e8be934e0fce,8dfe01febd46475ab5aef97033716ce1,daed5458403e49e3aea72f4bcc6dd224
95a37fbd9d724d448e13f4ffabbe0274,93dc50abd35349f7923100dca2f41002,eee7f32249c5452ea36c8ed3a3540010,ca1a2a6308834baba3140b5ce8f81320,bce599075dfd4fac8dd78626106e3071,9677dd2a3aae457a8079087ce4177e14,1ad0cf33e96243888d5f970195a75586,13cda6e8f2d948eeb5508288a172e76f,74bd120b8f714d03bc9dd1a703fe4d7f,ce4fdd5499f8498793c11e586f7da70c,63ba014f9cc747ac87013da6be0ceab9
e365a82950b3437a9ffd8bbebb0713a8,93dc50abd35349f7923100dca2f41002,eee7f32249c5452ea36c8ed3a3540010,ca1a2a6308834baba3140b5ce8f81320,1ad0cf33e96243888d5f970195a75586,13cda6e8f2d948eeb5508288a172e76f,ce4fdd5499f8498793c11e586f7da70c,bce599075dfd4fac8dd78626106e3071,da61d9bc8f024a4aba18d5c3072b7838,9677dd2a3aae457a8079087ce4177e14,22d9d5ad33e947fd857c5c4a8b7dfae1
5fe3bf5786b54f9f8d85861573fc9d2f,a0b4d283f12a407286dbeaa3a4d128a5,c3f66637872c4141ab3898296739457d,6fc7a2cf0684475a82f6ff9be2c8e850,1aaf8edc37ea412b85e3d1b5c5317051,ce4fdd5499f8498793c11e586f7da70c,13cda6e8f2d948eeb5508288a172e76f,da61d9bc8f024a4aba18d5c3072b7838,a70909d3ce0d4235913b5ce6a138dcce,eee7f32249c5452ea36c8ed3a3540010,73f684f538ea452cbb4fbecc2e8126a4
be8193e46ed74126aa2fa3bd4d20feb7,8683a3ad55d84a78834fabe20cde5269,4e4495962a9b4864882397042f1a2b3e,78809cb3c6b841a9b8b132133dd6bb96,a5d5fb459a1844088e93ae557ab34afe,cb550e5ff4694fe9a19eaa6588cef250,65e30dd62cfa4dccb9ea4d908a9d6fab,878e5c41be5c477e9f660ca361fdd727,42805d29975b400ea7c570fc45ec4938,059a284910e849efbbc7073b8681409f,d716ea165223433a8d49b93e96989482
0d39327b000c4d44854a7870268edacc,3574ab91c29940b3afc62354ae06b73b,bb5c7d03a54647d08b8c62deeb803271,be42a43f5186434db4f2815f768a9991,36ee1613abf245cdbe93fef69b5f981f,1c2b01416e3943e3b3c575e53c3f1d16,47eb17da319d440aa52da8008c26327a,18ab15fbf00f42f7a410ec75f7592bea,1b827db6f6cf4ecb850928c2f9e41de2,85d4175b563d48e5bc6a991b23662f24,097c30a7f39a4a3abf6da2ca80cad3a5
e0e982cb170f440b970c9d9d1946f9dd,78809cb3c6b841a9b8b132133dd6bb96,4e4495962a9b4864882397042f1a2b3e,8683a3ad55d84a78834fabe20cde5269,65e30dd62cfa4dccb9ea4d908a9d6fab,dd77b570036f40de9fdf49011bb9e2d8,878e5c41be5c477e9f660ca361fdd727,cb550e5ff4694fe9a19eaa6588cef250,3aa003c1e31b476e999c3a808a1d5dc6,b5f237fefb38465bb6a068c9cf75ba31,b6da55bea1244cf0a753b258420946b2
e0249c6a39824516a1c3d7d3d47dfde9,4e4495962a9b4864882397042f1a2b3e,cb550e5ff4694fe9a19eaa6588cef250,8683a3ad55d84a78834fabe20cde5269,78809cb3c6b841a9b8b132133dd6bb96,65e30dd62cfa4dccb9ea4d908a9d6fab,dd77b570036f40de9fdf49011bb9e2d8,878e5c41be5c477e9f660ca361fdd727,b6da55bea1244cf0a753b258420946b2,3aa003c1e31b476e999c3a808a1d5dc6,714e47cd21e5416f864a4bc938850a72
1c0381823ed0499e8e96e4cfd8b9a64a,ff51ca928cd54f4da620c27983e221f8,63eab812f3254cccb9631b09725aec3d,eff24b01b2f5428baa4c3fef6cb40d41,45f4192f485a49d9a75219ae4d0c41ee,89e983dca0a34b768e17b3871b9cea1e,d9ac372330a4446886fa19bac0d19877,ab57f83304bc4005998bbd6bc063fb4f,3675c688960a4f3b9f82c4ccf4049e93,5abf57d57d84440e94d0d2e2ffb37575,e511c40ca6324803b5021e47b4e777f8
2282d8cf50554304ab195b1a53c7d9f3,6dc5832f0ac04df2bd99c6415b3ecf09,6f57d1175ad243edada61643d01fcd54,7ec1584e9a5b49eab9ef249143d9bb86,0bd1cce9370a461089e25393086800a8,01bbbf1caa554d94b5decb69cc1add41,42805d29975b400ea7c570fc45ec4938,df5ca61304074da1bec8f536ab50baf3,d9ac372330a4446886fa19bac0d19877,ec07b4e88bea4086a5eafed96d81edb5,b9228fdb5f0c413d81cffb51829d95c6
c4f8a865ba2744e0b7c4701468c16ca4,6dc5832f0ac04df2bd99c6415b3ecf09,6f57d1175ad243edada61643d01fcd54,590df34aa41f46e9ad13ffc6a98da3b7,b9228fdb5f0c413d81cffb51829d95c6,42805d29975b400ea7c570fc45ec4938,ff51ca928cd54f4da620c27983e221f8,01bbbf1caa554d94b5decb69cc1add41,df5ca61304074da1bec8f536ab50baf3,225818abe99e45a0bf5b0b3ec30db76b,ec07b4e88bea4086a5eafed96d81edb5
2f5d7dabbac54943ab9522573ada0736,db2466dc7da64ac5a2a21c20ace67856,4385ac4645b34f3c8a44c4676ebcd8be,15b7b988bba143989cfd98d5c6c4d203,f9fe93fae6084350b81964d354e2130f,03df72bcf3504272a27f4bbaea89118a,31f80e4c87164e2893375ec7e73b372e,b85d652ba8d244f8ab9e941966094f28,5be48a6bc26044f2a2e4e9b6a223c319,c4e79c8992e54866b0c6f26c55b1a774,664da77d25e74df693eaad44a5e7617f
3d2b131349684742968cd2b214a13f76,590df34aa41f46e9ad13ffc6a98da3b7,225818abe99e45a0bf5b0b3ec30db76b,d9ac372330a4446886fa19bac0d19877,cc243eebbb2b44a581745865a60c423a,f439b5616ba24b7f82eccfa095a0eff8,df5ca61304074da1bec8f536ab50baf3,5abf57d57d84440e94d0d2e2ffb37575,6f57d1175ad243edada61643d01fcd54,cf293392122347a180cf2126f4589acb,fadf133e0e684a24ac79b5fa9515bac2
e542409acd694eab90192399d89ccb4c,4385ac4645b34f3c8a44c4676ebcd8be,15b7b988bba143989cfd98d5c6c4d203,db2466dc7da64ac5a2a21c20ace67856,5be48a6bc26044f2a2e4e9b6a223c319,f9fe93fae6084350b81964d354e2130f,03df72bcf3504272a27f4bbaea89118a,664da77d25e74df693eaad44a5e7617f,c4e79c8992e54866b0c6f26c55b1a774,db620271348d404a9a0b978d96c63f29,f6061b71031b4ddb9384f86c103690a4
317db6fcd5d1443fb6271acc6ec8fe3e,590df34aa41f46e9ad13ffc6a98da3b7,225818abe99e45a0bf5b0b3ec30db76b,d9ac372330a4446886fa19bac0d19877,6f57d1175ad243edada61643d01fcd54,cc243eebbb2b44a581745865a60c423a,df5ca61304074da1bec8f536ab50baf3,f439b5616ba24b7f82eccfa095a0eff8,0bd1cce9370a461089e25393086800a8,7ec1584e9a5b49eab9ef249143d9bb86,fadf133e0e684a24ac79b5fa9515bac2
b0553ed82597421aabe852652c5915d7,d53fa54d5536463ab0d87648dfc5fd78,174581fc299840e18e827432c0cce4dc,5605fa1188974644937bbf92fec50e21,ed4449952a9e45339b76fc5f123cb917,ec07b4e88bea4086a5eafed96d81edb5,eff24b01b2f5428baa4c3fef6cb40d41,f69bf682935e47e1b4c72d237becd13a,99830b8da7c24f909914f7bb167f3ea6,b69c17a10a55494d8caa56c33e8f4a56,7ec1584e9a5b49eab9ef249143d9bb86
8c59bfc1aa7b42cf882806e395ee4fec,d53fa54d5536463ab0d87648dfc5fd78,174581fc299840e18e827432c0cce4dc,5605fa1188974644937bbf92fec50e21,f69bf682935e47e1b4c72d237becd13a,b69c17a10a55494d8caa56c33e8f4a56,ec07b4e88bea4086a5eafed96d81edb5,7ec1584e9a5b49eab9ef249143d9bb86,eff24b01b2f5428baa4c3fef6cb40d41,6f57d1175ad243edada61643d01fcd54,6dc5832f0ac04df2bd99c6415b3ecf09
deb7d97e50b24c63943a8af997d083f8,ec07b4e88bea4086a5eafed96d81edb5,b9228fdb5f0c413d81cffb51829d95c6,6f57d1175ad243edada61643d01fcd54,7ec1584e9a5b49eab9ef249143d9bb86,c756409435634fc48c643a64e73c93ce,d9ac372330a4446886fa19bac0d19877,590df34aa41f46e9ad13ffc6a98da3b7,df5ca61304074da1bec8f536ab50baf3,fadf133e0e684a24ac79b5fa9515bac2,01bbbf1caa554d94b5decb69cc1add41
8ffc24d118e54740a39563141f642fd9,ec07b4e88bea4086a5eafed96d81edb5,b9228fdb5f0c413d81cffb51829d95c6,6f57d1175ad243edada61643d01fcd54,d9ac372330a4446886fa19bac0d19877,7ec1584e9a5b49eab9ef249143d9bb86,590df34aa41f46e9ad13ffc6a98da3b7,c756409435634fc48c643a64e73c93ce,df5ca61304074da1bec8f536ab50baf3,174581fc299840e18e827432c0cce4dc,fadf133e0e684a24ac79b5fa9515bac2
ff75e5d8a9bb46c9b12855ec33529f3f,174581fc299840e18e827432c0cce4dc,d53fa54d5536463ab0d87648dfc5fd78,b69c17a10a55494d8caa56c33e8f4a56,f69bf682935e47e1b4c72d237becd13a,ec07b4e88bea4086a5eafed96d81edb5,268f8ec9f2734029a8e75857db56ccb3,5605fa1188974644937bbf92fec50e21,0d0973762130427eaa2ce9a7a34517db,b585a2970e9f421da236241f603883f2,fb8c2b83e46441c2aaa7c81d3642e2da
c2b4fed7ce5c4e108721e62f2bfbb819,33b5e2ae5ebe4f548bac3a00ab0a59eb,5363ae1c905d4879a63259de4954702e,6c79712e67b54dd0a11d426a91207939,295d0d40791245ff838c73a2aa27d065,2fcf4a04d3654ffb9a5c1dfa3799e4f0,3fce01bbc56d49d39f61cba3d17648f2,e735729c80d84f76a6133c065d5380f8,c713a0ca69864ee7b240069c98dc44dc,30c71719aed84c07ae21d0eff0deed72,cb2505b30d8a4dc086c353cf94424b6d
ab1c9263088b477082ee7d7c6f73b671,33b5e2ae5ebe4f548bac3a00ab0a59eb,5363ae1c905d4879a63259de4954702e,6c79712e67b54dd0a11d426a91207939,295d0d40791245ff838c73a2aa27d065,3fce01bbc56d49d39f61cba3d17648f2,e735729c80d84f76a6133c065d5380f8,30c71719aed84c07ae21d0eff0deed72,c713a0ca69864ee7b240069c98dc44dc,2fcf4a04d3654ffb9a5c1dfa3799e4f0,4926607aafe749538c930e108275547e
54e5b71847024cdaa9fd8a7d3fc3ea03,6c79712e67b54dd0a11d426a91207939,5363ae1c905d4879a63259de4954702e,295d0d40791245ff838c73a2aa27d065,33b5e2ae5ebe4f548bac3a00ab0a59eb,e735729c80d84f76a6133c065d5380f8,3fce01bbc56d49d39f61cba3d17648f2,c713a0ca69864ee7b240069c98dc44dc,2fcf4a04d3654ffb9a5c1dfa3799e4f0,30c71719aed84c07ae21d0eff0deed72,503d2f067a8a4f5798b1c64b07ab0bc5
f124583fb5cc42aa903308e1b43296de,6c79712e67b54dd0a11d426a91207939,5363ae1c905d4879a63259de4954702e,295d0d40791245ff838c73a2aa27d065,33b5e2ae5ebe4f548bac3a00ab0a59eb,3fce01bbc56d49d39f61cba3d17648f2,e735729c80d84f76a6133c065d5380f8,c713a0ca69864ee7b240069c98dc44dc,2fcf4a04d3654ffb9a5c1dfa3799e4f0,30c71719aed84c07ae21d0eff0deed72,cb2505b30d8a4dc086c353cf94424b6d
d97ddb9bd5c8460ab3b3a13992c1f179,0433768f874042a5b2d2e37ad9deae13,f92d16d3a970487094292439c3e00923,a35d7304347a4f81b1ccfb086956921c,2f0401170d104b47b0a8f087f69dee88,7359a1cc20d54f96aeea121d7247b88d,e6afe89ff7bc491193141c057083d8a8,0eb119aabc884795a4768c6d3e677ea1,04fa591263664fb0a6868552ebd3590b,cdd73e0289aa4e2b87cd14e6ff5bd75e,a4af9472683c4df0a86f9400c99c2b61
3bb97a2804c84688a699e6d6b97b5e9d,e6afe89ff7bc491193141c057083d8a8,8746ae2ca7514699b629b4d9b5fe95a7,4c36aafaf38f4e9e9e09991737196fe1,a0408a6462b24cf18e50a8616359d5ad,408ae6a767874fc782467ec2f054ad15,54e9bbd0093947a3bda5fef48ef7493d,70aa10580bfe4069bdaa5721ae2d29db,98fbdf945d0c4206a48a4f7260e56017,8af25c7ae8e14435a6e27a5671968f50,c588868fc3fd4e87a7cddf1ceb00b022
929038d5c3ba4b189fc88a3b127ede72,0433768f874042a5b2d2e37ad9deae13,a35d7304347a4f81b1ccfb086956921c,f92d16d3a970487094292439c3e00923,2f0401170d104b47b0a8f087f69dee88,e6afe89ff7bc491193141c057083d8a8,cdd73e0289aa4e2b87cd14e6ff5bd75e,7359a1cc20d54f96aeea121d7247b88d,0eb119aabc884795a4768c6d3e677ea1,04fa591263664fb0a6868552ebd3590b,50a2129b83404b94889a01f4688ebafd
1d36cd75ee6a4691965cfc6ebdef6a3e,f92d16d3a970487094292439c3e00923,b675be39e8ff421aa59811f146da945b,2f0401170d104b47b0a8f087f69dee88,98fbdf945d0c4206a48a4f7260e56017,724a3f6551e74ad585bdeac9a75fd639,a4af9472683c4df0a86f9400c99c2b61,0433768f874042a5b2d2e37ad9deae13,7359a1cc20d54f96aeea121d7247b88d,0eb119aabc884795a4768c6d3e677ea1,19098957d8c24cab95daa30c2baefd8f
7baf188fc4ed41ba826b499b6d495286,f92d16d3a970487094292439c3e00923,2f0401170d104b47b0a8f087f69dee88,b675be39e8ff421aa59811f146da945b,0433768f874042a5b2d2e37ad9deae13,724a3f6551e74ad585bdeac9a75fd639,0eb119aabc884795a4768c6d3e677ea1,19098957d8c24cab95daa30c2baefd8f,a4af9472683c4df0a86f9400c99c2b61,04fa591263664fb0a6868552ebd3590b,a35d7304347a4f81b1ccfb086956921c
6a314fb4bd0e4c2097e70bd43a81fbb7,797cc520b8c94d9bbef187818ab51647,87fc1d6a57ea488786caaec8599c3b8b,714e47cd21e5416f864a4bc938850a72,a7077a82d2c74518b96fb45e35f6e150,aedd476072b345e9be46ebd7260e93a6,4d0a737f396d4a95808085bd1306746c,d695b7afdc3841a28a56df578e56afce,e12ad1ce8e7940a999b9a4f91a95fab7,ccb62901750b4d13a922fc161b607f83,71d4b4036e594d7399506e6fd9b88063
9ae6df3c8f2549109316a434d1741a53,797cc520b8c94d9bbef187818ab51647,87fc1d6a57ea488786caaec8599c3b8b,714e47cd21e5416f864a4bc938850a72,4d0a737f396d4a95808085bd1306746c,a7077a82d2c74518b96fb45e35f6e150,2070754bb5dd4a248be9c2a6a1a9d381,d695b7afdc3841a28a56df578e56afce,f8e7f9688fd546829da579434180ffee,aedd476072b345e9be46ebd7260e93a6,e12ad1ce8e7940a999b9a4f91a95fab7
2a8e892e4b784abf8fb9fd55fa443335,87fc1d6a57ea488786caaec8599c3b8b,a7077a82d2c74518b96fb45e35f6e150,797cc520b8c94d9bbef187818ab51647,714e47cd21e5416f864a4bc938850a72,aedd476072b345e9be46ebd7260e93a6,e12ad1ce8e7940a999b9a4f91a95fab7,d695b7afdc3841a28a56df578e56afce,ccb62901750b4d13a922fc161b607f83,ca5add3cbf044a95a5bec88a5841ce98,8987ceafff324f9599b842542e37eddd
1ac66b061b80428b8b3758bc6dfa066b,87fc1d6a57ea488786caaec8599c3b8b,797cc520b8c94d9bbef187818ab51647,a7077a82d2c74518b96fb45e35f6e150,714e47cd21e5416f864a4bc938850a72,d695b7afdc3841a28a56df578e56afce,e12ad1ce8e7940a999b9a4f91a95fab7,aedd476072b345e9be46ebd7260e93a6,ccb62901750b4d13a922fc161b607f83,ca5add3cbf044a95a5bec88a5841ce98,4d0a737f396d4a95808085bd1306746c
0d4bb3432ea544988cf3bb308b46c8c8,a297e08effdf4a69a6c4d79a34a0c6ad,5e199f7727cc4910ad88dbd81ed1ec82,b2b22c673e554db39c8acdbe42687a6d,ee337b5c1ef3431e9c120250bfec4cac,93bf0b86be094f68a9d308ca5ecfb4e3,27fe100af7884932a33bf30f10dacc55,1c6bbf19b3d2498696a5baf0f53a0f18,b83013f4c5524232814efa0f8651867f,898eabaaa1a047e18aecbb1c5a8decbf,d37bf09399d848df9a4d880fb097239c
2b4cf2ff830e462d96c8cfbcee5669da,a297e08effdf4a69a6c4d79a34a0c6ad,5e199f7727cc4910ad88dbd81ed1ec82,93bf0b86be094f68a9d308ca5ecfb4e3,b2b22c673e554db39c8acdbe42687a6d,ee337b5c1ef3431e9c120250bfec4cac,27fe100af7884932a33bf30f10dacc55,1c6bbf19b3d2498696a5baf0f53a0f18,b83013f4c5524232814efa0f8651867f,d37bf09399d848df9a4d880fb097239c,898eabaaa1a047e18aecbb1c5a8decbf
2390c8a3de9e49be9617b01f4f21dfa9,ee337b5c1ef3431e9c120250bfec4cac,a297e08effdf4a69a6c4d79a34a0c6ad,051d304b7139431fb3bff19b4e75aff7,b2b22c673e554db39c8acdbe42687a6d,bb6ecabbce1b43d997d00d7acdc95193,7584980704ae4617bb27ca162cc9c5db,1c6bbf19b3d2498696a5baf0f53a0f18,116f6c1f0cb54312986a0a729508a33e,be8953cc364d46cebbcc2c2da2c348ab,b83013f4c5524232814efa0f8651867f
e37905b36c44400c9dc7bc0c71a6db51,0bd1cce9370a461089e25393086800a8,fadf133e0e684a24ac79b5fa9515bac2,6f57d1175ad243edada61643d01fcd54,7ec1584e9a5b49eab9ef249143d9bb86,225818abe99e45a0bf5b0b3ec30db76b,c756409435634fc48c643a64e73c93ce,d9ac372330a4446886fa19bac0d19877,df5ca61304074da1bec8f536ab50baf3,56272326c7e94e419ea8c69fb634f610,f439b5616ba24b7f82eccfa095a0eff8
a9bb430482a1442a958b35a625eecb97,6f57d1175ad243edada61643d01fcd54,7ec1584e9a5b49eab9ef249143d9bb86,0bd1cce9370a461089e25393086800a8,fadf133e0e684a24ac79b5fa9515bac2,ec07b4e88bea4086a5eafed96d81edb5,df5ca61304074da1bec8f536ab50baf3,b9228fdb5f0c413d81cffb51829d95c6,c756409435634fc48c643a64e73c93ce,225818abe99e45a0bf5b0b3ec30db76b,56272326c7e94e419ea8c69fb634f610
62c71ed913414a6f9456293a4c566314,0bd1cce9370a461089e25393086800a8,fadf133e0e684a24ac79b5fa9515bac2,6f57d1175ad243edada61643d01fcd54,7ec1584e9a5b49eab9ef249143d9bb86,df5ca61304074da1bec8f536ab50baf3,225818abe99e45a0bf5b0b3ec30db76b,c756409435634fc48c643a64e73c93ce,56272326c7e94e419ea8c69fb634f610,d9ac372330a4446886fa19bac0d19877,f439b5616ba24b7f82eccfa095a0eff8
c647312353a84341a92cd4486a8b9c3e,6f57d1175ad243edada61643d01fcd54,7ec1584e9a5b49eab9ef249143d9bb86,0bd1cce9370a461089e25393086800a8,fadf133e0e684a24ac79b5fa9515bac2,df5ca61304074da1bec8f536ab50baf3,ec07b4e88bea4086a5eafed96d81edb5,39e2b00e1cbd471488cf56f31d2cec7f,56272326c7e94e419ea8c69fb634f610,d9ac372330a4446886fa19bac0d19877,b9228fdb5f0c413d81cffb51829d95c6
cc3afd20f236454a8f3a9ff08992daab,e96fae6d607246b18b8494aabe521036,29088685e31a4d86b60b514e98117361,d2bcc978e7aa49908919d9fc40138b27,65e52d14d4d64d4fbad3de6ad319e745,f0084465b2e646c9a53d9dc766067d9b,595e438d2b394bb3a3259f47efd37ae8,88353d1136d24836816b073de62e5f50,6732de8994744decbb3306c74aaa7882,60e87368fe334a92b57088b03cccbfc1,e0d8aee46b1d4d998858cd05027251b6
1e1ec51c4cb84f3285f79f7aeb252500,65e52d14d4d64d4fbad3de6ad319e745,e96fae6d607246b18b8494aabe521036,29088685e31a4d86b60b514e98117361,6fbdacd3d8814ea2a13e81ee1ec128f2,88353d1136d24836816b073de62e5f50,d2bcc978e7aa49908919d9fc40138b27,5d5baf5ce88b4b529e28ab9c7c114148,f0084465b2e646c9a53d9dc766067d9b,655a618282cd4fa39a26f0967c033f4b,7aceed0dbea645b091207f4a53d879f2
082920d4f79f4c5eb2e805b195ac3e89,65e52d14d4d64d4fbad3de6ad319e745,29088685e31a4d86b60b514e98117361,e96fae6d607246b18b8494aabe521036,6fbdacd3d8814ea2a13e81ee1ec128f2,88353d1136d24836816b073de62e5f50,d2bcc978e7aa49908919d9fc40138b27,595e438d2b394bb3a3259f47efd37ae8,655a618282cd4fa39a26f0967c033f4b,6252aa87531748e5bac5f6c65fc87e14,7aceed0dbea645b091207f4a53d879f2
759985fc2dc4496abbc7fe23cf71706f,29088685e31a4d86b60b514e98117361,e96fae6d607246b18b8494aabe521036,d2bcc978e7aa49908919d9fc40138b27,f0084465b2e646c9a53d9dc766067d9b,65e52d14d4d64d4fbad3de6ad319e745,595e438d2b394bb3a3259f47efd37ae8,e0d8aee46b1d4d998858cd05027251b6,655a618282cd4fa39a26f0967c033f4b,60e87368fe334a92b57088b03cccbfc1,384f94503bcd4f4c863056ad69f45b43
a1b386e9b08e402dba0d820140ba1a00,29088685e31a4d86b60b514e98117361,e96fae6d607246b18b8494aabe521036,d2bcc978e7aa49908919d9fc40138b27,65e52d14d4d64d4fbad3de6ad319e745,f0084465b2e646c9a53d9dc766067d9b,60e87368fe334a92b57088b03cccbfc1,655a618282cd4fa39a26f0967c033f4b,595e438d2b394bb3a3259f47efd37ae8,452d645d5bf4485185e996dcec9523e5,06a5f0cec6ce4170a02dad0ad4c55b1c
0fed5c48002b4dd1b3ce42653a372fe6,cb2e893276894906976593c3edcb3a5f,fbfaa119f55a477984e42d80498f54d3,d361a9e414fb41c1a605200d9cbba496,34b736136487439389c10cc6bd4e9f4e,8d595c7da42545c88052e7b213b6c97c,2839430464164d5ba00713b42d4d96e4,c4b9d7a8d5d342459d2282589b3af293,4a6eba10a02a4ecdbb6b25e8651c3789,e53dd6188816429ab915de6f9649a026,105ad424733e4cffa7c474b51e3980aa
5b5008e2d4f7492abe1ff44e2e3e754b,cb2e893276894906976593c3edcb3a5f,d361a9e414fb41c1a605200d9cbba496,e53dd6188816429ab915de6f9649a026,c4b9d7a8d5d342459d2282589b3af293,2839430464164d5ba00713b42d4d96e4,e834bfbd30b247e899f0dc029ab9f072,e429a2e164a24919a12edcc8d4ea8f09,fbfaa119f55a477984e42d80498f54d3,105ad424733e4cffa7c474b51e3980aa,7e8a4a43e2f84dbb88e41cb24b3fe79f
8e431e5ca5dd49a8984118e7fb05d12e,2839430464164d5ba00713b42d4d96e4,c4b9d7a8d5d342459d2282589b3af293,e429a2e164a24919a12edcc8d4ea8f09,cb2e893276894906976593c3edcb3a5f,98b2022b2cb84af09ee8b789db928b13,e834bfbd30b247e899f0dc029ab9f072,75801225047a4c019100660c13f1e0f1,ffe2740eee8c49b39b2ce41f9983bcb4,9909a671f7414c19b2727e7d4d4dcf1b,e53dd6188816429ab915de6f9649a026
142af56a899c43098ec79a3f762d09b6,2839430464164d5ba00713b42d4d96e4,c4b9d7a8d5d342459d2282589b3af293,e429a2e164a24919a12edcc8d4ea8f09,cb2e893276894906976593c3edcb3a5f,98b2022b2cb84af09ee8b789db928b13,e834bfbd30b247e899f0dc029ab9f072,75801225047a4c019100660c13f1e0f1,e53dd6188816429ab915de6f9649a026,9909a671f7414c19b2727e7d4d4dcf1b,ffe2740eee8c49b39b2ce41f9983bcb4
9f14363158ef49309f13b2aa0692d2a9,61d2391e8bc548b6bfa08f1ef2a0c47a,d87e5facd03b45f9829e8a1cd0fe0190,0568345606fa4a2c84ed4ea6c74639ee,90b560de76b149c09c7cd6efb3f12cfd,99830b8da7c24f909914f7bb167f3ea6,de6ac628a786435f9925c8cc1d707d6b,c14e45f5201b4038bdddddb238d888a3,268f8ec9f2734029a8e75857db56ccb3,e903085a3f944ad2a41c37306b4e6ab4,033f1514c78b49dd82148b94f6bcbeba
ebd3c9006cf5464190f7a5edca24f0ba,61d2391e8bc548b6bfa08f1ef2a0c47a,d87e5facd03b45f9829e8a1cd0fe0190,de6ac628a786435f9925c8cc1d707d6b,0568345606fa4a2c84ed4ea6c74639ee,90b560de76b149c09c7cd6efb3f12cfd,99830b8da7c24f909914f7bb167f3ea6,30578712823948b086e3781343982938,033f1514c78b49dd82148b94f6bcbeba,268f8ec9f2734029a8e75857db56ccb3,e903085a3f944ad2a41c37306b4e6ab4
0135e10058cf48aa847fa399f62df6f4,90b560de76b149c09c7cd6efb3f12cfd,99830b8da7c24f909914f7bb167f3ea6,61d2391e8bc548b6bfa08f1ef2a0c47a,250d411ae270441085be3501b7b55d86,1aef014473b84ef9a0f799114fe516c9,d25e6f2fc8154dd7816f8f7a41bee12b,7fe9e665bf41491c9788941aa2894a10,db0c3a952e454b90aa4a68feb6a50e87,d87e5facd03b45f9829e8a1cd0fe0190,c14e45f5201b4038bdddddb238d888a3
2e9dbf0f864548ae8bc35b5c0d70934e,b3f8b4bec0164d0e81997b4f5a277e8f,27a67d3e76814297aebf64e03d14c336,c2a665cec90e46db8d2a74389beb4649,e8c8742459dc48a49080bf0e5b3fdee0,52f20bd7eb50430c95f0916727880a1b,7c1126d46a934db6b951d1e98feae327,3f28365e18244eb28cc7d23de8895956,664da77d25e74df693eaad44a5e7617f,03df72bcf3504272a27f4bbaea89118a,cf7476d6c96b4dcdb6f025b9291eb62b
1db84228548c42318f1a33456931f361,c2a665cec90e46db8d2a74389beb4649,e8c8742459dc48a49080bf0e5b3fdee0,b3f8b4bec0164d0e81997b4f5a277e8f,27a67d3e76814297aebf64e03d14c336,7c1126d46a934db6b951d1e98feae327,52f20bd7eb50430c95f0916727880a1b,632cc2bc04034dd4848855fe6497262d,664da77d25e74df693eaad44a5e7617f,6c51b4f57ba0415f994756e944b11cee,9bf3b77eb9874f5f9e006a9cff111ea9
1b5bba6ae5ff4f568094280de0bf2c1b,c2a665cec90e46db8d2a74389beb4649,e8c8742459dc48a49080bf0e5b3fdee0,27a67d3e76814297aebf64e03d14c336,b3f8b4bec0164d0e81997b4f5a277e8f,7c1126d46a934db6b951d1e98feae327,52f20bd7eb50430c95f0916727880a1b,664da77d25e74df693eaad44a5e7617f,03df72bcf3504272a27f4bbaea89118a,3f28365e18244eb28cc7d23de8895956,6c51b4f57ba0415f994756e944b11cee
7265c466b8cf411cb462945d3ceb8145,b3f8b4bec0164d0e81997b4f5a277e8f,27a67d3e76814297aebf64e03d14c336,c2a665cec90e46db8d2a74389beb4649,e8c8742459dc48a49080bf0e5b3fdee0,52f20bd7eb50430c95f0916727880a1b,7c1126d46a934db6b951d1e98feae327,9bf3b77eb9874f5f9e006a9cff111ea9,664da77d25e74df693eaad44a5e7617f,5be48a6bc26044f2a2e4e9b6a223c319,632cc2bc04034dd4848855fe6497262d
bca392563d0a45d594ce43a0c540b7c9,68aefc97056440af874039a28497cf98,86179aff3df24ff59b11e9a34974a3f4,b6da55bea1244cf0a753b258420946b2,b585a2970e9f421da236241f603883f2,8fdee0611965465eb45387b8c39f4136,059a284910e849efbbc7073b8681409f,2d43cf91509846e29ab4febd7781919f,94ed54abfdc74b04b0dcb19c278e66f4,8350ea8cd6514c2c8d7b625abe7e895b,07d869789eda4445a1ecfe59c331db0d
bb39e720d9cf4df1a19e4ab20285bf18,86179aff3df24ff59b11e9a34974a3f4,68aefc97056440af874039a28497cf98,b6da55bea1244cf0a753b258420946b2,b585a2970e9f421da236241f603883f2,2d43cf91509846e29ab4febd7781919f,8fdee0611965465eb45387b8c39f4136,059a284910e849efbbc7073b8681409f,3aa003c1e31b476e999c3a808a1d5dc6,94ed54abfdc74b04b0dcb19c278e66f4,3827ad869b3740278b98db4e65c40e0c
5c427d65b21d4bf387d1885f334834c7,b6da55bea1244cf0a753b258420946b2,86179aff3df24ff59b11e9a34974a3f4,68aefc97056440af874039a28497cf98,78809cb3c6b841a9b8b132133dd6bb96,e59dba65749140f4a1bdaf2695de2fc6,4e4495962a9b4864882397042f1a2b3e,3aa003c1e31b476e999c3a808a1d5dc6,8683a3ad55d84a78834fabe20cde5269,cb550e5ff4694fe9a19eaa6588cef250,eeca68825e2a4bbdaa5ae962998fc33b
141cab6e49204199a8fb74a74fa8165a,68aefc97056440af874039a28497cf98,86179aff3df24ff59b11e9a34974a3f4,b6da55bea1244cf0a753b258420946b2,8fdee0611965465eb45387b8c39f4136,b585a2970e9f421da236241f603883f2,07d869789eda4445a1ecfe59c331db0d,94ed54abfdc74b04b0dcb19c278e66f4,2d43cf91509846e29ab4febd7781919f,059a284910e849efbbc7073b8681409f,3827ad869b3740278b98db4e65c40e0c
7f90d0a672a44046bdf2443f14b82cb9,74bd120b8f714d03bc9dd1a703fe4d7f,9677dd2a3aae457a8079087ce4177e14,e79ae27b52fa4d54aa37735fd275c66e,cc243eebbb2b44a581745865a60c423a,75efe5ddef364f49865d9bb283492b48,df5ca61304074da1bec8f536ab50baf3,f439b5616ba24b7f82eccfa095a0eff8,245212a659504b9b9cdbaf1ab1d040ff,32aaca2a732f4272b237374d3cdeec90,c750a2994555414790abb3281572bb42
06aa6a2cf00d425998b1a815f23a0094,9677dd2a3aae457a8079087ce4177e14,74bd120b8f714d03bc9dd1a703fe4d7f,93dc50abd35349f7923100dca2f41002,ad054da7e1704a53931a341173f0605f,c235728f290a44d6a5fc2e14111ae02e,f1eecad10a61421eb16b1be7435d9c19,48c31b1e2ce94de8968fab433813fa91,bce599075dfd4fac8dd78626106e3071,5a9a716f53364389864a4018d9e9c6c0,1232f20e710b448e8c0538b9e84dab1c
54a2df3aa63a483b8e33322f74c34dbf,9677dd2a3aae457a8079087ce4177e14,74bd120b8f714d03bc9dd1a703fe4d7f,ad054da7e1704a53931a341173f0605f,f1eecad10a61421eb16b1be7435d9c19,93dc50abd35349f7923100dca2f41002,1232f20e710b448e8c0538b9e84dab1c,48c31b1e2ce94de8968fab433813fa91,9db7d32d79024ba6a73c55fde6f55968,c235728f290a44d6a5fc2e14111ae02e,5a9a716f53364389864a4018d9e9c6c0
e2d1cdb4f95c4f47bb20f91e77f469f2,74bd120b8f714d03bc9dd1a703fe4d7f,9677dd2a3aae457a8079087ce4177e14,e79ae27b52fa4d54aa37735fd275c66e,c235728f290a44d6a5fc2e14111ae02e,b33a0f5b564a4942b04046ab7a8e2aae,be70e49b76c24527b4fddfb6b78b6d8d,eafb3480db704d7baa8216ce857d1610,f439b5616ba24b7f82eccfa095a0eff8,ef60b54aa4b5490890da32d0bb8c9cbf,75efe5ddef364f49865d9bb283492b48
4a483247df4540a9badb4a94f17d7760,02641488de414b72b63f62b40200b101,6bedb2d6ace34e18811b7f1206b2d1b0,211ef3181e524685866fb8574d9bf456,a865b8d581b44104afe7c8508e3486f5,b44645c11ece4326a45f50fdc5d45dcf,910827a15eac4e4b9005d8e46ad71f6e,105ad424733e4cffa7c474b51e3980aa,812a1568c77d46e695f8eb7357e24a0e,bdb0d45caa2a4943959f8f501e51132b,2b3ecf8be2b242f3b8a1e714390749fb
ca37d7b02d7542a0bea6535a0d193dbc,6bedb2d6ace34e18811b7f1206b2d1b0,02641488de414b72b63f62b40200b101,211ef3181e524685866fb8574d9bf456,3c0f3b44c0844df49b5898406fe9195a,b44645c11ece4326a45f50fdc5d45dcf,67dd23cfd20f46dc82acc82c108a1dc6,29fb30a75c57451a85f310aa6423a662,59e4dcf2794943b18fb902a6eb475ff8,73f684f538ea452cbb4fbecc2e8126a4,afaf2edba0ee4d58860a5a04e4aabc5c
ada916d5f8044eba9ac39c104e27f797,02641488de414b72b63f62b40200b101,6bedb2d6ace34e18811b7f1206b2d1b0,211ef3181e524685866fb8574d9bf456,67dd23cfd20f46dc82acc82c108a1dc6,b44645c11ece4326a45f50fdc5d45dcf,29fb30a75c57451a85f310aa6423a662,3c0f3b44c0844df49b5898406fe9195a,73f684f538ea452cbb4fbecc2e8126a4,59e4dcf2794943b18fb902a6eb475ff8,812a1568c77d46e695f8eb7357e24a0e
985e9b4be1fa45b19b48cbd6b1d37764,02641488de414b72b63f62b40200b101,6bedb2d6ace34e18811b7f1206b2d1b0,211ef3181e524685866fb8574d9bf456,b44645c11ece4326a45f50fdc5d45dcf,67dd23cfd20f46dc82acc82c108a1dc6,59e4dcf2794943b18fb902a6eb475ff8,29fb30a75c57451a85f310aa6423a662,3c0f3b44c0844df49b5898406fe9195a,812a1568c77d46e695f8eb7357e24a0e,73f684f538ea452cbb4fbecc2e8126a4
7b7e0d3f38a3435a83b8d6fb5aba99ba,f6061b71031b4ddb9384f86c103690a4,812a1568c77d46e695f8eb7357e24a0e,5cf392f15360460bae6a6b0182bb99b9,aedd476072b345e9be46ebd7260e93a6,03df72bcf3504272a27f4bbaea89118a,59e4dcf2794943b18fb902a6eb475ff8,15b7b988bba143989cfd98d5c6c4d203,4d0a737f396d4a95808085bd1306746c,52f20bd7eb50430c95f0916727880a1b,67dd23cfd20f46dc82acc82c108a1dc6
acbc17523c034d799301828aef6ae58f,812a1568c77d46e695f8eb7357e24a0e,f6061b71031b4ddb9384f86c103690a4,5cf392f15360460bae6a6b0182bb99b9,211ef3181e524685866fb8574d9bf456,02641488de414b72b63f62b40200b101,59e4dcf2794943b18fb902a6eb475ff8,03df72bcf3504272a27f4bbaea89118a,67dd23cfd20f46dc82acc82c108a1dc6,3c0f3b44c0844df49b5898406fe9195a,6bedb2d6ace34e18811b7f1206b2d1b0
68f05d38644e4af6a8b6cb1bef20c57a,f6061b71031b4ddb9384f86c103690a4,812a1568c77d46e695f8eb7357e24a0e,5cf392f15360460bae6a6b0182bb99b9,aedd476072b345e9be46ebd7260e93a6,03df72bcf3504272a27f4bbaea89118a,59e4dcf2794943b18fb902a6eb475ff8,4d0a737f396d4a95808085bd1306746c,67dd23cfd20f46dc82acc82c108a1dc6,15b7b988bba143989cfd98d5c6c4d203,29fb30a75c57451a85f310aa6423a662
e34f7090730d4eaa871618aa8bb5627d,5cf392f15360460bae6a6b0182bb99b9,812a1568c77d46e695f8eb7357e24a0e,f6061b71031b4ddb9384f86c103690a4,59e4dcf2794943b18fb902a6eb475ff8,29fb30a75c57451a85f310aa6423a662,67dd23cfd20f46dc82acc82c108a1dc6,03df72bcf3504272a27f4bbaea89118a,211ef3181e524685866fb8574d9bf456,02641488de414b72b63f62b40200b101,52f20bd7eb50430c95f0916727880a1b
aff084577eae48fca44757575b1848bc,812a1568c77d46e695f8eb7357e24a0e,f6061b71031b4ddb9384f86c103690a4,5cf392f15360460bae6a6b0182bb99b9,4d0a737f396d4a95808085bd1306746c,03df72bcf3504272a27f4bbaea89118a,59e4dcf2794943b18fb902a6eb475ff8,02641488de414b72b63f62b40200b101,211ef3181e524685866fb8574d9bf456,67dd23cfd20f46dc82acc82c108a1dc6,aedd476072b345e9be46ebd7260e93a6
f4763c7dac494231ae593878b63b4961,eff24b01b2f5428baa4c3fef6cb40d41,45f4192f485a49d9a75219ae4d0c41ee,3675c688960a4f3b9f82c4ccf4049e93,42805d29975b400ea7c570fc45ec4938,63eab812f3254cccb9631b09725aec3d,7326afe68eb64b63993b3dae022c645d,ff51ca928cd54f4da620c27983e221f8,b52468fc0af2435f9ba91939f72bbf6a,89e983dca0a34b768e17b3871b9cea1e,0592b57e490d4206a3f12eb004a0afe0
adabb6bfc633432cab9ab674c1e0f975,01bbbf1caa554d94b5decb69cc1add41,ec07b4e88bea4086a5eafed96d81edb5,c756409435634fc48c643a64e73c93ce,6f57d1175ad243edada61643d01fcd54,590df34aa41f46e9ad13ffc6a98da3b7,0bd1cce9370a461089e25393086800a8,7ec1584e9a5b49eab9ef249143d9bb86,fadf133e0e684a24ac79b5fa9515bac2,b9228fdb5f0c413d81cffb51829d95c6,225818abe99e45a0bf5b0b3ec30db76b
f9d7f4db082c4389a2bdcc19d6d92cba,01bbbf1caa554d94b5decb69cc1add41,ec07b4e88bea4086a5eafed96d81edb5,6f57d1175ad243edada61643d01fcd54,c756409435634fc48c643a64e73c93ce,590df34aa41f46e9ad13ffc6a98da3b7,7ec1584e9a5b49eab9ef249143d9bb86,0bd1cce9370a461089e25393086800a8,b9228fdb5f0c413d81cffb51829d95c6,fadf133e0e684a24ac79b5fa9515bac2,6dc5832f0ac04df2bd99c6415b3ecf09
32ae3069da404e6f843cbd95fa018a71,eff24b01b2f5428baa4c3fef6cb40d41,3675c688960a4f3b9f82c4ccf4049e93,42805d29975b400ea7c570fc45ec4938,01930613ce7d4a5f90ccf78d1e92a55d,ec07b4e88bea4086a5eafed96d81edb5,c65af18670ea437c8986884645b3afe9,4926607aafe749538c930e108275547e,b52468fc0af2435f9ba91939f72bbf6a,7326afe68eb64b63993b3dae022c645d,ff51ca928cd54f4da620c27983e221f8
605d42bbb0154c76b70114f63b807951,8889c114b071429cbe2418f5b0f2024b,30c71719aed84c07ae21d0eff0deed72,01ffceddb5b34406a08bb982b424b3cf,57bcda73abab44ee930b20cdaee9d24b,0accd1d0138b49049d437c0d9b1c23c3,2fcf4a04d3654ffb9a5c1dfa3799e4f0,4c36aafaf38f4e9e9e09991737196fe1,c713a0ca69864ee7b240069c98dc44dc,e4e12f4711fd41e39075e26cc274df45,54e9bbd0093947a3bda5fef48ef7493d
19805d9c7c944703bb05511bc3145812,30c71719aed84c07ae21d0eff0deed72,8889c114b071429cbe2418f5b0f2024b,01ffceddb5b34406a08bb982b424b3cf,70aa10580bfe4069bdaa5721ae2d29db,8746ae2ca7514699b629b4d9b5fe95a7,57bcda73abab44ee930b20cdaee9d24b,408ae6a767874fc782467ec2f054ad15,33b5e2ae5ebe4f548bac3a00ab0a59eb,5363ae1c905d4879a63259de4954702e,4c36aafaf38f4e9e9e09991737196fe1
4ed65c954d584e13a9e98e27808e0c6a,a94cb58f1ca8456b96e39b5b1ebfb7ea,26e55eb4d910464497d700bfdf5a36ca,2fcf4a04d3654ffb9a5c1dfa3799e4f0,b277101390e1465685ef79bf3519f8d7,17b5eb6fab65476f827dd355b4a20a55,3766b26b53874893ae48693880e1942c,092cb872c8724c7681c50da9c6cfa252,fe363cef357840fcb35f320fe7c27e4e,984058b7165d4c6385bec3c94afa9fb2,8ad1f345ca194b29bde0a924f27b2de5
9d58ebfc8b864b49a9c970a667fff950,30c71719aed84c07ae21d0eff0deed72,8889c114b071429cbe2418f5b0f2024b,01ffceddb5b34406a08bb982b424b3cf,70aa10580bfe4069bdaa5721ae2d29db,8746ae2ca7514699b629b4d9b5fe95a7,408ae6a767874fc782467ec2f054ad15,57bcda73abab44ee930b20cdaee9d24b,33b5e2ae5ebe4f548bac3a00ab0a59eb,4c36aafaf38f4e9e9e09991737196fe1,5363ae1c905d4879a63259de4954702e
5e1395d13dc84b8abd6f0452e25b3a7f,8889c114b071429cbe2418f5b0f2024b,30c71719aed84c07ae21d0eff0deed72,2fcf4a04d3654ffb9a5c1dfa3799e4f0,d658e3a743af41899183fecff6b2628d,c713a0ca69864ee7b240069c98dc44dc,cb550e5ff4694fe9a19eaa6588cef250,e4e12f4711fd41e39075e26cc274df45,57bcda73abab44ee930b20cdaee9d24b,3aa003c1e31b476e999c3a808a1d5dc6,01ffceddb5b34406a08bb982b424b3cf
df7a79cf083f40ca846761b9760fc72f,e343a998f4df4ac195c84e0fb571a393,f37d285ad0de42f0b1546d0d1acfb221,9948a890ef25479e834f70944cb42eae,67dd23cfd20f46dc82acc82c108a1dc6,0ecfdd96e0054841883acba75e83b232,b52468fc0af2435f9ba91939f72bbf6a,01930613ce7d4a5f90ccf78d1e92a55d,ca0fe2dd97434e2ca7aecc38d4f1fcd9,7d0190486da540718e4dc4ca4bd1f573,7fe9e665bf41491c9788941aa2894a10
489108f0d3474ebb97eeace77d5bcece,e343a998f4df4ac195c84e0fb571a393,9948a890ef25479e834f70944cb42eae,f37d285ad0de42f0b1546d0d1acfb221,67dd23cfd20f46dc82acc82c108a1dc6,7d0190486da540718e4dc4ca4bd1f573,01bbbf1caa554d94b5decb69cc1add41,ca0fe2dd97434e2ca7aecc38d4f1fcd9,0ecfdd96e0054841883acba75e83b232,211ef3181e524685866fb8574d9bf456,d476be2399b7424a88d242b771c32041
9cd6d1191c914787875042fd76df0c35,8746ae2ca7514699b629b4d9b5fe95a7,408ae6a767874fc782467ec2f054ad15,70aa10580bfe4069bdaa5721ae2d29db,a0408a6462b24cf18e50a8616359d5ad,54e9bbd0093947a3bda5fef48ef7493d,4c36aafaf38f4e9e9e09991737196fe1,e6afe89ff7bc491193141c057083d8a8,44156e6482884acaaee1938e04d8b6ff,8af25c7ae8e14435a6e27a5671968f50,7d3d751215194e649a03457226f599d7
77f7e4ffce974b33ab54c80177a1c9c0,a0408a6462b24cf18e50a8616359d5ad,54e9bbd0093947a3bda5fef48ef7493d,4c36aafaf38f4e9e9e09991737196fe1,408ae6a767874fc782467ec2f054ad15,8746ae2ca7514699b629b4d9b5fe95a7,70aa10580bfe4069bdaa5721ae2d29db,e6afe89ff7bc491193141c057083d8a8,3bd43a42811048e3b7a7d9740bdb1971,e4ee90d625d44a6d9adc138390eef0f8,dcfb738ebbc24f09bb680fe3a52b702e
27af2d56825b4ded843852cb1cbe3494,8746ae2ca7514699b629b4d9b5fe95a7,408ae6a767874fc782467ec2f054ad15,70aa10580bfe4069bdaa5721ae2d29db,54e9bbd0093947a3bda5fef48ef7493d,a0408a6462b24cf18e50a8616359d5ad,4c36aafaf38f4e9e9e09991737196fe1,8af25c7ae8e14435a6e27a5671968f50,e6afe89ff7bc491193141c057083d8a8,dcfb738ebbc24f09bb680fe3a52b702e,21019944fc2c4838a682a6dcdc62c4ef
7a09c2cc2bcd4fbb8b083d6f02a88232,a0408a6462b24cf18e50a8616359d5ad,4c36aafaf38f4e9e9e09991737196fe1,54e9bbd0093947a3bda5fef48ef7493d,408ae6a767874fc782467ec2f054ad15,8746ae2ca7514699b629b4d9b5fe95a7,e6afe89ff7bc491193141c057083d8a8,70aa10580bfe4069bdaa5721ae2d29db,3bd43a42811048e3b7a7d9740bdb1971,dcfb738ebbc24f09bb680fe3a52b702e,7d6cdff8c9ac434196df803628fe9f62
c0ff951246c54333b756315834f32971,f8856799293e49feab6368e794eb8b00,563043f180e54e238ad4876974e5db4c,91f9f8576e5142a49926bd623b0bc19c,632cc2bc04034dd4848855fe6497262d,119a6d7b4af3458b951fc1c5ab5e1738,4152360a4bea4cbbbfbe45ff3bf7f62b,938147b72e9540da8513910871e0830a,7e8a4a43e2f84dbb88e41cb24b3fe79f,de72d25d08da4b03ac6f6411ce30e07c,bc607fd6000b43108e49b3d05688fe90
7d8239bb435749bdaaba93674e4c0b98,632cc2bc04034dd4848855fe6497262d,f8856799293e49feab6368e794eb8b00,119a6d7b4af3458b951fc1c5ab5e1738,91f9f8576e5142a49926bd623b0bc19c,babbeca1f6a244a2a11ea77a3855e70f,8a9dc60359ba49cd8ac170cfb4ac3913,563043f180e54e238ad4876974e5db4c,a9573f188204436090fb4a5240e4eccd,938147b72e9540da8513910871e0830a,27a67d3e76814297aebf64e03d14c336
ae918c8fd007427fbc53dbaff23eddbe,632cc2bc04034dd4848855fe6497262d,f8856799293e49feab6368e794eb8b00,91f9f8576e5142a49926bd623b0bc19c,119a6d7b4af3458b951fc1c5ab5e1738,babbeca1f6a244a2a11ea77a3855e70f,8a9dc60359ba49cd8ac170cfb4ac3913,563043f180e54e238ad4876974e5db4c,938147b72e9540da8513910871e0830a,27a67d3e76814297aebf64e03d14c336,e8c8742459dc48a49080bf0e5b3fdee0
b30bc5f593ba46bc8b6fa26692576484,babbeca1f6a244a2a11ea77a3855e70f,a9573f188204436090fb4a5240e4eccd,632cc2bc04034dd4848855fe6497262d,91f9f8576e5142a49926bd623b0bc19c,119a6d7b4af3458b951fc1c5ab5e1738,938147b72e9540da8513910871e0830a,f8856799293e49feab6368e794eb8b00,8a9dc60359ba49cd8ac170cfb4ac3913,c1d504dfeded4b8bb3c07777b7c7abde,f5b766ea6abe4b5fb27d49cc3bc06020
91d18daf6bae44789d31014e55bdf5b2,91f9f8576e5142a49926bd623b0bc19c,563043f180e54e238ad4876974e5db4c,632cc2bc04034dd4848855fe6497262d,de72d25d08da4b03ac6f6411ce30e07c,f8856799293e49feab6368e794eb8b00,119a6d7b4af3458b951fc1c5ab5e1738,511fe9c8b20b4fda94969745238c9474,4152360a4bea4cbbbfbe45ff3bf7f62b,f69bf682935e47e1b4c72d237becd13a,9909a671f7414c19b2727e7d4d4dcf1b
8b8fe37d85da4a28a5c27452a42435e6,4d5cbe57c3094d01843e4f950a280b50,0b57f893483647c3aed811775a4c4c04,ba8d0208e32e42969bd4349cf24f6ed1,baad022010b44fad8d8410869d909fd1,a055f8188384479a8bad418f7dffd9a5,f2cfa68a47ce4a43a0fe1cc7dc860418,da14e9dc2c3d4963b725de8102de5028,f8e7f9688fd546829da579434180ffee,2070754bb5dd4a248be9c2a6a1a9d381,d9096650c434432c871effeca9acd5c6
a222b9dea1384b57ad0fae45ff950737,0b57f893483647c3aed811775a4c4c04,4d5cbe57c3094d01843e4f950a280b50,ba8d0208e32e42969bd4349cf24f6ed1,f2cfa68a47ce4a43a0fe1cc7dc860418,da14e9dc2c3d4963b725de8102de5028,2070754bb5dd4a248be9c2a6a1a9d381,baad022010b44fad8d8410869d909fd1,f8e7f9688fd546829da579434180ffee,d9096650c434432c871effeca9acd5c6,a055f8188384479a8bad418f7dffd9a5
043d64050fe145349300b95379966923,2070754bb5dd4a248be9c2a6a1a9d381,f2cfa68a47ce4a43a0fe1cc7dc860418,baad022010b44fad8d8410869d909fd1,f8e7f9688fd546829da579434180ffee,da14e9dc2c3d4963b725de8102de5028,a055f8188384479a8bad418f7dffd9a5,4d5cbe57c3094d01843e4f950a280b50,f7f600880b064920ab59b907d26aedc6,0b57f893483647c3aed811775a4c4c04,d9096650c434432c871effeca9acd5c6
ab8935721e0240089dafee6f408c220a,a055f8188384479a8bad418f7dffd9a5,da14e9dc2c3d4963b725de8102de5028,d9096650c434432c871effeca9acd5c6,f8e7f9688fd546829da579434180ffee,ba8d0208e32e42969bd4349cf24f6ed1,0b57f893483647c3aed811775a4c4c04,baad022010b44fad8d8410869d909fd1,4d5cbe57c3094d01843e4f950a280b50,2070754bb5dd4a248be9c2a6a1a9d381,f2cfa68a47ce4a43a0fe1cc7dc860418
00d0f767535a4289833325887d72e3d2,2070754bb5dd4a248be9c2a6a1a9d381,f2cfa68a47ce4a43a0fe1cc7dc860418,f8e7f9688fd546829da579434180ffee,baad022010b44fad8d8410869d909fd1,4d5cbe57c3094d01843e4f950a280b50,da14e9dc2c3d4963b725de8102de5028,a055f8188384479a8bad418f7dffd9a5,0b57f893483647c3aed811775a4c4c04,f7f600880b064920ab59b907d26aedc6,d9096650c434432c871effeca9acd5c6
1d0c8e601ffb4534a871d984ad842a4f,a055f8188384479a8bad418f7dffd9a5,da14e9dc2c3d4963b725de8102de5028,f8e7f9688fd546829da579434180ffee,4d5cbe57c3094d01843e4f950a280b50,ba8d0208e32e42969bd4349cf24f6ed1,baad022010b44fad8d8410869d909fd1,d9096650c434432c871effeca9acd5c6,f2cfa68a47ce4a43a0fe1cc7dc860418,0b57f893483647c3aed811775a4c4c04,2070754bb5dd4a248be9c2a6a1a9d381
ebd87dca48ae4df38943cc6f9b4f2912,5c8a8b7a59c54b9aa7b7136fd91b5869,8fca2e4873e946f7a788af2b846cebd7,da88fa5efc674368b593444ca950dff9,aaab880f032a4e00904cf50566164044,40f040fd5c824c8e8e710af1fdf70b5f,b33a0f5b564a4942b04046ab7a8e2aae,beccee3a988f48c1ad207e2380766fa4,85d4175b563d48e5bc6a991b23662f24,ca1a2a6308834baba3140b5ce8f81320,a2612682d9854a30a7684c91c8619ec9
558c6735b6104bc98ca4b2db381640fe,8fca2e4873e946f7a788af2b846cebd7,5c8a8b7a59c54b9aa7b7136fd91b5869,da88fa5efc674368b593444ca950dff9,b33a0f5b564a4942b04046ab7a8e2aae,85d4175b563d48e5bc6a991b23662f24,a2612682d9854a30a7684c91c8619ec9,7f0a68d19d2e4850846ffc08c47ed87d,e2769c67dadd4c988f7ccf249a998a56,ca1a2a6308834baba3140b5ce8f81320,aaab880f032a4e00904cf50566164044
6064cb0ed7d64bde866fe6ad42b6ede6,5c8a8b7a59c54b9aa7b7136fd91b5869,8fca2e4873e946f7a788af2b846cebd7,da88fa5efc674368b593444ca950dff9,b33a0f5b564a4942b04046ab7a8e2aae,aaab880f032a4e00904cf50566164044,40f040fd5c824c8e8e710af1fdf70b5f,a2612682d9854a30a7684c91c8619ec9,85d4175b563d48e5bc6a991b23662f24,beccee3a988f48c1ad207e2380766fa4,ca1a2a6308834baba3140b5ce8f81320
cf344978d7a04303b41fa8b37a18c300,8fca2e4873e946f7a788af2b846cebd7,5c8a8b7a59c54b9aa7b7136fd91b5869,da88fa5efc674368b593444ca950dff9,85d4175b563d48e5bc6a991b23662f24,a2612682d9854a30a7684c91c8619ec9,b33a0f5b564a4942b04046ab7a8e2aae,e2769c67dadd4c988f7ccf249a998a56,5c644b51b1394a7b8fa0a9a6275c422d,039a871609044cb1b69f70c082fe61d8,51c6049a18b84ee381d0512e40b67c0e
e8f38f28c61d4444ba078fe27ebcbc24,9094e936e13641cc9bfcc7dc1408d86e,e79ae27b52fa4d54aa37735fd275c66e,3c1b91a23b694da1973dbc5f75f2f3ed,eb21a4e2b7bd43efbdf0c365415e7fef,19593c97fef0474dbe6051e28338f1e9,cf293392122347a180cf2126f4589acb,ffc5805e29a74be0a55b40318aa321d7,8dfe01febd46475ab5aef97033716ce1,f69dcaceb6074ddebfe1dc7e5978fcff,4e7ee74be72a461fa02fa61bee62bdcc
4ec003b24cdc4b138166c6b304000312,f65b6fb5b40a49d1896de7a115469d40,9094e936e13641cc9bfcc7dc1408d86e,26869cc099c44c4a86f6043476ab4890,c3502ff31ce6459a96164c934f297562,e3854d75221c4e38879a6106bb5c1941,02a3cd76ce534d188b4d5ac4778bd652,ca544e6629b14e8fab5f7cb40d1ac88e,43464ed6733f4642a0b90e7d995a5e40,b90d74e80c37486eaee89b6fbab13671,8d595c7da42545c88052e7b213b6c97c
7a0163f3c4484730b1f7324ebf67cd09,9094e936e13641cc9bfcc7dc1408d86e,e79ae27b52fa4d54aa37735fd275c66e,3c1b91a23b694da1973dbc5f75f2f3ed,eb21a4e2b7bd43efbdf0c365415e7fef,ffc5805e29a74be0a55b40318aa321d7,df7ea50171af48df81584ab7e8107d15,19593c97fef0474dbe6051e28338f1e9,8dfe01febd46475ab5aef97033716ce1,cf293392122347a180cf2126f4589acb,4e7ee74be72a461fa02fa61bee62bdcc
4950b6a47e8e44f8bbb0aac7868f4b36,4e7ee74be72a461fa02fa61bee62bdcc,45e440d874a54bb591862ff441114cd3,d9b70c4ed8bb4fc5957ecebf102528ee,df7ea50171af48df81584ab7e8107d15,5605fa1188974644937bbf92fec50e21,eee7f32249c5452ea36c8ed3a3540010,e4fcd30261804b089efa940359057ba2,c78547bdc2e64ac8935559f7de2efd41,9094e936e13641cc9bfcc7dc1408d86e,d65e3a3657ae455e954b6d7221afc84c
4c620d71caf444eb9f723cc29094dcc2,772cb9726861451d9972604da6f65c55,189a3b686ad14c24b5e1a495f76dd239,9909a671f7414c19b2727e7d4d4dcf1b,fa190e42ce5a47c99bcaa76138dbc615,b00b2395b49949508fade89bb3eac98b,2c3599a1611644f4908562f8fb8870d3,b8da01ceddcb45a491a288ddbc658e90,e86a0aae846a4e44bf967ab4972c977c,7d5c0a2bfccf4255a43d9bd0f84a6d3a,1578afd6ce694d46ab6e24f965f51fd6
1852c13dfd984c51bfb11e6364bf47ba,189a3b686ad14c24b5e1a495f76dd239,772cb9726861451d9972604da6f65c55,dd9e8283197b473d8ffd502561bdaaec,7d5c0a2bfccf4255a43d9bd0f84a6d3a,fa190e42ce5a47c99bcaa76138dbc615,b8da01ceddcb45a491a288ddbc658e90,1578afd6ce694d46ab6e24f965f51fd6,a9d82bb43410405ca21b44a5e82e22b6,e4fcd30261804b089efa940359057ba2,d65e3a3657ae455e954b6d7221afc84c
0e088d9c189b42fba49c31c41949bba8,bf789f42ccfc42c5a330a3f6e30ddb83,37ae696e40dd42ebb4738722daa3c523,c750a2994555414790abb3281572bb42,cd764fbfae774d068af7549c648a02c9,0092d1d820c64646b8bee9fd14f77acf,b8995466f0eb4e7ba141e23216e8b974,b2992fe473124dd0b895cf81f59f6db6,2ea3b46262e649f79900258cd90cce31,02e1d712f37e428c998f72e7a7eeb1e6,64fc9fe3c8d5424ebc005e5cf4a608db
46422438d0644a1cb590332f27fe002e,bf789f42ccfc42c5a330a3f6e30ddb83,37ae696e40dd42ebb4738722daa3c523,cd764fbfae774d068af7549c648a02c9,c750a2994555414790abb3281572bb42,b8995466f0eb4e7ba141e23216e8b974,0092d1d820c64646b8bee9fd14f77acf,43ee0103cba54b4e9d165717735ca0f6,2ea3b46262e649f79900258cd90cce31,5e2f1a45f7174f1aa39a194179985876,02e1d712f37e428c998f72e7a7eeb1e6
968aaed29a304ba7b1a1990450602307,37ae696e40dd42ebb4738722daa3c523,bf789f42ccfc42c5a330a3f6e30ddb83,02e1d712f37e428c998f72e7a7eeb1e6,b2992fe473124dd0b895cf81f59f6db6,cd764fbfae774d068af7549c648a02c9,c750a2994555414790abb3281572bb42,64fc9fe3c8d5424ebc005e5cf4a608db,5e2f1a45f7174f1aa39a194179985876,20297482a5014732a843c9fdafba548e,b8995466f0eb4e7ba141e23216e8b974
f3e1733712aa449e916483279ed84027,bf789f42ccfc42c5a330a3f6e30ddb83,37ae696e40dd42ebb4738722daa3c523,c750a2994555414790abb3281572bb42,0092d1d820c64646b8bee9fd14f77acf,b8995466f0eb4e7ba141e23216e8b974,cd764fbfae774d068af7549c648a02c9,43ee0103cba54b4e9d165717735ca0f6,c66c6f1449d44728a2ef72de53dd6d5e,2ea3b46262e649f79900258cd90cce31,64fc9fe3c8d5424ebc005e5cf4a608db
4fa08d976269478fa124bfa62b83982f,66cba49431224a3788f914d6a80165e1,ee89670285c74e27aa174dadf39fbca7,6b4676aba2a746b3ab778315afc8ee82,51c6049a18b84ee381d0512e40b67c0e,e2769c67dadd4c988f7ccf249a998a56,7879fa4d4db046a2a8d195311b6e5789,434551fdf9e443ed91679a9557ae6fd5,bb84a4cf60c84a8d8e23276b1863d293,3e4a54908dde405294869e30a92a7623,2c65a898314b42e6b2e93dca66fd15c2
d9a90abcdd1d474ba4dc176d544afc6e,66cba49431224a3788f914d6a80165e1,ee89670285c74e27aa174dadf39fbca7,6b4676aba2a746b3ab778315afc8ee82,51c6049a18b84ee381d0512e40b67c0e,e2769c67dadd4c988f7ccf249a998a56,7879fa4d4db046a2a8d195311b6e5789,d2a03ea4b2d3439ca3dc6fe056ab0f04,bb84a4cf60c84a8d8e23276b1863d293,434551fdf9e443ed91679a9557ae6fd5,3e4a54908dde405294869e30a92a7623
a340c00c29c84c2e841e61bba8c9b67b,bc13c2b0221744a29a8ddf56aa015df9,e511c40ca6324803b5021e47b4e777f8,b40d3c588ad647ff85e397a6bc5f9d8b,89e983dca0a34b768e17b3871b9cea1e,c78547bdc2e64ac8935559f7de2efd41,9460474d89704a68aaa6ccb62310ae3d,99a52c93a3304ec18dab9206f98f2a8b,643fbbdd6b764ba9904a4ee67a86b9fd,ca0fe2dd97434e2ca7aecc38d4f1fcd9,7326afe68eb64b63993b3dae022c645d
ee8c72e038f140a5bc9cb4770711253a,ca0fe2dd97434e2ca7aecc38d4f1fcd9,c78547bdc2e64ac8935559f7de2efd41,bc13c2b0221744a29a8ddf56aa015df9,5f481b07f9734f518a14853831233b78,c588868fc3fd4e87a7cddf1ceb00b022,89e983dca0a34b768e17b3871b9cea1e,b52468fc0af2435f9ba91939f72bbf6a,7326afe68eb64b63993b3dae022c645d,b40d3c588ad647ff85e397a6bc5f9d8b,ad42c467d0fe43dbb328073f9a16bc4d
fcf7329cd9b742bd82f6e3c42cb5139d,bc13c2b0221744a29a8ddf56aa015df9,89e983dca0a34b768e17b3871b9cea1e,c78547bdc2e64ac8935559f7de2efd41,99a52c93a3304ec18dab9206f98f2a8b,e511c40ca6324803b5021e47b4e777f8,b40d3c588ad647ff85e397a6bc5f9d8b,9460474d89704a68aaa6ccb62310ae3d,ca0fe2dd97434e2ca7aecc38d4f1fcd9,643fbbdd6b764ba9904a4ee67a86b9fd,7326afe68eb64b63993b3dae022c645d
1a24459300a447d3a68d04bf7b154891,99a52c93a3304ec18dab9206f98f2a8b,89e983dca0a34b768e17b3871b9cea1e,b3209c60460a437294e2b30a9e9d3f53,e511c40ca6324803b5021e47b4e777f8,b40d3c588ad647ff85e397a6bc5f9d8b,643fbbdd6b764ba9904a4ee67a86b9fd,bc13c2b0221744a29a8ddf56aa015df9,7326afe68eb64b63993b3dae022c645d,c78547bdc2e64ac8935559f7de2efd41,ab57f83304bc4005998bbd6bc063fb4f
37cd8f1e7c334f42965941e69fac45d7,7326afe68eb64b63993b3dae022c645d,99a52c93a3304ec18dab9206f98f2a8b,b40d3c588ad647ff85e397a6bc5f9d8b,89e983dca0a34b768e17b3871b9cea1e,e511c40ca6324803b5021e47b4e777f8,ab57f83304bc4005998bbd6bc063fb4f,b52468fc0af2435f9ba91939f72bbf6a,b3209c60460a437294e2b30a9e9d3f53,bc13c2b0221744a29a8ddf56aa015df9,9daaefe080b34656a0c7a54d2d6a1713
e6c222899c8948ca8776d43041023512,b77d8b7bb0114c379139d280a9210e83,6c874292dbcc49ff8bb8bbe5643593a5,70558882c04e46bd99d15e9786468418,daed5458403e49e3aea72f4bcc6dd224,8dfe01febd46475ab5aef97033716ce1,9c69642fab6749848e7ea7f5406a6da4,6ea31a945d494834a3d243f1f90af02a,cc243eebbb2b44a581745865a60c423a,9094e936e13641cc9bfcc7dc1408d86e,d756970269e9443fb9bbf645a96aa84e
406a4cc04a7b4bf1bedba252a370170a,6c874292dbcc49ff8bb8bbe5643593a5,d756970269e9443fb9bbf645a96aa84e,b77d8b7bb0114c379139d280a9210e83,daed5458403e49e3aea72f4bcc6dd224,9c69642fab6749848e7ea7f5406a6da4,19a124c6dad14a4fa7864463b081009c,c65af18670ea437c8986884645b3afe9,1027a336232c4454a9c4ae450a562788,6ea31a945d494834a3d243f1f90af02a,69ac8397e9624bfd8aee237b9f9ea3b5
9536a093de5c454f8107c944fdbc4de0,b77d8b7bb0114c379139d280a9210e83,6c874292dbcc49ff8bb8bbe5643593a5,70558882c04e46bd99d15e9786468418,d756970269e9443fb9bbf645a96aa84e,daed5458403e49e3aea72f4bcc6dd224,9c69642fab6749848e7ea7f5406a6da4,4a6eba10a02a4ecdbb6b25e8651c3789,1f3cf50fe1f947d8a56e02ebca441c4c,590df34aa41f46e9ad13ffc6a98da3b7,eafb3480db704d7baa8216ce857d1610
ee26c03d830d424ba086d493237a5c76,6c874292dbcc49ff8bb8bbe5643593a5,b77d8b7bb0114c379139d280a9210e83,70558882c04e46bd99d15e9786468418,8d595c7da42545c88052e7b213b6c97c,9c69642fab6749848e7ea7f5406a6da4,590df34aa41f46e9ad13ffc6a98da3b7,daed5458403e49e3aea72f4bcc6dd224,4a6eba10a02a4ecdbb6b25e8651c3789,d756970269e9443fb9bbf645a96aa84e,1f3cf50fe1f947d8a56e02ebca441c4c
f3ab568e4b5948f9ac5e94ddaf848ef1,051d304b7139431fb3bff19b4e75aff7,27fe100af7884932a33bf30f10dacc55,291130c42a884be2800e026bab5ddf53,b83013f4c5524232814efa0f8651867f,db620271348d404a9a0b978d96c63f29,b2b22c673e554db39c8acdbe42687a6d,7584980704ae4617bb27ca162cc9c5db,7f5b658239034d35b7f4cf1c63cb388c,a297e08effdf4a69a6c4d79a34a0c6ad,1c6bbf19b3d2498696a5baf0f53a0f18
72711fdab1134c6c884778196c514a78,dbf0926f9f344f1d88b114660db4d2eb,2ece45504eff42469c104dc2a2d03caf,6f8d80f8673144dfa7a4e09190442ab3,aa082284f9894b5aa210c179d59999b1,6b7b5d28293d4a5a8075f7f7dd231ddb,db620271348d404a9a0b978d96c63f29,2c8eafa0ff26437a862dc2224ab57073,051d304b7139431fb3bff19b4e75aff7,4e22dc65beb7450b9260cf27e50919e4,5e44915237fc4445b54b037e1c4e29a4
b40b5c9909d84456806fed5c7fb41ff3,051d304b7139431fb3bff19b4e75aff7,291130c42a884be2800e026bab5ddf53,7584980704ae4617bb27ca162cc9c5db,db620271348d404a9a0b978d96c63f29,27fe100af7884932a33bf30f10dacc55,4e22dc65beb7450b9260cf27e50919e4,be8953cc364d46cebbcc2c2da2c348ab,ec4820b018a04967a457a9c032a51dc6,e06d08ff594a4acbac12edf579743fcf,f335a944a27a4504a82ecf70c2d4a5e4
4fd6e570dc5a4e03bbe54c468c9a570c,9909a671f7414c19b2727e7d4d4dcf1b,191b01e1728e4583a8ead5a86db27370,9460474d89704a68aaa6ccb62310ae3d,e8f18e4bdf054390a1768978dca8e430,b23a9c50eada4286a4f7ce8668b92db1,ad42c467d0fe43dbb328073f9a16bc4d,9daaefe080b34656a0c7a54d2d6a1713,7d0190486da540718e4dc4ca4bd1f573,c78547bdc2e64ac8935559f7de2efd41,b40d3c588ad647ff85e397a6bc5f9d8b
af888c70b0554578b1511b9ccc3a13af,e8f18e4bdf054390a1768978dca8e430,9909a671f7414c19b2727e7d4d4dcf1b,999a2b52a5004ee984e587d5a1327b23,c4b9d7a8d5d342459d2282589b3af293,2839430464164d5ba00713b42d4d96e4,d25e6f2fc8154dd7816f8f7a41bee12b,19b81e71e7f04ebcbfade9daa899ed3d,444fa28d9ed54c82a522699041eae592,7862a63720b34104abf5bfa44bc8178d,250d411ae270441085be3501b7b55d86
47b057e77a1148e08d82607a8ba8b64b,e8f18e4bdf054390a1768978dca8e430,999a2b52a5004ee984e587d5a1327b23,d25e6f2fc8154dd7816f8f7a41bee12b,3f1c2bb09c4e4400b6ba19542fafce18,01bbbf1caa554d94b5decb69cc1add41,b3209c60460a437294e2b30a9e9d3f53,7862a63720b34104abf5bfa44bc8178d,2e7836ee5e5144f5b63e6629b969a362,7326afe68eb64b63993b3dae022c645d,9460474d89704a68aaa6ccb62310ae3d
d004772f2bcb4290817f8a5eaf8e089e,9909a671f7414c19b2727e7d4d4dcf1b,191b01e1728e4583a8ead5a86db27370,772cb9726861451d9972604da6f65c55,0592b57e490d4206a3f12eb004a0afe0,19b81e71e7f04ebcbfade9daa899ed3d,c4b9d7a8d5d342459d2282589b3af293,c2a665cec90e46db8d2a74389beb4649,f8856799293e49feab6368e794eb8b00,e429a2e164a24919a12edcc8d4ea8f09,9460474d89704a68aaa6ccb62310ae3d
c5cd895ffe7143f7b76b9704dd73a0e1,e8c8742459dc48a49080bf0e5b3fdee0,27a67d3e76814297aebf64e03d14c336,c2a665cec90e46db8d2a74389beb4649,b3f8b4bec0164d0e81997b4f5a277e8f,52f20bd7eb50430c95f0916727880a1b,7c1126d46a934db6b951d1e98feae327,ca5add3cbf044a95a5bec88a5841ce98,664da77d25e74df693eaad44a5e7617f,632cc2bc04034dd4848855fe6497262d,cf7476d6c96b4dcdb6f025b9291eb62b
4fdf4fbcd0c942659a768bc44c26e36b,27a67d3e76814297aebf64e03d14c336,e8c8742459dc48a49080bf0e5b3fdee0,c2a665cec90e46db8d2a74389beb4649,b3f8b4bec0164d0e81997b4f5a277e8f,9bf3b77eb9874f5f9e006a9cff111ea9,52f20bd7eb50430c95f0916727880a1b,7c1126d46a934db6b951d1e98feae327,632cc2bc04034dd4848855fe6497262d,664da77d25e74df693eaad44a5e7617f,4e22dc65beb7450b9260cf27e50919e4
e713b8481db84ce48754efe4036cb367,27a67d3e76814297aebf64e03d14c336,e8c8742459dc48a49080bf0e5b3fdee0,c2a665cec90e46db8d2a74389beb4649,b3f8b4bec0164d0e81997b4f5a277e8f,52f20bd7eb50430c95f0916727880a1b,7c1126d46a934db6b951d1e98feae327,9bf3b77eb9874f5f9e006a9cff111ea9,664da77d25e74df693eaad44a5e7617f,632cc2bc04034dd4848855fe6497262d,ca5add3cbf044a95a5bec88a5841ce98
2c6a9ad5618343c3af68eb2b03c705ca,4c293487c809486585d65ed10b2cb1e4,67984873125e4a0f9562179c906d1b0f,5c644b51b1394a7b8fa0a9a6275c422d,a2612682d9854a30a7684c91c8619ec9,e2769c67dadd4c988f7ccf249a998a56,2c82919b038847fabbf5d13ca5ac55a7,f32f4607b4714e378831f924c5e6084d,09f4970dfe684b809bc0959fb62f41bf,86f59bd78b424260b0cf356f2f9ae734,ca544e6629b14e8fab5f7cb40d1ac88e
a140cb170b604376817a046b5c07af44,67984873125e4a0f9562179c906d1b0f,4c293487c809486585d65ed10b2cb1e4,5c644b51b1394a7b8fa0a9a6275c422d,a2612682d9854a30a7684c91c8619ec9,ca544e6629b14e8fab5f7cb40d1ac88e,e2769c67dadd4c988f7ccf249a998a56,2c82919b038847fabbf5d13ca5ac55a7,0842a796c09b4089933a4f27e4e5e3bc,5c8a8b7a59c54b9aa7b7136fd91b5869,bb84a4cf60c84a8d8e23276b1863d293
0b381fa026434777872d3b9ac3c227cd,e2769c67dadd4c988f7ccf249a998a56,a2612682d9854a30a7684c91c8619ec9,51c6049a18b84ee381d0512e40b67c0e,5c644b51b1394a7b8fa0a9a6275c422d,4c293487c809486585d65ed10b2cb1e4,3e4a54908dde405294869e30a92a7623,66cba49431224a3788f914d6a80165e1,2c82919b038847fabbf5d13ca5ac55a7,6b4676aba2a746b3ab778315afc8ee82,67984873125e4a0f9562179c906d1b0f
125d9c4bb335433bb1a04d677002207c,664da77d25e74df693eaad44a5e7617f,59e4dcf2794943b18fb902a6eb475ff8,03df72bcf3504272a27f4bbaea89118a,b85d652ba8d244f8ab9e941966094f28,31f80e4c87164e2893375ec7e73b372e,c4e79c8992e54866b0c6f26c55b1a774,52f20bd7eb50430c95f0916727880a1b,4385ac4645b34f3c8a44c4676ebcd8be,15b7b988bba143989cfd98d5c6c4d203,016e634d566b49c199d07357aae9bf33
dc06b2fc4efd4a42ae957e86afc762c4,59e4dcf2794943b18fb902a6eb475ff8,664da77d25e74df693eaad44a5e7617f,03df72bcf3504272a27f4bbaea89118a,b44645c11ece4326a45f50fdc5d45dcf,52f20bd7eb50430c95f0916727880a1b,3c0f3b44c0844df49b5898406fe9195a,b85d652ba8d244f8ab9e941966094f28,5cf392f15360460bae6a6b0182bb99b9,f6061b71031b4ddb9384f86c103690a4,67dd23cfd20f46dc82acc82c108a1dc6
ee46cf904fbc4ddfae1da60297817b48,03df72bcf3504272a27f4bbaea89118a,59e4dcf2794943b18fb902a6eb475ff8,664da77d25e74df693eaad44a5e7617f,f6061b71031b4ddb9384f86c103690a4,52f20bd7eb50430c95f0916727880a1b,b85d652ba8d244f8ab9e941966094f28,5cf392f15360460bae6a6b0182bb99b9,812a1568c77d46e695f8eb7357e24a0e,15b7b988bba143989cfd98d5c6c4d203,31f80e4c87164e2893375ec7e73b372e
2d078fc2891f4628914aa44ba8603a04,59e4dcf2794943b18fb902a6eb475ff8,03df72bcf3504272a27f4bbaea89118a,664da77d25e74df693eaad44a5e7617f,52f20bd7eb50430c95f0916727880a1b,b44645c11ece4326a45f50fdc5d45dcf,5cf392f15360460bae6a6b0182bb99b9,3c0f3b44c0844df49b5898406fe9195a,b85d652ba8d244f8ab9e941966094f28,f6061b71031b4ddb9384f86c103690a4,812a1568c77d46e695f8eb7357e24a0e
e394d55c1e79420f832b2aabb8a96d39,03df72bcf3504272a27f4bbaea89118a,59e4dcf2794943b18fb902a6eb475ff8,664da77d25e74df693eaad44a5e7617f,52f20bd7eb50430c95f0916727880a1b,f6061b71031b4ddb9384f86c103690a4,5cf392f15360460bae6a6b0182bb99b9,812a1568c77d46e695f8eb7357e24a0e,15b7b988bba143989cfd98d5c6c4d203,b85d652ba8d244f8ab9e941966094f28,31f80e4c87164e2893375ec7e73b372e
946d71a18f264ed887f55c1a9a2ffc4d,26b18153216b48d793b75598ddb54d77,4a7fa5a1bafe4b6995e2920444ac07c4,e88ce4cd350f43398a5c0ab8629cee72,7bbe3c76bcc04d73969f920d43fcc67d,25afb6f7e9314af09008644bca5955b9,b4dadb3ea3a04cc3932094471debce13,88353d1136d24836816b073de62e5f50,8c7c9eaae41a44a3a4ebe39ce167d300,e2e0c8c96aff4c00896ac6986bbb20c2,b834c0b0c10b471b87ad3f11468de619
e89b67fc618f4ccc84877eb31c645e09,26b18153216b48d793b75598ddb54d77,4a7fa5a1bafe4b6995e2920444ac07c4,e88ce4cd350f43398a5c0ab8629cee72,7bbe3c76bcc04d73969f920d43fcc67d,25afb6f7e9314af09008644bca5955b9,b4dadb3ea3a04cc3932094471debce13,88353d1136d24836816b073de62e5f50,8c7c9eaae41a44a3a4ebe39ce167d300,e2e0c8c96aff4c00896ac6986bbb20c2,b834c0b0c10b471b87ad3f11468de619
bc267c43ca1f44febd9e7093727ef543,4a7fa5a1bafe4b6995e2920444ac07c4,26b18153216b48d793b75598ddb54d77,b4dadb3ea3a04cc3932094471debce13,7bbe3c76bcc04d73969f920d43fcc67d,e88ce4cd350f43398a5c0ab8629cee72,25afb6f7e9314af09008644bca5955b9,8c7c9eaae41a44a3a4ebe39ce167d300,88353d1136d24836816b073de62e5f50,b834c0b0c10b471b87ad3f11468de619,5c644b51b1394a7b8fa0a9a6275c422d
01ac8202a1f44b648edeaa48d9b3be1c,4a7fa5a1bafe4b6995e2920444ac07c4,26b18153216b48d793b75598ddb54d77,7bbe3c76bcc04d73969f920d43fcc67d,b4dadb3ea3a04cc3932094471debce13,e88ce4cd350f43398a5c0ab8629cee72,88353d1136d24836816b073de62e5f50,25afb6f7e9314af09008644bca5955b9,8c7c9eaae41a44a3a4ebe39ce167d300,b834c0b0c10b471b87ad3f11468de619,7879fa4d4db046a2a8d195311b6e5789
3f6590287d024cde9a430ca74bf005c7,8a464aa9e2ee45d0abc7ae6181cd1bda,8c674a7b65e24114a45dd3c861a7ccfc,2939ef012c5c4a1b94b49df9469dfb3c,6fc7a2cf0684475a82f6ff9be2c8e850,dd9e8283197b473d8ffd502561bdaaec,00fb3a55134242769182c520d55681a2,0a61f52258f643b6a6436a1ec234e197,1a0ac2d40cb04ca993e1db68d787728a,cf290994a83e4909aec30077477b9d04,b425f33c33ad4be89a12da266d131a86
c293e0f7c0da40049992e9ce791370db,2939ef012c5c4a1b94b49df9469dfb3c,d7c9dafddaf547159d366dacf7b68a7e,8a464aa9e2ee45d0abc7ae6181cd1bda,0a61f52258f643b6a6436a1ec234e197,b626eb67c2e14afeae2846bb150976f3,21eb9f06dd834a108d816efdf3aca8dc,8c674a7b65e24114a45dd3c861a7ccfc,11e1e3cdfe214385a2c24d0f957dde9b,189a3b686ad14c24b5e1a495f76dd239,1a0ac2d40cb04ca993e1db68d787728a
30cf83c6a107496a894c8ee50f9b6941,2939ef012c5c4a1b94b49df9469dfb3c,8a464aa9e2ee45d0abc7ae6181cd1bda,d7c9dafddaf547159d366dacf7b68a7e,189a3b686ad14c24b5e1a495f76dd239,8c674a7b65e24114a45dd3c861a7ccfc,0a61f52258f643b6a6436a1ec234e197,b98519f97e424c1389f5553f0869b15a,b626eb67c2e14afeae2846bb150976f3,c24e3823376b436c8eb46eaeebbc7718,fa190e42ce5a47c99bcaa76138dbc615
0cf92dcb9bc94f0697e76d4ccdd96aea,8a464aa9e2ee45d0abc7ae6181cd1bda,8c674a7b65e24114a45dd3c861a7ccfc,2939ef012c5c4a1b94b49df9469dfb3c,b425f33c33ad4be89a12da266d131a86,1a0ac2d40cb04ca993e1db68d787728a,cb32ec9a538a4c0f8462771946ced93b,dd9e8283197b473d8ffd502561bdaaec,00fb3a55134242769182c520d55681a2,6fc7a2cf0684475a82f6ff9be2c8e850,cf290994a83e4909aec30077477b9d04
0defb2dd1f4e42b8867d78c68c45bf69,14ca42308d3141fba50b774042144343,cb32ec9a538a4c0f8462771946ced93b,b425f33c33ad4be89a12da266d131a86,1a0ac2d40cb04ca993e1db68d787728a,796eade2ee4f466781d9f6669db43e48,a70909d3ce0d4235913b5ce6a138dcce,a0b4d283f12a407286dbeaa3a4d128a5,e86a0aae846a4e44bf967ab4972c977c,c588868fc3fd4e87a7cddf1ceb00b022,2c3599a1611644f4908562f8fb8870d3
7e165023b13a4ea89bb41b86336ed275,7f0b453cc8c14156802497f5cbae9d62,b7f5c165ea2242709a2fb71f3a3f1bcb,673aee19895b4d339ada93213d8874ac,e59dba65749140f4a1bdaf2695de2fc6,07d869789eda4445a1ecfe59c331db0d,761a3a01495143f0a86beac4234cae3a,4285b02dc9164cb9bae36b0566bb42f0,a8904adcdd21495f890bc614bfdbf86f,db69f22fe72246ea85d33991961a649a,00614d60b3544ba790dfd23dd53992e0
bbd916e845d14857ad0f48dd4693ed85,673aee19895b4d339ada93213d8874ac,e59dba65749140f4a1bdaf2695de2fc6,7f0b453cc8c14156802497f5cbae9d62,b7f5c165ea2242709a2fb71f3a3f1bcb,4285b02dc9164cb9bae36b0566bb42f0,9a500a20b1ff4694acc31339a8d1349e,761a3a01495143f0a86beac4234cae3a,ae3f42d57b3046a3821026173286a43e,07d869789eda4445a1ecfe59c331db0d,4c67cc7a1ccc496db132636e3f4853a2
e74837fbb60c42a4a65d86d1568b4649,b7f5c165ea2242709a2fb71f3a3f1bcb,e59dba65749140f4a1bdaf2695de2fc6,7f0b453cc8c14156802497f5cbae9d62,673aee19895b4d339ada93213d8874ac,07d869789eda4445a1ecfe59c331db0d,4285b02dc9164cb9bae36b0566bb42f0,3827ad869b3740278b98db4e65c40e0c,9a500a20b1ff4694acc31339a8d1349e,a8904adcdd21495f890bc614bfdbf86f,13aca0959cc948cabeee0d7255f55a65
13f2026fed26452685621e4b5e90c497,db2466dc7da64ac5a2a21c20ace67856,f9fe93fae6084350b81964d354e2130f,4385ac4645b34f3c8a44c4676ebcd8be,b85d652ba8d244f8ab9e941966094f28,c2a665cec90e46db8d2a74389beb4649,15b7b988bba143989cfd98d5c6c4d203,52f20bd7eb50430c95f0916727880a1b,664da77d25e74df693eaad44a5e7617f,59e4dcf2794943b18fb902a6eb475ff8,c4e79c8992e54866b0c6f26c55b1a774
a3a3c4b19635404cace83ff7b80a1679,db2466dc7da64ac5a2a21c20ace67856,f9fe93fae6084350b81964d354e2130f,c36ef11228124c438ed3256c9822b03d,9909a671f7414c19b2727e7d4d4dcf1b,bc607fd6000b43108e49b3d05688fe90,4385ac4645b34f3c8a44c4676ebcd8be,72a7e2ce22d045efbdbbab9c68f5d026,27a67d3e76814297aebf64e03d14c336,52f20bd7eb50430c95f0916727880a1b,c4e79c8992e54866b0c6f26c55b1a774
72772d2296a24491b21db0cf0ffec2cc,4385ac4645b34f3c8a44c4676ebcd8be,15b7b988bba143989cfd98d5c6c4d203,5be48a6bc26044f2a2e4e9b6a223c319,db2466dc7da64ac5a2a21c20ace67856,b85d652ba8d244f8ab9e941966094f28,31f80e4c87164e2893375ec7e73b372e,03df72bcf3504272a27f4bbaea89118a,c4e79c8992e54866b0c6f26c55b1a774,f9fe93fae6084350b81964d354e2130f,69ac8397e9624bfd8aee237b9f9ea3b5
3c36c01d06db430891436e7338519629,4385ac4645b34f3c8a44c4676ebcd8be,15b7b988bba143989cfd98d5c6c4d203,5be48a6bc26044f2a2e4e9b6a223c319,db2466dc7da64ac5a2a21c20ace67856,b85d652ba8d244f8ab9e941966094f28,f9fe93fae6084350b81964d354e2130f,03df72bcf3504272a27f4bbaea89118a,31f80e4c87164e2893375ec7e73b372e,c4e79c8992e54866b0c6f26c55b1a774,f6061b71031b4ddb9384f86c103690a4
27f5e7c9028741ea99cbf424d87b7f8f,15b7b988bba143989cfd98d5c6c4d203,4385ac4645b34f3c8a44c4676ebcd8be,5be48a6bc26044f2a2e4e9b6a223c319,db2466dc7da64ac5a2a21c20ace67856,f6061b71031b4ddb9384f86c103690a4,03df72bcf3504272a27f4bbaea89118a,59e4dcf2794943b18fb902a6eb475ff8,5cf392f15360460bae6a6b0182bb99b9,a055f8188384479a8bad418f7dffd9a5,664da77d25e74df693eaad44a5e7617f
1ff1f628d46c4fffbf9a44323220d682,b2bcb4d9456c4763a0159ffd1f3660bb,cb2505b30d8a4dc086c353cf94424b6d,71c1a8479b194efca65b44fb7f327afb,77ce0587a12b46bab8814225ba86753e,514537782f6549c488a1b932939b4128,39e2b00e1cbd471488cf56f31d2cec7f,feb980ae999948ce9be0266b4ddc048d,04fa591263664fb0a6868552ebd3590b,1419b2c686f44896a0ae2a43e93b5402,0433768f874042a5b2d2e37ad9deae13
d12ab20387aa452093121c89f55faef6,cb2505b30d8a4dc086c353cf94424b6d,b2bcb4d9456c4763a0159ffd1f3660bb,77ce0587a12b46bab8814225ba86753e,097f2ce3b88c4d008488b9908076497e,feb980ae999948ce9be0266b4ddc048d,b585a2970e9f421da236241f603883f2,71c1a8479b194efca65b44fb7f327afb,7d3d751215194e649a03457226f599d7,04fa591263664fb0a6868552ebd3590b,724a3f6551e74ad585bdeac9a75fd639
cf7d4b9d3c9c4789b84574f7294511e4,b2bcb4d9456c4763a0159ffd1f3660bb,cb2505b30d8a4dc086c353cf94424b6d,71c1a8479b194efca65b44fb7f327afb,77ce0587a12b46bab8814225ba86753e,26e55eb4d910464497d700bfdf5a36ca,a94cb58f1ca8456b96e39b5b1ebfb7ea,feb980ae999948ce9be0266b4ddc048d,04fa591263664fb0a6868552ebd3590b,1419b2c686f44896a0ae2a43e93b5402,39e2b00e1cbd471488cf56f31d2cec7f
ebadbbba9888428c97cd7f6f9d614d2b,cb2505b30d8a4dc086c353cf94424b6d,b2bcb4d9456c4763a0159ffd1f3660bb,77ce0587a12b46bab8814225ba86753e,097f2ce3b88c4d008488b9908076497e,23199e1859544647893a97ea365c5c83,26e55eb4d910464497d700bfdf5a36ca,b585a2970e9f421da236241f603883f2,71c1a8479b194efca65b44fb7f327afb,724a3f6551e74ad585bdeac9a75fd639,a94cb58f1ca8456b96e39b5b1ebfb7ea
3ef127b149d24d42a5b4d73a369daeba,8fdee0611965465eb45387b8c39f4136,059a284910e849efbbc7073b8681409f,d658e3a743af41899183fecff6b2628d,249c2d8d8d2345c6990b3c4d94385b5a,68aefc97056440af874039a28497cf98,07d869789eda4445a1ecfe59c331db0d,3d3e8565d2f84e0cad5ae622f2909765,6bde760ad5d4485db9889b1bdc074005,fc430b7683934be2aba12468b2409bb8,eabdd2813a954f9aa01f0eb8212ee387
86cc05a71e4440cba336690dfa0149ac,8fdee0611965465eb45387b8c39f4136,059a284910e849efbbc7073b8681409f,249c2d8d8d2345c6990b3c4d94385b5a,68aefc97056440af874039a28497cf98,d658e3a743af41899183fecff6b2628d,3d3e8565d2f84e0cad5ae622f2909765,fc430b7683934be2aba12468b2409bb8,b585a2970e9f421da236241f603883f2,8c7c9eaae41a44a3a4ebe39ce167d300,0bd1cce9370a461089e25393086800a8
dda93eeaef8c4891aa99f6851955606e,3aa003c1e31b476e999c3a808a1d5dc6,65e30dd62cfa4dccb9ea4d908a9d6fab,cffbff4deb374fcf850c679899c6e3f8,dd77b570036f40de9fdf49011bb9e2d8,eeca68825e2a4bbdaa5ae962998fc33b,78809cb3c6b841a9b8b132133dd6bb96,86179aff3df24ff59b11e9a34974a3f4,8683a3ad55d84a78834fabe20cde5269,878e5c41be5c477e9f660ca361fdd727,84ff5144597241bba5cbd3d0b21d220d
1c7e49f7fcc1484593f48dc107e63996,65e30dd62cfa4dccb9ea4d908a9d6fab,3aa003c1e31b476e999c3a808a1d5dc6,dd77b570036f40de9fdf49011bb9e2d8,78809cb3c6b841a9b8b132133dd6bb96,8683a3ad55d84a78834fabe20cde5269,4e4495962a9b4864882397042f1a2b3e,2d43cf91509846e29ab4febd7781919f,878e5c41be5c477e9f660ca361fdd727,86179aff3df24ff59b11e9a34974a3f4,39a08a87897f47d3bdbbdc5ed8c9cd7f
01b3be2b5b2f4891ad053f74f427514b,3aa003c1e31b476e999c3a808a1d5dc6,65e30dd62cfa4dccb9ea4d908a9d6fab,cffbff4deb374fcf850c679899c6e3f8,dd77b570036f40de9fdf49011bb9e2d8,eeca68825e2a4bbdaa5ae962998fc33b,78809cb3c6b841a9b8b132133dd6bb96,86179aff3df24ff59b11e9a34974a3f4,8683a3ad55d84a78834fabe20cde5269,68aefc97056440af874039a28497cf98,b5f237fefb38465bb6a068c9cf75ba31
6da229c88f574b79a9aa35557565a86e,4230775a9d51448396cacb9061f0e5f9,fc70a4c2c4834e0eba1a14470f563b03,bb6ecabbce1b43d997d00d7acdc95193,afac6ae28fac41dabae96696990c5555,8c5f38853679436ba434b6a696e43168,af648fa7ac6c4c50a246de470329cd83,fe363cef357840fcb35f320fe7c27e4e,716a15d66b63424a8068da89e75733b4,a8904adcdd21495f890bc614bfdbf86f,d7618b61a65a4bc1a0d0f2cc1bddc448
692f47ec6a394c83acb7708bfd6c7c96,fc70a4c2c4834e0eba1a14470f563b03,4230775a9d51448396cacb9061f0e5f9,af648fa7ac6c4c50a246de470329cd83,afac6ae28fac41dabae96696990c5555,bb6ecabbce1b43d997d00d7acdc95193,d7618b61a65a4bc1a0d0f2cc1bddc448,8c5f38853679436ba434b6a696e43168,716a15d66b63424a8068da89e75733b4,b01fd4d037a84a7aa777e1fc345c73c5,a8904adcdd21495f890bc614bfdbf86f
f880dd7555534b77bb131f2d6fa4ab37,4230775a9d51448396cacb9061f0e5f9,fc70a4c2c4834e0eba1a14470f563b03,bb6ecabbce1b43d997d00d7acdc95193,afac6ae28fac41dabae96696990c5555,8c5f38853679436ba434b6a696e43168,716a15d66b63424a8068da89e75733b4,af648fa7ac6c4c50a246de470329cd83,a8904adcdd21495f890bc614bfdbf86f,fe363cef357840fcb35f320fe7c27e4e,d7618b61a65a4bc1a0d0f2cc1bddc448
fc88a18e8b6343d3a58e4aab7a84620b,fc70a4c2c4834e0eba1a14470f563b03,4230775a9d51448396cacb9061f0e5f9,af648fa7ac6c4c50a246de470329cd83,afac6ae28fac41dabae96696990c5555,8c5f38853679436ba434b6a696e43168,bb6ecabbce1b43d997d00d7acdc95193,b01fd4d037a84a7aa777e1fc345c73c5,d7618b61a65a4bc1a0d0f2cc1bddc448,716a15d66b63424a8068da89e75733b4,a8904adcdd21495f890bc614bfdbf86f
b715f62fa2f14ddeb98cb30d9c54339d,3b7d56c26da14b3a9b1cd52b5b35891b,9ffa09a2b9bd4da0ba98fc537ca68802,1004b33e3126472faa78e1929ed974e6,9aca522158f443fd8a9caaec38ae5e2c,0228b1e9e3244da3a727930123ba7bda,f2077addeb6142c8b3540916522126e8,c5486d5e31084ee797da0ebdacb17abc,022e16490d1949b9ab2fc1de5a837031,7c061d36393540b49e20d98086bdb5bd,56272326c7e94e419ea8c69fb634f610
07cc561ef3f04e93a701b6919ee81175,0228b1e9e3244da3a727930123ba7bda,f2077addeb6142c8b3540916522126e8,c5486d5e31084ee797da0ebdacb17abc,9aca522158f443fd8a9caaec38ae5e2c,9ffa09a2b9bd4da0ba98fc537ca68802,1004b33e3126472faa78e1929ed974e6,3b7d56c26da14b3a9b1cd52b5b35891b,7c061d36393540b49e20d98086bdb5bd,022e16490d1949b9ab2fc1de5a837031,56272326c7e94e419ea8c69fb634f610
cb80f73ab9454fa798342057923edd40,3b7d56c26da14b3a9b1cd52b5b35891b,1004b33e3126472faa78e1929ed974e6,9ffa09a2b9bd4da0ba98fc537ca68802,9aca522158f443fd8a9caaec38ae5e2c,0228b1e9e3244da3a727930123ba7bda,f2077addeb6142c8b3540916522126e8,c5486d5e31084ee797da0ebdacb17abc,022e16490d1949b9ab2fc1de5a837031,7c061d36393540b49e20d98086bdb5bd,56272326c7e94e419ea8c69fb634f610
c7fdef440d9345c6b34634ef46754490,415641aa43724ed9bc4710302b77edc3,f4b7e6e902e344859cb041126b69ce3c,4c67cc7a1ccc496db132636e3f4853a2,ae3f42d57b3046a3821026173286a43e,11e9586d6c7a443c8025278f8ef53b6d,75bf181ea5dc490e95d364a5f5c7af1d,7c1126d46a934db6b951d1e98feae327,0e8487b2e6a2439b9e6623a1e2e5e19d,3f28365e18244eb28cc7d23de8895956,be9e713988ba4bbba869885cad419259
f94bc288e76b4781b013d419ca5295b2,f4b7e6e902e344859cb041126b69ce3c,415641aa43724ed9bc4710302b77edc3,4c67cc7a1ccc496db132636e3f4853a2,0e8487b2e6a2439b9e6623a1e2e5e19d,ae3f42d57b3046a3821026173286a43e,11e9586d6c7a443c8025278f8ef53b6d,75bf181ea5dc490e95d364a5f5c7af1d,3f28365e18244eb28cc7d23de8895956,be9e713988ba4bbba869885cad419259,7c1126d46a934db6b951d1e98feae327
c6a1eb4b8cc74dc0a3d818ef10b1b04e,415641aa43724ed9bc4710302b77edc3,f4b7e6e902e344859cb041126b69ce3c,4c67cc7a1ccc496db132636e3f4853a2,ae3f42d57b3046a3821026173286a43e,11e9586d6c7a443c8025278f8ef53b6d,0e8487b2e6a2439b9e6623a1e2e5e19d,7c1126d46a934db6b951d1e98feae327,3f28365e18244eb28cc7d23de8895956,8dfd98bb97584157b207e1f4be471a8e,be9e713988ba4bbba869885cad419259
f34c07d2f2ad4b4fb027ab3f4c68bffd,f4b7e6e902e344859cb041126b69ce3c,415641aa43724ed9bc4710302b77edc3,4c67cc7a1ccc496db132636e3f4853a2,ae3f42d57b3046a3821026173286a43e,11e9586d6c7a443c8025278f8ef53b6d,0e8487b2e6a2439b9e6623a1e2e5e19d,8dfd98bb97584157b207e1f4be471a8e,be9e713988ba4bbba869885cad419259,b7f5c165ea2242709a2fb71f3a3f1bcb,7c1126d46a934db6b951d1e98feae327
bd6f2e8af94548da8676de16a6853e69,d87e5facd03b45f9829e8a1cd0fe0190,0568345606fa4a2c84ed4ea6c74639ee,250d411ae270441085be3501b7b55d86,c14e45f5201b4038bdddddb238d888a3,db0c3a952e454b90aa4a68feb6a50e87,fb8c2b83e46441c2aaa7c81d3642e2da,268f8ec9f2734029a8e75857db56ccb3,e903085a3f944ad2a41c37306b4e6ab4,22d9d5ad33e947fd857c5c4a8b7dfae1,e0ff5d4ae0ec4871a49041d550cdcaa9
af596599aa804ad2bbe10c2ddf0b3e34,0568345606fa4a2c84ed4ea6c74639ee,d87e5facd03b45f9829e8a1cd0fe0190,c14e45f5201b4038bdddddb238d888a3,db0c3a952e454b90aa4a68feb6a50e87,250d411ae270441085be3501b7b55d86,e903085a3f944ad2a41c37306b4e6ab4,fb8c2b83e46441c2aaa7c81d3642e2da,268f8ec9f2734029a8e75857db56ccb3,61d2391e8bc548b6bfa08f1ef2a0c47a,e0ff5d4ae0ec4871a49041d550cdcaa9
680120b1438b42a3acd998a7e00f02ef,d87e5facd03b45f9829e8a1cd0fe0190,0568345606fa4a2c84ed4ea6c74639ee,c14e45f5201b4038bdddddb238d888a3,268f8ec9f2734029a8e75857db56ccb3,250d411ae270441085be3501b7b55d86,db0c3a952e454b90aa4a68feb6a50e87,fb8c2b83e46441c2aaa7c81d3642e2da,e903085a3f944ad2a41c37306b4e6ab4,e0ff5d4ae0ec4871a49041d550cdcaa9,99830b8da7c24f909914f7bb167f3ea6
5d17356d82d74aa3a6e6f979ef1796fd,d87e5facd03b45f9829e8a1cd0fe0190,0568345606fa4a2c84ed4ea6c74639ee,c14e45f5201b4038bdddddb238d888a3,250d411ae270441085be3501b7b55d86,db0c3a952e454b90aa4a68feb6a50e87,268f8ec9f2734029a8e75857db56ccb3,fb8c2b83e46441c2aaa7c81d3642e2da,e903085a3f944ad2a41c37306b4e6ab4,e0ff5d4ae0ec4871a49041d550cdcaa9,b0d2e6c4b2384950b3696c4414870282
6b3c7ce1b5524d3e98acc2312a661188,d7618b61a65a4bc1a0d0f2cc1bddc448,a8904adcdd21495f890bc614bfdbf86f,afac6ae28fac41dabae96696990c5555,b01fd4d037a84a7aa777e1fc345c73c5,716a15d66b63424a8068da89e75733b4,af648fa7ac6c4c50a246de470329cd83,4230775a9d51448396cacb9061f0e5f9,8c5f38853679436ba434b6a696e43168,bb6ecabbce1b43d997d00d7acdc95193,fc70a4c2c4834e0eba1a14470f563b03
d31bba63f0c74cfd9135ddb2ec58f186,716a15d66b63424a8068da89e75733b4,a8904adcdd21495f890bc614bfdbf86f,8c5f38853679436ba434b6a696e43168,b01fd4d037a84a7aa777e1fc345c73c5,d7618b61a65a4bc1a0d0f2cc1bddc448,4230775a9d51448396cacb9061f0e5f9,afac6ae28fac41dabae96696990c5555,d37bf09399d848df9a4d880fb097239c,bb6ecabbce1b43d997d00d7acdc95193,fc70a4c2c4834e0eba1a14470f563b03
908351dacb5c427f88bd9aa375503388,b64cef9df31c4e92a7b7ecd42f74f396,d2a03ea4b2d3439ca3dc6fe056ab0f04,7f5b658239034d35b7f4cf1c63cb388c,5c644b51b1394a7b8fa0a9a6275c422d,5e199f7727cc4910ad88dbd81ed1ec82,a2612682d9854a30a7684c91c8619ec9,d37bf09399d848df9a4d880fb097239c,b0236c76ae244fd8aacbea7da10e55ca,ca544e6629b14e8fab5f7cb40d1ac88e,7879fa4d4db046a2a8d195311b6e5789
33683cdbfab14a3f8b56e5f75d2b3d00,76e41369a6794714a9fab6968839bfe6,b64cef9df31c4e92a7b7ecd42f74f396,bb84a4cf60c84a8d8e23276b1863d293,86f59bd78b424260b0cf356f2f9ae734,7879fa4d4db046a2a8d195311b6e5789,ef511457ee7c490c8e10eccf6e18fef6,25afb6f7e9314af09008644bca5955b9,0e8487b2e6a2439b9e6623a1e2e5e19d,530b37164090408dbab4e6da51111b8a,04d24d1cf42b4f7787d8d300cbad6d50
cbb9562935ed4ec7b4fbd9c04a1c17c3,76e41369a6794714a9fab6968839bfe6,b64cef9df31c4e92a7b7ecd42f74f396,bb84a4cf60c84a8d8e23276b1863d293,ef511457ee7c490c8e10eccf6e18fef6,86f59bd78b424260b0cf356f2f9ae734,7879fa4d4db046a2a8d195311b6e5789,25afb6f7e9314af09008644bca5955b9,04d24d1cf42b4f7787d8d300cbad6d50,b834c0b0c10b471b87ad3f11468de619,8c7c9eaae41a44a3a4ebe39ce167d300
2093ec4e54224ee59a6b3df761f52ad4,b64cef9df31c4e92a7b7ecd42f74f396,76e41369a6794714a9fab6968839bfe6,bb84a4cf60c84a8d8e23276b1863d293,ef511457ee7c490c8e10eccf6e18fef6,86f59bd78b424260b0cf356f2f9ae734,7879fa4d4db046a2a8d195311b6e5789,25afb6f7e9314af09008644bca5955b9,5c644b51b1394a7b8fa0a9a6275c422d,d2a03ea4b2d3439ca3dc6fe056ab0f04,04d24d1cf42b4f7787d8d300cbad6d50
034598db2c774843ae5b70f89a468dd1,8c7c9eaae41a44a3a4ebe39ce167d300,b834c0b0c10b471b87ad3f11468de619,e88ce4cd350f43398a5c0ab8629cee72,25afb6f7e9314af09008644bca5955b9,4a7fa5a1bafe4b6995e2920444ac07c4,26b18153216b48d793b75598ddb54d77,7bbe3c76bcc04d73969f920d43fcc67d,b4dadb3ea3a04cc3932094471debce13,19098957d8c24cab95daa30c2baefd8f,e2e0c8c96aff4c00896ac6986bbb20c2
e1b0c09a4b5745ba87cb45d6b31cc047,b834c0b0c10b471b87ad3f11468de619,8c7c9eaae41a44a3a4ebe39ce167d300,25afb6f7e9314af09008644bca5955b9,4a7fa5a1bafe4b6995e2920444ac07c4,e88ce4cd350f43398a5c0ab8629cee72,26b18153216b48d793b75598ddb54d77,0433768f874042a5b2d2e37ad9deae13,e2e0c8c96aff4c00896ac6986bbb20c2,b4dadb3ea3a04cc3932094471debce13,19098957d8c24cab95daa30c2baefd8f
2ee4e4c157314893ac1677408acd1e13,8c7c9eaae41a44a3a4ebe39ce167d300,b834c0b0c10b471b87ad3f11468de619,e88ce4cd350f43398a5c0ab8629cee72,25afb6f7e9314af09008644bca5955b9,4a7fa5a1bafe4b6995e2920444ac07c4,26b18153216b48d793b75598ddb54d77,b4dadb3ea3a04cc3932094471debce13,7bbe3c76bcc04d73969f920d43fcc67d,19098957d8c24cab95daa30c2baefd8f,51c6049a18b84ee381d0512e40b67c0e
d2d1bfd6b701442bac97d11e1bcdcbff,b834c0b0c10b471b87ad3f11468de619,8c7c9eaae41a44a3a4ebe39ce167d300,25afb6f7e9314af09008644bca5955b9,e88ce4cd350f43398a5c0ab8629cee72,4a7fa5a1bafe4b6995e2920444ac07c4,19098957d8c24cab95daa30c2baefd8f,0433768f874042a5b2d2e37ad9deae13,26b18153216b48d793b75598ddb54d77,f92d16d3a970487094292439c3e00923,e2e0c8c96aff4c00896ac6986bbb20c2
6da4af4998924e888bc085da81c883e1,0f785440b29548e1a1968868262fd42e,63eab812f3254cccb9631b09725aec3d,3675c688960a4f3b9f82c4ccf4049e93,42805d29975b400ea7c570fc45ec4938,d9ac372330a4446886fa19bac0d19877,39e2b00e1cbd471488cf56f31d2cec7f,5abf57d57d84440e94d0d2e2ffb37575,82d68ea370f8451aa16ea08f4601245c,521004289ebc4e6da6623381d40a5e73,f91157bb8fca4a8e98db33591a76be9a
62a839f4213d46759d8133e354ae93a4,0f785440b29548e1a1968868262fd42e,63eab812f3254cccb9631b09725aec3d,3675c688960a4f3b9f82c4ccf4049e93,42805d29975b400ea7c570fc45ec4938,d9ac372330a4446886fa19bac0d19877,39e2b00e1cbd471488cf56f31d2cec7f,5abf57d57d84440e94d0d2e2ffb37575,82d68ea370f8451aa16ea08f4601245c,f91157bb8fca4a8e98db33591a76be9a,521004289ebc4e6da6623381d40a5e73
f22180d73d204b929c77cc738c93dec8,c36ef11228124c438ed3256c9822b03d,ca5add3cbf044a95a5bec88a5841ce98,7627d5e28ba74cbeaf9225e88a7a44cc,8f0e477fc779414e9b47995c0b25a87d,7c1126d46a934db6b951d1e98feae327,17b5eb6fab65476f827dd355b4a20a55,b277101390e1465685ef79bf3519f8d7,2fcf4a04d3654ffb9a5c1dfa3799e4f0,984058b7165d4c6385bec3c94afa9fb2,64fc9fe3c8d5424ebc005e5cf4a608db
b43451e5261643dab9a0627813d31785,7627d5e28ba74cbeaf9225e88a7a44cc,7c1126d46a934db6b951d1e98feae327,ca5add3cbf044a95a5bec88a5841ce98,b3f8b4bec0164d0e81997b4f5a277e8f,c36ef11228124c438ed3256c9822b03d,c2a665cec90e46db8d2a74389beb4649,27a67d3e76814297aebf64e03d14c336,52f20bd7eb50430c95f0916727880a1b,04d24d1cf42b4f7787d8d300cbad6d50,e8c8742459dc48a49080bf0e5b3fdee0
89b4973e66414223af70d8648086e97c,7627d5e28ba74cbeaf9225e88a7a44cc,7c1126d46a934db6b951d1e98feae327,ca5add3cbf044a95a5bec88a5841ce98,b3f8b4bec0164d0e81997b4f5a277e8f,c2a665cec90e46db8d2a74389beb4649,c36ef11228124c438ed3256c9822b03d,27a67d3e76814297aebf64e03d14c336,e8c8742459dc48a49080bf0e5b3fdee0,04d24d1cf42b4f7787d8d300cbad6d50,52f20bd7eb50430c95f0916727880a1b
cca9ed42ea00433984410ed65b0435fb,7c1126d46a934db6b951d1e98feae327,ca5add3cbf044a95a5bec88a5841ce98,7627d5e28ba74cbeaf9225e88a7a44cc,27a67d3e76814297aebf64e03d14c336,b3f8b4bec0164d0e81997b4f5a277e8f,c2a665cec90e46db8d2a74389beb4649,e8c8742459dc48a49080bf0e5b3fdee0,52f20bd7eb50430c95f0916727880a1b,415641aa43724ed9bc4710302b77edc3,4c67cc7a1ccc496db132636e3f4853a2
ca3ae3f2f83a4b709148933472566ca6,c36ef11228124c438ed3256c9822b03d,ca5add3cbf044a95a5bec88a5841ce98,7627d5e28ba74cbeaf9225e88a7a44cc,7c1126d46a934db6b951d1e98feae327,8f0e477fc779414e9b47995c0b25a87d,17b5eb6fab65476f827dd355b4a20a55,7e190e3c05d74e6b9f103e39142c1684,31f80e4c87164e2893375ec7e73b372e,4c67cc7a1ccc496db132636e3f4853a2,8dfd98bb97584157b207e1f4be471a8e
bc19c9d3d882406886b4dc137c8085e0,e2e0c8c96aff4c00896ac6986bbb20c2,02a3cd76ce534d188b4d5ac4778bd652,24c55bb5cd694770ba895c7401da2ba5,7ef653f7e5f64e1b8bba73b9518b87b7,eeb3b60f34af40de850e065b475d8180,5d5baf5ce88b4b529e28ab9c7c114148,cdd73e0289aa4e2b87cd14e6ff5bd75e,3e59b61eb70146308db2308b988b54cf,724a3f6551e74ad585bdeac9a75fd639,ca544e6629b14e8fab5f7cb40d1ac88e
77823865299d48ddbce6d7d7e199814f,02a3cd76ce534d188b4d5ac4778bd652,e2e0c8c96aff4c00896ac6986bbb20c2,ca544e6629b14e8fab5f7cb40d1ac88e,24c55bb5cd694770ba895c7401da2ba5,7e17bbd109dc486c8f0a76f913782180,5d5baf5ce88b4b529e28ab9c7c114148,26869cc099c44c4a86f6043476ab4890,7ef653f7e5f64e1b8bba73b9518b87b7,26b18153216b48d793b75598ddb54d77,eeb3b60f34af40de850e065b475d8180
5cfbbd42352245fb9ab4e93f0e17452a,21eb9f06dd834a108d816efdf3aca8dc,3c72832689d8406996e80893b719b974,2471f23cb9b64d35a72deed09c9c8975,e2e0c8c96aff4c00896ac6986bbb20c2,84ff5144597241bba5cbd3d0b21d220d,0a61f52258f643b6a6436a1ec234e197,72a7e2ce22d045efbdbbab9c68f5d026,02a3cd76ce534d188b4d5ac4778bd652,3b37a4c34b6e4ca89a04da864e141422,ef511457ee7c490c8e10eccf6e18fef6
4a03d80a56a24730b633957fa5195cf5,02a3cd76ce534d188b4d5ac4778bd652,e2e0c8c96aff4c00896ac6986bbb20c2,ca544e6629b14e8fab5f7cb40d1ac88e,26869cc099c44c4a86f6043476ab4890,24c55bb5cd694770ba895c7401da2ba5,7e17bbd109dc486c8f0a76f913782180,26b18153216b48d793b75598ddb54d77,5d5baf5ce88b4b529e28ab9c7c114148,eeb3b60f34af40de850e065b475d8180,88353d1136d24836816b073de62e5f50
ca687051622e4c35823d965df0139509,e2e0c8c96aff4c00896ac6986bbb20c2,02a3cd76ce534d188b4d5ac4778bd652,24c55bb5cd694770ba895c7401da2ba5,ca544e6629b14e8fab5f7cb40d1ac88e,7e17bbd109dc486c8f0a76f913782180,eeb3b60f34af40de850e065b475d8180,8b038cd0dafd45d8b1ce75177ca3a76b,1d70bc69b2f84bef9aa5fb0d9917e38d,b834c0b0c10b471b87ad3f11468de619,26b18153216b48d793b75598ddb54d77
62cb56b35d3847a2858dee237b0a7f1e,6252aa87531748e5bac5f6c65fc87e14,f5a9583711fc4ff4a46e85c24886b234,e43d8e7bc32f406b9a692e2604f5b45a,61d2391e8bc548b6bfa08f1ef2a0c47a,af532d6e5090478ba520505d5f9107f2,2d812431f07c44f1a56a71c72766e0b0,e4fcd30261804b089efa940359057ba2,b98519f97e424c1389f5553f0869b15a,e0d8aee46b1d4d998858cd05027251b6,d9b70c4ed8bb4fc5957ecebf102528ee
ad43fc3957284bd78e7d7c9aa5ab29c0,f5a9583711fc4ff4a46e85c24886b234,6252aa87531748e5bac5f6c65fc87e14,a9d82bb43410405ca21b44a5e82e22b6,b00b2395b49949508fade89bb3eac98b,00fb3a55134242769182c520d55681a2,d65e3a3657ae455e954b6d7221afc84c,e4fcd30261804b089efa940359057ba2,9fd4c00672d84215b3e21812aef3d6ac,e86a0aae846a4e44bf967ab4972c977c,af532d6e5090478ba520505d5f9107f2
5871998e8d6c4a9090cdf17915017027,f5a9583711fc4ff4a46e85c24886b234,a9d82bb43410405ca21b44a5e82e22b6,6252aa87531748e5bac5f6c65fc87e14,b00b2395b49949508fade89bb3eac98b,d65e3a3657ae455e954b6d7221afc84c,e4fcd30261804b089efa940359057ba2,9fd4c00672d84215b3e21812aef3d6ac,e86a0aae846a4e44bf967ab4972c977c,cc78a6c92dfe4af49c2bd93f15e4f870,dd9e8283197b473d8ffd502561bdaaec
102f600a8c1740ac8a06de1b28c5904e,268f8ec9f2734029a8e75857db56ccb3,22d9d5ad33e947fd857c5c4a8b7dfae1,d87e5facd03b45f9829e8a1cd0fe0190,0568345606fa4a2c84ed4ea6c74639ee,c14e45f5201b4038bdddddb238d888a3,fb8c2b83e46441c2aaa7c81d3642e2da,78d0265d47df4f4cb7153da919763730,db0c3a952e454b90aa4a68feb6a50e87,d9b97376c5e44d8786f861a5788af644,30f654c6e69e48888f9f42dd95ab3c77
ae0903a7f3be40ce83442e458496fd29,30f654c6e69e48888f9f42dd95ab3c77,7dd5e88dfdd24cafab2c765939757354,78d0265d47df4f4cb7153da919763730,55c0b899937042c98162389b209aca7f,249c2d8d8d2345c6990b3c4d94385b5a,fb8c2b83e46441c2aaa7c81d3642e2da,df0c94234d9d4890b5b4b95c441b3e9a,7199f2fe77824236a392e1f00a5bdfc3,22d9d5ad33e947fd857c5c4a8b7dfae1,c3502ff31ce6459a96164c934f297562
f9be6242a66b4efabd439a28435cee95,7dd5e88dfdd24cafab2c765939757354,78d0265d47df4f4cb7153da919763730,30f654c6e69e48888f9f42dd95ab3c77,249c2d8d8d2345c6990b3c4d94385b5a,268f8ec9f2734029a8e75857db56ccb3,55c0b899937042c98162389b209aca7f,f6507bae2aaa4785842167f8320428b3,df0c94234d9d4890b5b4b95c441b3e9a,db0c3a952e454b90aa4a68feb6a50e87,d87e5facd03b45f9829e8a1cd0fe0190
10ef6812f01b471a8e48fa8e99c81735,268f8ec9f2734029a8e75857db56ccb3,78d0265d47df4f4cb7153da919763730,22d9d5ad33e947fd857c5c4a8b7dfae1,0568345606fa4a2c84ed4ea6c74639ee,d87e5facd03b45f9829e8a1cd0fe0190,30f654c6e69e48888f9f42dd95ab3c77,db0c3a952e454b90aa4a68feb6a50e87,7dd5e88dfdd24cafab2c765939757354,fb8c2b83e46441c2aaa7c81d3642e2da,c14e45f5201b4038bdddddb238d888a3
fb5376db56af4ab4b8ea6d46d191ad26,225818abe99e45a0bf5b0b3ec30db76b,f439b5616ba24b7f82eccfa095a0eff8,cc243eebbb2b44a581745865a60c423a,df5ca61304074da1bec8f536ab50baf3,c756409435634fc48c643a64e73c93ce,d9ac372330a4446886fa19bac0d19877,590df34aa41f46e9ad13ffc6a98da3b7,b9228fdb5f0c413d81cffb51829d95c6,56272326c7e94e419ea8c69fb634f610,0bd1cce9370a461089e25393086800a8
a0e60ab432b94ba291505c129ee405df,225818abe99e45a0bf5b0b3ec30db76b,f439b5616ba24b7f82eccfa095a0eff8,cc243eebbb2b44a581745865a60c423a,df5ca61304074da1bec8f536ab50baf3,c756409435634fc48c643a64e73c93ce,d9ac372330a4446886fa19bac0d19877,590df34aa41f46e9ad13ffc6a98da3b7,b9228fdb5f0c413d81cffb51829d95c6,0bd1cce9370a461089e25393086800a8,fadf133e0e684a24ac79b5fa9515bac2
0d29840b4f2a46659bf734b51438e6ac,cc243eebbb2b44a581745865a60c423a,f439b5616ba24b7f82eccfa095a0eff8,225818abe99e45a0bf5b0b3ec30db76b,245212a659504b9b9cdbaf1ab1d040ff,df5ca61304074da1bec8f536ab50baf3,75efe5ddef364f49865d9bb283492b48,32aaca2a732f4272b237374d3cdeec90,5abf57d57d84440e94d0d2e2ffb37575,d9ac372330a4446886fa19bac0d19877,3c1b91a23b694da1973dbc5f75f2f3ed
62865ed38c05470a8919d1070402fa6b,cc243eebbb2b44a581745865a60c423a,f439b5616ba24b7f82eccfa095a0eff8,225818abe99e45a0bf5b0b3ec30db76b,245212a659504b9b9cdbaf1ab1d040ff,df5ca61304074da1bec8f536ab50baf3,75efe5ddef364f49865d9bb283492b48,32aaca2a732f4272b237374d3cdeec90,5abf57d57d84440e94d0d2e2ffb37575,cf293392122347a180cf2126f4589acb,d9ac372330a4446886fa19bac0d19877
09a6f25650ae474385eb70217f8c4843,01ffceddb5b34406a08bb982b424b3cf,57bcda73abab44ee930b20cdaee9d24b,f65c7f50929f431dbf31b441d87616d0,e4e12f4711fd41e39075e26cc274df45,8889c114b071429cbe2418f5b0f2024b,30c71719aed84c07ae21d0eff0deed72,2b3ecf8be2b242f3b8a1e714390749fb,feb980ae999948ce9be0266b4ddc048d,c713a0ca69864ee7b240069c98dc44dc,0accd1d0138b49049d437c0d9b1c23c3
86e1bd5f53b148b9a9522847363630bf,01ffceddb5b34406a08bb982b424b3cf,57bcda73abab44ee930b20cdaee9d24b,30c71719aed84c07ae21d0eff0deed72,e4e12f4711fd41e39075e26cc274df45,f65c7f50929f431dbf31b441d87616d0,8889c114b071429cbe2418f5b0f2024b,2b3ecf8be2b242f3b8a1e714390749fb,feb980ae999948ce9be0266b4ddc048d,0accd1d0138b49049d437c0d9b1c23c3,44b3bc5953364d72a53edcf9fc4f1fed
aa561064498b402993740579853c84fc,2b3ecf8be2b242f3b8a1e714390749fb,e4e12f4711fd41e39075e26cc274df45,06a5f0cec6ce4170a02dad0ad4c55b1c,01ffceddb5b34406a08bb982b424b3cf,ef8c056ecb524439a48c881089537951,452d645d5bf4485185e996dcec9523e5,f65c7f50929f431dbf31b441d87616d0,6bedb2d6ace34e18811b7f1206b2d1b0,0f52f676197e4d4e92dec0a7bc4c4f7d,910827a15eac4e4b9005d8e46ad71f6e
de4bd1f38ae04b8da3f5f36bea97276d,e4e12f4711fd41e39075e26cc274df45,2b3ecf8be2b242f3b8a1e714390749fb,01ffceddb5b34406a08bb982b424b3cf,8889c114b071429cbe2418f5b0f2024b,c713a0ca69864ee7b240069c98dc44dc,ef8c056ecb524439a48c881089537951,35c5a560ecdc4d6a9d20f057ed1fa0e6,a94cb58f1ca8456b96e39b5b1ebfb7ea,f69855cdf66d4f6887ecfd0ddb9014b5,cb550e5ff4694fe9a19eaa6588cef250
3dc160c26fc64d45a5f1e9756e6b1025,04fa591263664fb0a6868552ebd3590b,40a95697730046dcbb0d7ba1fe2109a6,0eb119aabc884795a4768c6d3e677ea1,19098957d8c24cab95daa30c2baefd8f,097f2ce3b88c4d008488b9908076497e,1419b2c686f44896a0ae2a43e93b5402,8b038cd0dafd45d8b1ce75177ca3a76b,724a3f6551e74ad585bdeac9a75fd639,50a2129b83404b94889a01f4688ebafd,a4af9472683c4df0a86f9400c99c2b61
f7cfc69b28204d1681a71216a3dafbff,0eb119aabc884795a4768c6d3e677ea1,1419b2c686f44896a0ae2a43e93b5402,04fa591263664fb0a6868552ebd3590b,50a2129b83404b94889a01f4688ebafd,19098957d8c24cab95daa30c2baefd8f,8b038cd0dafd45d8b1ce75177ca3a76b,cdd73e0289aa4e2b87cd14e6ff5bd75e,24c55bb5cd694770ba895c7401da2ba5,e88ce4cd350f43398a5c0ab8629cee72,3e59b61eb70146308db2308b988b54cf
7e5d9f74b6724f59ae0911894a898253,04fa591263664fb0a6868552ebd3590b,0eb119aabc884795a4768c6d3e677ea1,1419b2c686f44896a0ae2a43e93b5402,19098957d8c24cab95daa30c2baefd8f,50a2129b83404b94889a01f4688ebafd,8b038cd0dafd45d8b1ce75177ca3a76b,724a3f6551e74ad585bdeac9a75fd639,40a95697730046dcbb0d7ba1fe2109a6,097f2ce3b88c4d008488b9908076497e,3e59b61eb70146308db2308b988b54cf
966a64e7651f4b2499587effd1600e97,40a95697730046dcbb0d7ba1fe2109a6,04fa591263664fb0a6868552ebd3590b,0eb119aabc884795a4768c6d3e677ea1,19098957d8c24cab95daa30c2baefd8f,8b038cd0dafd45d8b1ce75177ca3a76b,724a3f6551e74ad585bdeac9a75fd639,1419b2c686f44896a0ae2a43e93b5402,50a2129b83404b94889a01f4688ebafd,e88ce4cd350f43398a5c0ab8629cee72,3e59b61eb70146308db2308b988b54cf
296a868a499d46aa93fc77f8e589c254,f31e9fdffaa642ed98e91b07a30f3a8c,74644c8cc17449cf89379868e7b21398,9452a2f21f7d4feeb2605d9b6647fc13,3e923b6e3ceb4901b77c9a18729546eb,d5ecdd142b544edca1b16ee83a9cf908,5e0a2bc284cf4002914ae4e6aaef41e8,7070715ef90743da8691dd4ad134eb0c,c2b49382e2f34b1c90013236a5fbaef0,06b7dd1b701544ac80dd7ca54ed707cf,200f7fc78e4c403982f61b2894e50bad
7b04ec5b87214c25bd25268652df3829,9452a2f21f7d4feeb2605d9b6647fc13,d5ecdd142b544edca1b16ee83a9cf908,74644c8cc17449cf89379868e7b21398,5e0a2bc284cf4002914ae4e6aaef41e8,3e923b6e3ceb4901b77c9a18729546eb,c2b49382e2f34b1c90013236a5fbaef0,f31e9fdffaa642ed98e91b07a30f3a8c,7070715ef90743da8691dd4ad134eb0c,3b37a4c34b6e4ca89a04da864e141422,06b7dd1b701544ac80dd7ca54ed707cf
a03259710e6344d1b817f8dc53d9384e,f31e9fdffaa642ed98e91b07a30f3a8c,74644c8cc17449cf89379868e7b21398,9452a2f21f7d4feeb2605d9b6647fc13,3e923b6e3ceb4901b77c9a18729546eb,d5ecdd142b544edca1b16ee83a9cf908,5e0a2bc284cf4002914ae4e6aaef41e8,7070715ef90743da8691dd4ad134eb0c,c2b49382e2f34b1c90013236a5fbaef0,06b7dd1b701544ac80dd7ca54ed707cf,200f7fc78e4c403982f61b2894e50bad
0e271b22304c40fe9884c63ee1fe1668,9d09e3cd382c4d0ea0f6f50261e3e4c8,3138244ae91040948d5bd6772e4075ea,f2ef424352f14dda92691047ee9f15fa,6c51b4f57ba0415f994756e944b11cee,baf841bad27c456c9de7227555ea3ef8,664da77d25e74df693eaad44a5e7617f,babbeca1f6a244a2a11ea77a3855e70f,c1d504dfeded4b8bb3c07777b7c7abde,5760084aabef4d8095b2d21902151f64,016e634d566b49c199d07357aae9bf33
43fd128c97194d88bbfe7be91fbc67ed,9d09e3cd382c4d0ea0f6f50261e3e4c8,5be48a6bc26044f2a2e4e9b6a223c319,8dfe01febd46475ab5aef97033716ce1,77d8e01a914d4f4a8b87d407e0d741aa,f2ef424352f14dda92691047ee9f15fa,e3854d75221c4e38879a6106bb5c1941,f1c9c5051bdd4a11a064260bbb9d6d7b,15b7b988bba143989cfd98d5c6c4d203,99830b8da7c24f909914f7bb167f3ea6,476ce3ffff564a5aa985808e7d2cab17
8c3f25890eab46379974ac593d629515,6c51b4f57ba0415f994756e944b11cee,c1d504dfeded4b8bb3c07777b7c7abde,9d09e3cd382c4d0ea0f6f50261e3e4c8,b40d3c588ad647ff85e397a6bc5f9d8b,9460474d89704a68aaa6ccb62310ae3d,7d0190486da540718e4dc4ca4bd1f573,191b01e1728e4583a8ead5a86db27370,5760084aabef4d8095b2d21902151f64,42b6af4853fc465f83ec054f8f8289a4,6c6de17135be4f8c9423be633eaefcd4
1dfd4a798f224e88a6b4c2980cb31c82,6c51b4f57ba0415f994756e944b11cee,c1d504dfeded4b8bb3c07777b7c7abde,9d09e3cd382c4d0ea0f6f50261e3e4c8,191b01e1728e4583a8ead5a86db27370,b40d3c588ad647ff85e397a6bc5f9d8b,dee9eddb2eac41bfaf36d3279d43674a,e511c40ca6324803b5021e47b4e777f8,5760084aabef4d8095b2d21902151f64,9460474d89704a68aaa6ccb62310ae3d,7d0190486da540718e4dc4ca4bd1f573
9174a7587e5048ec86bec7afe80e268e,e4fcd30261804b089efa940359057ba2,d65e3a3657ae455e954b6d7221afc84c,c588868fc3fd4e87a7cddf1ceb00b022,a9d82bb43410405ca21b44a5e82e22b6,e86a0aae846a4e44bf967ab4972c977c,9fd4c00672d84215b3e21812aef3d6ac,2c3599a1611644f4908562f8fb8870d3,dd9e8283197b473d8ffd502561bdaaec,f5a9583711fc4ff4a46e85c24886b234,f676e16c6a134bd5a7bbeee4590adcfe
bcfc6cd4aea34c78891a701698ccb953,e4fcd30261804b089efa940359057ba2,d65e3a3657ae455e954b6d7221afc84c,c588868fc3fd4e87a7cddf1ceb00b022,a9d82bb43410405ca21b44a5e82e22b6,9fd4c00672d84215b3e21812aef3d6ac,d9b70c4ed8bb4fc5957ecebf102528ee,e86a0aae846a4e44bf967ab4972c977c,2c3599a1611644f4908562f8fb8870d3,fa190e42ce5a47c99bcaa76138dbc615,4e7ee74be72a461fa02fa61bee62bdcc
2a551336cc794909b0a09c92faf75f50,b98519f97e424c1389f5553f0869b15a,e4fcd30261804b089efa940359057ba2,f5a9583711fc4ff4a46e85c24886b234,fa190e42ce5a47c99bcaa76138dbc615,189a3b686ad14c24b5e1a495f76dd239,6252aa87531748e5bac5f6c65fc87e14,e43d8e7bc32f406b9a692e2604f5b45a,d9b70c4ed8bb4fc5957ecebf102528ee,9dd98c9126c44642a20711729f2e731e,4e7ee74be72a461fa02fa61bee62bdcc
23e5bf15809d4629abd7ff7c344b1ce0,b98519f97e424c1389f5553f0869b15a,f65b6fb5b40a49d1896de7a115469d40,e3854d75221c4e38879a6106bb5c1941,b90d74e80c37486eaee89b6fbab13671,71c1a8479b194efca65b44fb7f327afb,5f481b07f9734f518a14853831233b78,d756970269e9443fb9bbf645a96aa84e,595e438d2b394bb3a3259f47efd37ae8,25109e3a7df549e5b380aae716d71366,1e376f9d0945477983c8d851e4b2cf5e
f2a05ceedacf47b598b2cd3dbe003966,016e634d566b49c199d07357aae9bf33,d361a9e414fb41c1a605200d9cbba496,8f0e477fc779414e9b47995c0b25a87d,de72d25d08da4b03ac6f6411ce30e07c,b5f237fefb38465bb6a068c9cf75ba31,503d2f067a8a4f5798b1c64b07ab0bc5,03df72bcf3504272a27f4bbaea89118a,476ce3ffff564a5aa985808e7d2cab17,3cb231e1167e45f9bf5771a4e0074092,b90d74e80c37486eaee89b6fbab13671
764c5cb76dcb4650b8b0a50cac981edc,b5f237fefb38465bb6a068c9cf75ba31,016e634d566b49c199d07357aae9bf33,8f0e477fc779414e9b47995c0b25a87d,f3fddb55448a46778b5d807642cceb71,5537ddec608a4ec586ea068fa27547ca,e3854d75221c4e38879a6106bb5c1941,b90d74e80c37486eaee89b6fbab13671,d361a9e414fb41c1a605200d9cbba496,243dbbcdc67c42bfa6f32c47477adf6d,8dfd98bb97584157b207e1f4be471a8e
c50ae9cd7ac5469daf32b2a1a1d81797,016e634d566b49c199d07357aae9bf33,b5f237fefb38465bb6a068c9cf75ba31,8f0e477fc779414e9b47995c0b25a87d,b90d74e80c37486eaee89b6fbab13671,3cb231e1167e45f9bf5771a4e0074092,cae139b6e4914ce7b0ef1e68b8b857eb,e3854d75221c4e38879a6106bb5c1941,d361a9e414fb41c1a605200d9cbba496,243dbbcdc67c42bfa6f32c47477adf6d,5537ddec608a4ec586ea068fa27547ca
e9801f8810654cacbcd517b25b89767b,016e634d566b49c199d07357aae9bf33,d361a9e414fb41c1a605200d9cbba496,8f0e477fc779414e9b47995c0b25a87d,b5f237fefb38465bb6a068c9cf75ba31,5537ddec608a4ec586ea068fa27547ca,b90d74e80c37486eaee89b6fbab13671,3cb231e1167e45f9bf5771a4e0074092,476ce3ffff564a5aa985808e7d2cab17,de72d25d08da4b03ac6f6411ce30e07c,97959d02a64f4a3fbbebe7cbece6c012
f3c68b7ff0f344569399a04bbff5d1da,384f94503bcd4f4c863056ad69f45b43,384b14b18c3c43b1a4dc1aa2f661e076,40a95697730046dcbb0d7ba1fe2109a6,e96fae6d607246b18b8494aabe521036,6400e3f6a14c492ba399bd414faca075,29088685e31a4d86b60b514e98117361,06a5f0cec6ce4170a02dad0ad4c55b1c,c588868fc3fd4e87a7cddf1ceb00b022,8b038cd0dafd45d8b1ce75177ca3a76b,50a2129b83404b94889a01f4688ebafd
ab0c7be344d7444bb59fb3b065a71c88,384f94503bcd4f4c863056ad69f45b43,384b14b18c3c43b1a4dc1aa2f661e076,40a95697730046dcbb0d7ba1fe2109a6,6400e3f6a14c492ba399bd414faca075,c588868fc3fd4e87a7cddf1ceb00b022,e96fae6d607246b18b8494aabe521036,29088685e31a4d86b60b514e98117361,06a5f0cec6ce4170a02dad0ad4c55b1c,50a2129b83404b94889a01f4688ebafd,8b038cd0dafd45d8b1ce75177ca3a76b
b136a0d13d7e431a94e54f2a085d5f52,384b14b18c3c43b1a4dc1aa2f661e076,384f94503bcd4f4c863056ad69f45b43,06a5f0cec6ce4170a02dad0ad4c55b1c,29088685e31a4d86b60b514e98117361,595e438d2b394bb3a3259f47efd37ae8,60e87368fe334a92b57088b03cccbfc1,e96fae6d607246b18b8494aabe521036,655a618282cd4fa39a26f0967c033f4b,7fe9e665bf41491c9788941aa2894a10,452d645d5bf4485185e996dcec9523e5
210a3e79a4a149179749cd7a5b127f63,384b14b18c3c43b1a4dc1aa2f661e076,384f94503bcd4f4c863056ad69f45b43,29088685e31a4d86b60b514e98117361,e96fae6d607246b18b8494aabe521036,595e438d2b394bb3a3259f47efd37ae8,d2bcc978e7aa49908919d9fc40138b27,77d8e01a914d4f4a8b87d407e0d741aa,06a5f0cec6ce4170a02dad0ad4c55b1c,655a618282cd4fa39a26f0967c033f4b,7fe9e665bf41491c9788941aa2894a10
2071beae14fe435b9e3943e22e8b430b,f6207eb593394ff78e2cb35057477422,ef8c056ecb524439a48c881089537951,bdb0d45caa2a4943959f8f501e51132b,b277101390e1465685ef79bf3519f8d7,72a7e2ce22d045efbdbbab9c68f5d026,7d3d751215194e649a03457226f599d7,dd77b570036f40de9fdf49011bb9e2d8,b5f237fefb38465bb6a068c9cf75ba31,17b5eb6fab65476f827dd355b4a20a55,a5d5fb459a1844088e93ae557ab34afe
40eb15fd325c48bea6a7988ce40cc33b,f6207eb593394ff78e2cb35057477422,ef8c056ecb524439a48c881089537951,bdb0d45caa2a4943959f8f501e51132b,7d3d751215194e649a03457226f599d7,b277101390e1465685ef79bf3519f8d7,72a7e2ce22d045efbdbbab9c68f5d026,3c72832689d8406996e80893b719b974,dd77b570036f40de9fdf49011bb9e2d8,a5d5fb459a1844088e93ae557ab34afe,b5f237fefb38465bb6a068c9cf75ba31
7be90785152d4e01b53aa4b1f3c74097,ef8c056ecb524439a48c881089537951,f6207eb593394ff78e2cb35057477422,72a7e2ce22d045efbdbbab9c68f5d026,b277101390e1465685ef79bf3519f8d7,e4e12f4711fd41e39075e26cc274df45,8683a3ad55d84a78834fabe20cde5269,2b3ecf8be2b242f3b8a1e714390749fb,6400e3f6a14c492ba399bd414faca075,4e4495962a9b4864882397042f1a2b3e,bdb0d45caa2a4943959f8f501e51132b
61e3c16563b44edb85bee0caf5de33b0,ef8c056ecb524439a48c881089537951,f6207eb593394ff78e2cb35057477422,72a7e2ce22d045efbdbbab9c68f5d026,b277101390e1465685ef79bf3519f8d7,2b3ecf8be2b242f3b8a1e714390749fb,e4e12f4711fd41e39075e26cc274df45,6400e3f6a14c492ba399bd414faca075,8683a3ad55d84a78834fabe20cde5269,bdb0d45caa2a4943959f8f501e51132b,b5f237fefb38465bb6a068c9cf75ba31
79dc8e29d2a747c793ab1fe11ba6045b,43464ed6733f4642a0b90e7d995a5e40,00fb3a55134242769182c520d55681a2,1f3cf50fe1f947d8a56e02ebca441c4c,5c09482fc8dc45bdbf7919f00dd540e0,f65b6fb5b40a49d1896de7a115469d40,aa082284f9894b5aa210c179d59999b1,cf290994a83e4909aec30077477b9d04,8c674a7b65e24114a45dd3c861a7ccfc,41047823f2cb4194ba1e0709443c719a,cae139b6e4914ce7b0ef1e68b8b857eb
dfc436b508974e349cbf602bb7fe9b7a,00fb3a55134242769182c520d55681a2,43464ed6733f4642a0b90e7d995a5e40,0e28ed072d6c444aa6f02e64955b44c6,1f3cf50fe1f947d8a56e02ebca441c4c,5c09482fc8dc45bdbf7919f00dd540e0,41047823f2cb4194ba1e0709443c719a,d756970269e9443fb9bbf645a96aa84e,f5a9583711fc4ff4a46e85c24886b234,cf290994a83e4909aec30077477b9d04,aa082284f9894b5aa210c179d59999b1
dcd99427d6e64ebcb3af1982854aa02c,00fb3a55134242769182c520d55681a2,43464ed6733f4642a0b90e7d995a5e40,0e28ed072d6c444aa6f02e64955b44c6,41047823f2cb4194ba1e0709443c719a,1f3cf50fe1f947d8a56e02ebca441c4c,5c09482fc8dc45bdbf7919f00dd540e0,f5a9583711fc4ff4a46e85c24886b234,d445ccdb4cda497e9f0343a3298022d2,0a61f52258f643b6a6436a1ec234e197,e86a0aae846a4e44bf967ab4972c977c
c59bf6abbde846999988749ad22b52d3,43464ed6733f4642a0b90e7d995a5e40,00fb3a55134242769182c520d55681a2,1f3cf50fe1f947d8a56e02ebca441c4c,5c09482fc8dc45bdbf7919f00dd540e0,0e28ed072d6c444aa6f02e64955b44c6,8c674a7b65e24114a45dd3c861a7ccfc,f65b6fb5b40a49d1896de7a115469d40,41047823f2cb4194ba1e0709443c719a,aa082284f9894b5aa210c179d59999b1,1d70bc69b2f84bef9aa5fb0d9917e38d
a386f6b172a740989c390780b3b856d5,6732de8994744decbb3306c74aaa7882,88353d1136d24836816b073de62e5f50,7d6122daabe442ffb5e57ece1882e714,7bbe3c76bcc04d73969f920d43fcc67d,3e4a54908dde405294869e30a92a7623,1f9cd7f2b7a14e2f8d490a104a56edcd,d2bcc978e7aa49908919d9fc40138b27,7879fa4d4db046a2a8d195311b6e5789,e88ce4cd350f43398a5c0ab8629cee72,b00b2395b49949508fade89bb3eac98b
ad563855246b46adaf5fdeecbfdc081b,3e4a54908dde405294869e30a92a7623,e2769c67dadd4c988f7ccf249a998a56,da9cfbdf124143b78bec89393dd5287a,51c6049a18b84ee381d0512e40b67c0e,6732de8994744decbb3306c74aaa7882,6b4676aba2a746b3ab778315afc8ee82,66cba49431224a3788f914d6a80165e1,ee89670285c74e27aa174dadf39fbca7,88353d1136d24836816b073de62e5f50,f32f4607b4714e378831f924c5e6084d
0485db5bb76a491782e78c6e98f4c913,514537782f6549c488a1b932939b4128,636c21e19a5845e1b8d69a5fca928030,6866efc8987a4ec8b04b7abd28fb5777,0f52f676197e4d4e92dec0a7bc4c4f7d,d43b0f94627d45918e18a80be127aa2c,bbdf9065122d499d9d8f80ad3e0ef6f3,35c5a560ecdc4d6a9d20f057ed1fa0e6,d87e5facd03b45f9829e8a1cd0fe0190,0daf8d5687b54d158f7f752884c42334,0568345606fa4a2c84ed4ea6c74639ee
38535cc9165a4684af9a3ee208dccb9a,b2992fe473124dd0b895cf81f59f6db6,63ba014f9cc747ac87013da6be0ceab9,c66c6f1449d44728a2ef72de53dd6d5e,36ac84a73ad34261ad45cf569edb60af,191b01e1728e4583a8ead5a86db27370,0592b57e490d4206a3f12eb004a0afe0,632cc2bc04034dd4848855fe6497262d,02e1d712f37e428c998f72e7a7eeb1e6,f5b766ea6abe4b5fb27d49cc3bc06020,ab57f83304bc4005998bbd6bc063fb4f
7812e64c9f5a45dea8c59e366c0a1b2c,67dd23cfd20f46dc82acc82c108a1dc6,3c0f3b44c0844df49b5898406fe9195a,211ef3181e524685866fb8574d9bf456,36ac84a73ad34261ad45cf569edb60af,6bedb2d6ace34e18811b7f1206b2d1b0,812a1568c77d46e695f8eb7357e24a0e,02641488de414b72b63f62b40200b101,29fb30a75c57451a85f310aa6423a662,73f684f538ea452cbb4fbecc2e8126a4,5cf392f15360460bae6a6b0182bb99b9
e0cdf7eb868e4cf28007a946c4dcedcd,36ac84a73ad34261ad45cf569edb60af,b2992fe473124dd0b895cf81f59f6db6,6c51b4f57ba0415f994756e944b11cee,e343a998f4df4ac195c84e0fb571a393,ac5a760b45c146ec840193371cfb2d30,3c0f3b44c0844df49b5898406fe9195a,67dd23cfd20f46dc82acc82c108a1dc6,63ba014f9cc747ac87013da6be0ceab9,c66c6f1449d44728a2ef72de53dd6d5e,42b6af4853fc465f83ec054f8f8289a4
966272e605644a9783d154f8e2038dbb,36ac84a73ad34261ad45cf569edb60af,ac5a760b45c146ec840193371cfb2d30,3c0f3b44c0844df49b5898406fe9195a,6c51b4f57ba0415f994756e944b11cee,67dd23cfd20f46dc82acc82c108a1dc6,cb75c6ef71cb4991805920f2894e0e96,e343a998f4df4ac195c84e0fb571a393,b2992fe473124dd0b895cf81f59f6db6,59e4dcf2794943b18fb902a6eb475ff8,23a16d69ffe848d593a4808907d8aa98
9fd9ddafbc6c43a9982d0ef0dcbca940,b2992fe473124dd0b895cf81f59f6db6,63ba014f9cc747ac87013da6be0ceab9,36ac84a73ad34261ad45cf569edb60af,c66c6f1449d44728a2ef72de53dd6d5e,02e1d712f37e428c998f72e7a7eeb1e6,0092d1d820c64646b8bee9fd14f77acf,37ae696e40dd42ebb4738722daa3c523,191b01e1728e4583a8ead5a86db27370,64fc9fe3c8d5424ebc005e5cf4a608db,f5b766ea6abe4b5fb27d49cc3bc06020
4aa3ef7644b6471b805cdbce95bcc6b8,6866efc8987a4ec8b04b7abd28fb5777,ccb62901750b4d13a922fc161b607f83,e12ad1ce8e7940a999b9a4f91a95fab7,d695b7afdc3841a28a56df578e56afce,f1c9c5051bdd4a11a064260bbb9d6d7b,7226603f024c45c6a6e44b00e52e8aad,a7077a82d2c74518b96fb45e35f6e150,797cc520b8c94d9bbef187818ab51647,87fc1d6a57ea488786caaec8599c3b8b,e5a3c8867e44498d9182e8be934e0fce
d19e7fd5a62e4d28bb80ac4eddf34d1c,ccb62901750b4d13a922fc161b607f83,6866efc8987a4ec8b04b7abd28fb5777,e12ad1ce8e7940a999b9a4f91a95fab7,f1c9c5051bdd4a11a064260bbb9d6d7b,87fc1d6a57ea488786caaec8599c3b8b,d695b7afdc3841a28a56df578e56afce,7226603f024c45c6a6e44b00e52e8aad,a7077a82d2c74518b96fb45e35f6e150,714e47cd21e5416f864a4bc938850a72,797cc520b8c94d9bbef187818ab51647
26da5929257a4a70997444abb7ed9998,ccb62901750b4d13a922fc161b607f83,6866efc8987a4ec8b04b7abd28fb5777,e12ad1ce8e7940a999b9a4f91a95fab7,d695b7afdc3841a28a56df578e56afce,7226603f024c45c6a6e44b00e52e8aad,f1c9c5051bdd4a11a064260bbb9d6d7b,87fc1d6a57ea488786caaec8599c3b8b,8350ea8cd6514c2c8d7b625abe7e895b,a7077a82d2c74518b96fb45e35f6e150,797cc520b8c94d9bbef187818ab51647
9538feefe1d84c03874b872ae3f48947,6866efc8987a4ec8b04b7abd28fb5777,ccb62901750b4d13a922fc161b607f83,e12ad1ce8e7940a999b9a4f91a95fab7,f1c9c5051bdd4a11a064260bbb9d6d7b,d695b7afdc3841a28a56df578e56afce,a7077a82d2c74518b96fb45e35f6e150,7226603f024c45c6a6e44b00e52e8aad,87fc1d6a57ea488786caaec8599c3b8b,797cc520b8c94d9bbef187818ab51647,e5a3c8867e44498d9182e8be934e0fce
03b02260fc474ab29d5d6a1398847a2a,4285b02dc9164cb9bae36b0566bb42f0,9a500a20b1ff4694acc31339a8d1349e,ae3f42d57b3046a3821026173286a43e,e59dba65749140f4a1bdaf2695de2fc6,a8904adcdd21495f890bc614bfdbf86f,93bf0b86be094f68a9d308ca5ecfb4e3,b01fd4d037a84a7aa777e1fc345c73c5,673aee19895b4d339ada93213d8874ac,b2b22c673e554db39c8acdbe42687a6d,761a3a01495143f0a86beac4234cae3a
f19622c340af46aabec5a3eebfea35fa,9a500a20b1ff4694acc31339a8d1349e,4285b02dc9164cb9bae36b0566bb42f0,a8904adcdd21495f890bc614bfdbf86f,93bf0b86be094f68a9d308ca5ecfb4e3,8c5f38853679436ba434b6a696e43168,761a3a01495143f0a86beac4234cae3a,e59dba65749140f4a1bdaf2695de2fc6,ae3f42d57b3046a3821026173286a43e,b01fd4d037a84a7aa777e1fc345c73c5,673aee19895b4d339ada93213d8874ac
b2c57f611c954c84ad5bc681d1798dee,4285b02dc9164cb9bae36b0566bb42f0,9a500a20b1ff4694acc31339a8d1349e,ae3f42d57b3046a3821026173286a43e,a8904adcdd21495f890bc614bfdbf86f,e59dba65749140f4a1bdaf2695de2fc6,93bf0b86be094f68a9d308ca5ecfb4e3,b01fd4d037a84a7aa777e1fc345c73c5,761a3a01495143f0a86beac4234cae3a,716a15d66b63424a8068da89e75733b4,d7618b61a65a4bc1a0d0f2cc1bddc448
98e31f0110bd4082b8a9c780c4658d5b,f439b5616ba24b7f82eccfa095a0eff8,cc243eebbb2b44a581745865a60c423a,225818abe99e45a0bf5b0b3ec30db76b,245212a659504b9b9cdbaf1ab1d040ff,df5ca61304074da1bec8f536ab50baf3,75efe5ddef364f49865d9bb283492b48,32aaca2a732f4272b237374d3cdeec90,5abf57d57d84440e94d0d2e2ffb37575,cf293392122347a180cf2126f4589acb,3c1b91a23b694da1973dbc5f75f2f3ed
ba97c80ce0a5461d938b43cfdc812679,f439b5616ba24b7f82eccfa095a0eff8,cc243eebbb2b44a581745865a60c423a,225818abe99e45a0bf5b0b3ec30db76b,245212a659504b9b9cdbaf1ab1d040ff,df5ca61304074da1bec8f536ab50baf3,75efe5ddef364f49865d9bb283492b48,3c1b91a23b694da1973dbc5f75f2f3ed,cf293392122347a180cf2126f4589acb,5abf57d57d84440e94d0d2e2ffb37575,32aaca2a732f4272b237374d3cdeec90
eef39c9128b1421cb4e7b9c83fee0c82,df5ca61304074da1bec8f536ab50baf3,b9228fdb5f0c413d81cffb51829d95c6,225818abe99e45a0bf5b0b3ec30db76b,c756409435634fc48c643a64e73c93ce,f439b5616ba24b7f82eccfa095a0eff8,d9ac372330a4446886fa19bac0d19877,cc243eebbb2b44a581745865a60c423a,fadf133e0e684a24ac79b5fa9515bac2,6f57d1175ad243edada61643d01fcd54,56272326c7e94e419ea8c69fb634f610
8a738e1a32764f6aa0c264a4a08e2942,df5ca61304074da1bec8f536ab50baf3,225818abe99e45a0bf5b0b3ec30db76b,b9228fdb5f0c413d81cffb51829d95c6,f439b5616ba24b7f82eccfa095a0eff8,cc243eebbb2b44a581745865a60c423a,d9ac372330a4446886fa19bac0d19877,c756409435634fc48c643a64e73c93ce,fadf133e0e684a24ac79b5fa9515bac2,6f57d1175ad243edada61643d01fcd54,0bd1cce9370a461089e25393086800a8
173559035aac478591718da5062ea4e7,5e2f1a45f7174f1aa39a194179985876,7e8a4a43e2f84dbb88e41cb24b3fe79f,c74557a980e2428a9ffcc245278df692,75801225047a4c019100660c13f1e0f1,bc607fd6000b43108e49b3d05688fe90,d361a9e414fb41c1a605200d9cbba496,8b4e9e3d234e4eec99a7651e246bbfa3,19b81e71e7f04ebcbfade9daa899ed3d,3e6a4b65a1004c08a6f3f570cf986c2f,7862a63720b34104abf5bfa44bc8178d
6fb705d0d2f04e52b810c48e7fc82a2e,5e2f1a45f7174f1aa39a194179985876,7e8a4a43e2f84dbb88e41cb24b3fe79f,c74557a980e2428a9ffcc245278df692,75801225047a4c019100660c13f1e0f1,19b81e71e7f04ebcbfade9daa899ed3d,bc607fd6000b43108e49b3d05688fe90,d361a9e414fb41c1a605200d9cbba496,e429a2e164a24919a12edcc8d4ea8f09,8b4e9e3d234e4eec99a7651e246bbfa3,7862a63720b34104abf5bfa44bc8178d
709e314fe2f6437097221a6c9ab0dc69,c74557a980e2428a9ffcc245278df692,7e8a4a43e2f84dbb88e41cb24b3fe79f,d361a9e414fb41c1a605200d9cbba496,5e2f1a45f7174f1aa39a194179985876,75801225047a4c019100660c13f1e0f1,e429a2e164a24919a12edcc8d4ea8f09,bc607fd6000b43108e49b3d05688fe90,8b4e9e3d234e4eec99a7651e246bbfa3,e834bfbd30b247e899f0dc029ab9f072,98b2022b2cb84af09ee8b789db928b13
f23420a6638046f4b1536f73bc2e0cb6,c74557a980e2428a9ffcc245278df692,7e8a4a43e2f84dbb88e41cb24b3fe79f,5e2f1a45f7174f1aa39a194179985876,e429a2e164a24919a12edcc8d4ea8f09,2839430464164d5ba00713b42d4d96e4,bc607fd6000b43108e49b3d05688fe90,e834bfbd30b247e899f0dc029ab9f072,31cf7db26a3249c5a6205b005662ddcf,98b2022b2cb84af09ee8b789db928b13,8b4e9e3d234e4eec99a7651e246bbfa3
1d83fbe02659440394a32de73b6c18a3,e9428816b054499298745b742f128f65,d60986f4025d443ea58adba0e3d224a1,be42a43f5186434db4f2815f768a9991,097c30a7f39a4a3abf6da2ca80cad3a5,1c2b01416e3943e3b3c575e53c3f1d16,18ab15fbf00f42f7a410ec75f7592bea,bb5c7d03a54647d08b8c62deeb803271,009be1c3430743ff9b054bdfcd6228d6,85d4175b563d48e5bc6a991b23662f24,3574ab91c29940b3afc62354ae06b73b
3cf470f9d76e42a68e48c748b6c793fb,d60986f4025d443ea58adba0e3d224a1,e9428816b054499298745b742f128f65,be42a43f5186434db4f2815f768a9991,097c30a7f39a4a3abf6da2ca80cad3a5,18ab15fbf00f42f7a410ec75f7592bea,bb5c7d03a54647d08b8c62deeb803271,009be1c3430743ff9b054bdfcd6228d6,1c2b01416e3943e3b3c575e53c3f1d16,85d4175b563d48e5bc6a991b23662f24,3574ab91c29940b3afc62354ae06b73b
168e52d4211e47f9b447e33469c72127,d60986f4025d443ea58adba0e3d224a1,e9428816b054499298745b742f128f65,be42a43f5186434db4f2815f768a9991,097c30a7f39a4a3abf6da2ca80cad3a5,18ab15fbf00f42f7a410ec75f7592bea,009be1c3430743ff9b054bdfcd6228d6,bb5c7d03a54647d08b8c62deeb803271,1c2b01416e3943e3b3c575e53c3f1d16,47eb17da319d440aa52da8008c26327a,236c362d8b664c93b41882c119df9706
2cff6320a7ec4c2aafba5c1e3318ddee,d2bcc978e7aa49908919d9fc40138b27,e96fae6d607246b18b8494aabe521036,29088685e31a4d86b60b514e98117361,65e52d14d4d64d4fbad3de6ad319e745,7fe9e665bf41491c9788941aa2894a10,60e87368fe334a92b57088b03cccbfc1,88353d1136d24836816b073de62e5f50,f0084465b2e646c9a53d9dc766067d9b,595e438d2b394bb3a3259f47efd37ae8,6732de8994744decbb3306c74aaa7882
abadadc5b9f748f59edd8d3abb4d3a01,d2bcc978e7aa49908919d9fc40138b27,e96fae6d607246b18b8494aabe521036,29088685e31a4d86b60b514e98117361,65e52d14d4d64d4fbad3de6ad319e745,60e87368fe334a92b57088b03cccbfc1,6732de8994744decbb3306c74aaa7882,7fe9e665bf41491c9788941aa2894a10,f0084465b2e646c9a53d9dc766067d9b,595e438d2b394bb3a3259f47efd37ae8,88353d1136d24836816b073de62e5f50
2ea6bb0d68e4468e86828a584e75bb42,99830b8da7c24f909914f7bb167f3ea6,250d411ae270441085be3501b7b55d86,e0ff5d4ae0ec4871a49041d550cdcaa9,033f1514c78b49dd82148b94f6bcbeba,c14e45f5201b4038bdddddb238d888a3,511fe9c8b20b4fda94969745238c9474,eb21a4e2b7bd43efbdf0c365415e7fef,90b560de76b149c09c7cd6efb3f12cfd,79721c9bb6a54ecdb3d0a0f4011762c1,1aef014473b84ef9a0f799114fe516c9
983d22fb5ca14e8a9d33f205427d4934,511fe9c8b20b4fda94969745238c9474,a5365055a36a4ec1bf5b0ce2ef949a35,033f1514c78b49dd82148b94f6bcbeba,99830b8da7c24f909914f7bb167f3ea6,baf841bad27c456c9de7227555ea3ef8,e0ff5d4ae0ec4871a49041d550cdcaa9,e8c8742459dc48a49080bf0e5b3fdee0,b0d2e6c4b2384950b3696c4414870282,6c51b4f57ba0415f994756e944b11cee,30578712823948b086e3781343982938
c601d5a9e45b400ab8ffe8a62cc6dd5b,99830b8da7c24f909914f7bb167f3ea6,250d411ae270441085be3501b7b55d86,e0ff5d4ae0ec4871a49041d550cdcaa9,d87e5facd03b45f9829e8a1cd0fe0190,511fe9c8b20b4fda94969745238c9474,c14e45f5201b4038bdddddb238d888a3,033f1514c78b49dd82148b94f6bcbeba,1393dac7d34b4c34b1a8091a5bea3663,90b560de76b149c09c7cd6efb3f12cfd,79721c9bb6a54ecdb3d0a0f4011762c1
af9775f02cb64e7a89d41bfd3138d87c,511fe9c8b20b4fda94969745238c9474,033f1514c78b49dd82148b94f6bcbeba,a5365055a36a4ec1bf5b0ce2ef949a35,b0d2e6c4b2384950b3696c4414870282,99830b8da7c24f909914f7bb167f3ea6,e0ff5d4ae0ec4871a49041d550cdcaa9,6fc7a2cf0684475a82f6ff9be2c8e850,5760084aabef4d8095b2d21902151f64,30578712823948b086e3781343982938,599feb1e512c43ad8c0a1845922acf78
6e03c908e766447c8bca6c98861b5a60,5363ae1c905d4879a63259de4954702e,6c79712e67b54dd0a11d426a91207939,295d0d40791245ff838c73a2aa27d065,33b5e2ae5ebe4f548bac3a00ab0a59eb,3fce01bbc56d49d39f61cba3d17648f2,e735729c80d84f76a6133c065d5380f8,2fcf4a04d3654ffb9a5c1dfa3799e4f0,30c71719aed84c07ae21d0eff0deed72,c713a0ca69864ee7b240069c98dc44dc,cb2505b30d8a4dc086c353cf94424b6d
44483008955a408db228e36e7af53fdc,295d0d40791245ff838c73a2aa27d065,5363ae1c905d4879a63259de4954702e,6c79712e67b54dd0a11d426a91207939,33b5e2ae5ebe4f548bac3a00ab0a59eb,e735729c80d84f76a6133c065d5380f8,3fce01bbc56d49d39f61cba3d17648f2,c713a0ca69864ee7b240069c98dc44dc,2fcf4a04d3654ffb9a5c1dfa3799e4f0,503d2f067a8a4f5798b1c64b07ab0bc5,cb2505b30d8a4dc086c353cf94424b6d
42507e0cf2f146b4a2773c26d941610d,295d0d40791245ff838c73a2aa27d065,5363ae1c905d4879a63259de4954702e,6c79712e67b54dd0a11d426a91207939,33b5e2ae5ebe4f548bac3a00ab0a59eb,e735729c80d84f76a6133c065d5380f8,3fce01bbc56d49d39f61cba3d17648f2,c713a0ca69864ee7b240069c98dc44dc,2fcf4a04d3654ffb9a5c1dfa3799e4f0,30c71719aed84c07ae21d0eff0deed72,cb2505b30d8a4dc086c353cf94424b6d
fdd87abf600a4abaa1d0210384b5076f,5363ae1c905d4879a63259de4954702e,6c79712e67b54dd0a11d426a91207939,295d0d40791245ff838c73a2aa27d065,33b5e2ae5ebe4f548bac3a00ab0a59eb,e735729c80d84f76a6133c065d5380f8,3fce01bbc56d49d39f61cba3d17648f2,cb2505b30d8a4dc086c353cf94424b6d,2fcf4a04d3654ffb9a5c1dfa3799e4f0,c713a0ca69864ee7b240069c98dc44dc,30c71719aed84c07ae21d0eff0deed72
bd2ab791b5d947aebc36dd63a25b782d,f65b6fb5b40a49d1896de7a115469d40,b6c493a3666c4db193e86c79faf099ab,e3854d75221c4e38879a6106bb5c1941,8c674a7b65e24114a45dd3c861a7ccfc,43464ed6733f4642a0b90e7d995a5e40,a70909d3ce0d4235913b5ce6a138dcce,cae139b6e4914ce7b0ef1e68b8b857eb,cf290994a83e4909aec30077477b9d04,c3502ff31ce6459a96164c934f297562,243dbbcdc67c42bfa6f32c47477adf6d
f97b6d6044f64e668c6bfa4856de6e2e,f65b6fb5b40a49d1896de7a115469d40,b6c493a3666c4db193e86c79faf099ab,8c674a7b65e24114a45dd3c861a7ccfc,43464ed6733f4642a0b90e7d995a5e40,e3854d75221c4e38879a6106bb5c1941,a70909d3ce0d4235913b5ce6a138dcce,1f3cf50fe1f947d8a56e02ebca441c4c,cf290994a83e4909aec30077477b9d04,cae139b6e4914ce7b0ef1e68b8b857eb,00fb3a55134242769182c520d55681a2
dbdb837b049042bcb0b995828a1463d5,a70909d3ce0d4235913b5ce6a138dcce,cb32ec9a538a4c0f8462771946ced93b,b425f33c33ad4be89a12da266d131a86,1a0ac2d40cb04ca993e1db68d787728a,f676e16c6a134bd5a7bbeee4590adcfe,8a464aa9e2ee45d0abc7ae6181cd1bda,73f684f538ea452cbb4fbecc2e8126a4,f59a3ee5387440d981754b6595e8664c,3138244ae91040948d5bd6772e4075ea,da9cfbdf124143b78bec89393dd5287a
e4e8bbb77d39441f89e7899ac799567c,a70909d3ce0d4235913b5ce6a138dcce,cb32ec9a538a4c0f8462771946ced93b,b425f33c33ad4be89a12da266d131a86,14ca42308d3141fba50b774042144343,73f684f538ea452cbb4fbecc2e8126a4,f65b6fb5b40a49d1896de7a115469d40,1a0ac2d40cb04ca993e1db68d787728a,6fc7a2cf0684475a82f6ff9be2c8e850,8a464aa9e2ee45d0abc7ae6181cd1bda,29fb30a75c57451a85f310aa6423a662
884628be75bf4632adba41416b2dcb2d,b6c493a3666c4db193e86c79faf099ab,f65b6fb5b40a49d1896de7a115469d40,8c674a7b65e24114a45dd3c861a7ccfc,e3854d75221c4e38879a6106bb5c1941,cae139b6e4914ce7b0ef1e68b8b857eb,243dbbcdc67c42bfa6f32c47477adf6d,476ce3ffff564a5aa985808e7d2cab17,43464ed6733f4642a0b90e7d995a5e40,cf290994a83e4909aec30077477b9d04,9452a2f21f7d4feeb2605d9b6647fc13
736b602483e04289bedcbe5e6082e394,ad42c467d0fe43dbb328073f9a16bc4d,b23a9c50eada4286a4f7ce8668b92db1,9460474d89704a68aaa6ccb62310ae3d,bc13c2b0221744a29a8ddf56aa015df9,e511c40ca6324803b5021e47b4e777f8,b40d3c588ad647ff85e397a6bc5f9d8b,191b01e1728e4583a8ead5a86db27370,9daaefe080b34656a0c7a54d2d6a1713,c66c6f1449d44728a2ef72de53dd6d5e,9909a671f7414c19b2727e7d4d4dcf1b
46dfeacada264da795ae8f40feca0462,1ade4365590a4ac7865100d8c791e340,d716ea165223433a8d49b93e96989482,8683a3ad55d84a78834fabe20cde5269,59f62d35b1ad451397b700b3dad25448,27a0d24dc1e14b28a1f18456b29c93f1,65e30dd62cfa4dccb9ea4d908a9d6fab,521004289ebc4e6da6623381d40a5e73,dbb3fe11ad004895b302a84e7c066fcc,361f2b7f3f044907b3a331872fb18755,86179aff3df24ff59b11e9a34974a3f4
398185f5bc8c44629ec6d92103b2a26e,b52468fc0af2435f9ba91939f72bbf6a,9daaefe080b34656a0c7a54d2d6a1713,ad42c467d0fe43dbb328073f9a16bc4d,eff24b01b2f5428baa4c3fef6cb40d41,b40d3c588ad647ff85e397a6bc5f9d8b,c78547bdc2e64ac8935559f7de2efd41,c65af18670ea437c8986884645b3afe9,0592b57e490d4206a3f12eb004a0afe0,7326afe68eb64b63993b3dae022c645d,ab57f83304bc4005998bbd6bc063fb4f
7881cf6f764e4853ab524e92060b86db,b585a2970e9f421da236241f603883f2,eeca68825e2a4bbdaa5ae962998fc33b,68aefc97056440af874039a28497cf98,86179aff3df24ff59b11e9a34974a3f4,059a284910e849efbbc7073b8681409f,7d3d751215194e649a03457226f599d7,07958f43551e459eb30638b632e3cd64,ec4820b018a04967a457a9c032a51dc6,e7aaa514f6f64a258a640ea341aa1a18,f69855cdf66d4f6887ecfd0ddb9014b5
b5a0c3ca548c404e8f6ce3bddb0642d8,eeca68825e2a4bbdaa5ae962998fc33b,5cfb876eeb4f410aa1282cc279f0e546,68aefc97056440af874039a28497cf98,b585a2970e9f421da236241f603883f2,f69855cdf66d4f6887ecfd0ddb9014b5,3aa003c1e31b476e999c3a808a1d5dc6,86179aff3df24ff59b11e9a34974a3f4,0971af4212484a958eb0f60f93d1dfe0,039a871609044cb1b69f70c082fe61d8,78809cb3c6b841a9b8b132133dd6bb96
16b427f91adb47be8f9ef97448bf84da,b585a2970e9f421da236241f603883f2,f69855cdf66d4f6887ecfd0ddb9014b5,68aefc97056440af874039a28497cf98,eeca68825e2a4bbdaa5ae962998fc33b,7d3d751215194e649a03457226f599d7,35c5a560ecdc4d6a9d20f057ed1fa0e6,86179aff3df24ff59b11e9a34974a3f4,7ec1584e9a5b49eab9ef249143d9bb86,5cfb876eeb4f410aa1282cc279f0e546,3ec67e948e15423fac23fdd38a7d4cca
a9f8715606d84f499a84ad01589fc4b3,eeca68825e2a4bbdaa5ae962998fc33b,5cfb876eeb4f410aa1282cc279f0e546,3aa003c1e31b476e999c3a808a1d5dc6,f69855cdf66d4f6887ecfd0ddb9014b5,b585a2970e9f421da236241f603883f2,039a871609044cb1b69f70c082fe61d8,35c5a560ecdc4d6a9d20f057ed1fa0e6,68aefc97056440af874039a28497cf98,ec4820b018a04967a457a9c032a51dc6,86179aff3df24ff59b11e9a34974a3f4
fd6075f13adb4cdc8540f83b192abddc,2e7836ee5e5144f5b63e6629b969a362,baf841bad27c456c9de7227555ea3ef8,afaf2edba0ee4d58860a5a04e4aabc5c,7862a63720b34104abf5bfa44bc8178d,04537eabb0434eb2804d1220770b85a0,d361a9e414fb41c1a605200d9cbba496,e834bfbd30b247e899f0dc029ab9f072,30c71719aed84c07ae21d0eff0deed72,71c1a8479b194efca65b44fb7f327afb,de72d25d08da4b03ac6f6411ce30e07c
b7c34ab8ac2b44a993051b96fadef9cb,2e7836ee5e5144f5b63e6629b969a362,afaf2edba0ee4d58860a5a04e4aabc5c,baf841bad27c456c9de7227555ea3ef8,7862a63720b34104abf5bfa44bc8178d,04537eabb0434eb2804d1220770b85a0,e834bfbd30b247e899f0dc029ab9f072,ffe2740eee8c49b39b2ce41f9983bcb4,4926607aafe749538c930e108275547e,71c1a8479b194efca65b44fb7f327afb,30c71719aed84c07ae21d0eff0deed72
5fe5888079644c41b966985f5b572f9c,bdb0d45caa2a4943959f8f501e51132b,30578712823948b086e3781343982938,e43d8e7bc32f406b9a692e2604f5b45a,75801225047a4c019100660c13f1e0f1,3c72832689d8406996e80893b719b974,bc607fd6000b43108e49b3d05688fe90,fa190e42ce5a47c99bcaa76138dbc615,1aef014473b84ef9a0f799114fe516c9,ffc5805e29a74be0a55b40318aa321d7,245212a659504b9b9cdbaf1ab1d040ff
e850e901ed844eacbf240b4358dadc9a,bdb0d45caa2a4943959f8f501e51132b,75801225047a4c019100660c13f1e0f1,30578712823948b086e3781343982938,7d3d751215194e649a03457226f599d7,f6207eb593394ff78e2cb35057477422,1aef014473b84ef9a0f799114fe516c9,ffc5805e29a74be0a55b40318aa321d7,e3854d75221c4e38879a6106bb5c1941,61d2391e8bc548b6bfa08f1ef2a0c47a,13e659415ac84c7a81fc769111d43417
07a659cb697144d5b174a3c714670fcd,cd764fbfae774d068af7549c648a02c9,f879b316413f45d2b64bb25e3f45a667,342aaa81ed004635bbf9cbc2592cd7b6,3e6a4b65a1004c08a6f3f570cf986c2f,f5d09519cf7647f8a107cd8fadd322e5,701ac1447f5a414e81156a56c3593a31,2b039224b54142d185a406b31fe01de2,20297482a5014732a843c9fdafba548e,7ab9086baf99475d8c93862a7dd36344,5e2f1a45f7174f1aa39a194179985876
1860486ceb1947ea93fe348ae75fe1f2,cd764fbfae774d068af7549c648a02c9,f879b316413f45d2b64bb25e3f45a667,3e6a4b65a1004c08a6f3f570cf986c2f,342aaa81ed004635bbf9cbc2592cd7b6,f5d09519cf7647f8a107cd8fadd322e5,701ac1447f5a414e81156a56c3593a31,2b039224b54142d185a406b31fe01de2,7ab9086baf99475d8c93862a7dd36344,5e2f1a45f7174f1aa39a194179985876,20297482a5014732a843c9fdafba548e
40f9434041994e2ca0b5307725fdd4bc,c24e3823376b436c8eb46eaeebbc7718,64e74af099b0485f8b6e71ac73aa2cb8,2c65a898314b42e6b2e93dca66fd15c2,11e1e3cdfe214385a2c24d0f957dde9b,da9cfbdf124143b78bec89393dd5287a,434551fdf9e443ed91679a9557ae6fd5,4254f6eaaed746bea797c3522036fc12,d7c9dafddaf547159d366dacf7b68a7e,30f654c6e69e48888f9f42dd95ab3c77,b6c493a3666c4db193e86c79faf099ab
75978aae26274d9b926b0b08cc16950a,66f4c650b7ca48f1bc27f9daff8d312a,ee7c00877ae64dac87123a3d75251530,cc78a6c92dfe4af49c2bd93f15e4f870,7f23e27e5652406784fdc2dea3918125,7ee65b33f8f44852ada468b1fed83433,e0ff5d4ae0ec4871a49041d550cdcaa9,22d9d5ad33e947fd857c5c4a8b7dfae1,444fa28d9ed54c82a522699041eae592,ec580ac6dd7149fb8a0a5a5d8b0f5b08,b425f33c33ad4be89a12da266d131a86
7fb1043e17c142cf8bc1704c263ae9b4,f5d09519cf7647f8a107cd8fadd322e5,701ac1447f5a414e81156a56c3593a31,3e6a4b65a1004c08a6f3f570cf986c2f,bc607fd6000b43108e49b3d05688fe90,2b039224b54142d185a406b31fe01de2,7ab9086baf99475d8c93862a7dd36344,342aaa81ed004635bbf9cbc2592cd7b6,a64f6232ee1e4357937008a327a63cf4,cd764fbfae774d068af7549c648a02c9,f879b316413f45d2b64bb25e3f45a667
13a4af2eb59944b9926a2ceec4e169fa,cd764fbfae774d068af7549c648a02c9,f879b316413f45d2b64bb25e3f45a667,3e6a4b65a1004c08a6f3f570cf986c2f,342aaa81ed004635bbf9cbc2592cd7b6,2b039224b54142d185a406b31fe01de2,701ac1447f5a414e81156a56c3593a31,f5d09519cf7647f8a107cd8fadd322e5,7ab9086baf99475d8c93862a7dd36344,20297482a5014732a843c9fdafba548e,31cf7db26a3249c5a6205b005662ddcf
7c0b316dd59246b4ba2bbf879d7c9d74,f5d09519cf7647f8a107cd8fadd322e5,3e6a4b65a1004c08a6f3f570cf986c2f,701ac1447f5a414e81156a56c3593a31,2b039224b54142d185a406b31fe01de2,342aaa81ed004635bbf9cbc2592cd7b6,bc607fd6000b43108e49b3d05688fe90,7ab9086baf99475d8c93862a7dd36344,a64f6232ee1e4357937008a327a63cf4,cd764fbfae774d068af7549c648a02c9,f879b316413f45d2b64bb25e3f45a667
9adf6404c5364c9da78b1c60e57ed94b,f879b316413f45d2b64bb25e3f45a667,cd764fbfae774d068af7549c648a02c9,2b039224b54142d185a406b31fe01de2,701ac1447f5a414e81156a56c3593a31,342aaa81ed004635bbf9cbc2592cd7b6,3e6a4b65a1004c08a6f3f570cf986c2f,7ab9086baf99475d8c93862a7dd36344,f5d09519cf7647f8a107cd8fadd322e5,31cf7db26a3249c5a6205b005662ddcf,a64f6232ee1e4357937008a327a63cf4
d1c6d2db55584c7e9425bce6b4029bcb,2fcf4a04d3654ffb9a5c1dfa3799e4f0,3bd43a42811048e3b7a7d9740bdb1971,c713a0ca69864ee7b240069c98dc44dc,30c71719aed84c07ae21d0eff0deed72,8889c114b071429cbe2418f5b0f2024b,33b5e2ae5ebe4f548bac3a00ab0a59eb,4c36aafaf38f4e9e9e09991737196fe1,a0408a6462b24cf18e50a8616359d5ad,0accd1d0138b49049d437c0d9b1c23c3,878e5c41be5c477e9f660ca361fdd727
6a4118df6def4cfeae3bb62650bcbfe1,2fcf4a04d3654ffb9a5c1dfa3799e4f0,c713a0ca69864ee7b240069c98dc44dc,8889c114b071429cbe2418f5b0f2024b,33b5e2ae5ebe4f548bac3a00ab0a59eb,295d0d40791245ff838c73a2aa27d065,e4e12f4711fd41e39075e26cc274df45,6c79712e67b54dd0a11d426a91207939,5363ae1c905d4879a63259de4954702e,cb2505b30d8a4dc086c353cf94424b6d,3bd43a42811048e3b7a7d9740bdb1971
70e2b8adca1a4fae93ba2708abc854fc,2fcf4a04d3654ffb9a5c1dfa3799e4f0,3bd43a42811048e3b7a7d9740bdb1971,c713a0ca69864ee7b240069c98dc44dc,8889c114b071429cbe2418f5b0f2024b,33b5e2ae5ebe4f548bac3a00ab0a59eb,878e5c41be5c477e9f660ca361fdd727,4c36aafaf38f4e9e9e09991737196fe1,30c71719aed84c07ae21d0eff0deed72,54e9bbd0093947a3bda5fef48ef7493d,cb550e5ff4694fe9a19eaa6588cef250
a14d78aab651419fbb973ee24df782f0,68aefc97056440af874039a28497cf98,2fcf4a04d3654ffb9a5c1dfa3799e4f0,3bd43a42811048e3b7a7d9740bdb1971,86179aff3df24ff59b11e9a34974a3f4,b6da55bea1244cf0a753b258420946b2,b585a2970e9f421da236241f603883f2,94ed54abfdc74b04b0dcb19c278e66f4,2d43cf91509846e29ab4febd7781919f,cb2505b30d8a4dc086c353cf94424b6d,8889c114b071429cbe2418f5b0f2024b
44b51300330643689a392e7b77ce78b9,d716ea165223433a8d49b93e96989482,f464960d2dbc43c0970c60600bd7f1cd,361f2b7f3f044907b3a331872fb18755,1ade4365590a4ac7865100d8c791e340,7daa434073604cb98a04fefb55468dda,6d3b4c95066e4dd8a6ad1c66b1c1ea4f,fc430b7683934be2aba12468b2409bb8,59f62d35b1ad451397b700b3dad25448,27a0d24dc1e14b28a1f18456b29c93f1,cb550e5ff4694fe9a19eaa6588cef250
a59bcbf84ffb47d0abaf3c42791c4eeb,e7ee85dd47ca43eeb2fdcd70b802f0ec,59f62d35b1ad451397b700b3dad25448,3766b26b53874893ae48693880e1942c,d658e3a743af41899183fecff6b2628d,599feb1e512c43ad8c0a1845922acf78,57bcda73abab44ee930b20cdaee9d24b,8350ea8cd6514c2c8d7b625abe7e895b,d43b0f94627d45918e18a80be127aa2c,94ed54abfdc74b04b0dcb19c278e66f4,636c21e19a5845e1b8d69a5fca928030
b0133b20a5a9444582fbb510d5158e94,3766b26b53874893ae48693880e1942c,59f62d35b1ad451397b700b3dad25448,e7ee85dd47ca43eeb2fdcd70b802f0ec,d43b0f94627d45918e18a80be127aa2c,cb2505b30d8a4dc086c353cf94424b6d,0433768f874042a5b2d2e37ad9deae13,1419b2c686f44896a0ae2a43e93b5402,26e55eb4d910464497d700bfdf5a36ca,d8b3ad3b5c4e474db41a671ab286424f,d716ea165223433a8d49b93e96989482
0c4c0aa7638b46729b25d811b58820c2,1f3cf50fe1f947d8a56e02ebca441c4c,d756970269e9443fb9bbf645a96aa84e,cf290994a83e4909aec30077477b9d04,aa082284f9894b5aa210c179d59999b1,70558882c04e46bd99d15e9786468418,eafb3480db704d7baa8216ce857d1610,43464ed6733f4642a0b90e7d995a5e40,00fb3a55134242769182c520d55681a2,1d70bc69b2f84bef9aa5fb0d9917e38d,7f0a68d19d2e4850846ffc08c47ed87d
077ba3ca8b4f4aafa1c3b07a9c81b87f,1f3cf50fe1f947d8a56e02ebca441c4c,43464ed6733f4642a0b90e7d995a5e40,cf290994a83e4909aec30077477b9d04,00fb3a55134242769182c520d55681a2,d756970269e9443fb9bbf645a96aa84e,aa082284f9894b5aa210c179d59999b1,5c09482fc8dc45bdbf7919f00dd540e0,7f0a68d19d2e4850846ffc08c47ed87d,1d70bc69b2f84bef9aa5fb0d9917e38d,eafb3480db704d7baa8216ce857d1610
343fdc468034438c90562b6db6f39797,d756970269e9443fb9bbf645a96aa84e,1f3cf50fe1f947d8a56e02ebca441c4c,6c874292dbcc49ff8bb8bbe5643593a5,daed5458403e49e3aea72f4bcc6dd224,6ea31a945d494834a3d243f1f90af02a,aa082284f9894b5aa210c179d59999b1,9c69642fab6749848e7ea7f5406a6da4,f12e9e5805534d719f829332d1ea5d29,ad3d372fbf054ea1ad06cfcb7490df4b,b98519f97e424c1389f5553f0869b15a
906efceb3d96448092f0c58433b87e1c,d756970269e9443fb9bbf645a96aa84e,1f3cf50fe1f947d8a56e02ebca441c4c,6c874292dbcc49ff8bb8bbe5643593a5,daed5458403e49e3aea72f4bcc6dd224,aa082284f9894b5aa210c179d59999b1,6ea31a945d494834a3d243f1f90af02a,b98519f97e424c1389f5553f0869b15a,f12e9e5805534d719f829332d1ea5d29,ad3d372fbf054ea1ad06cfcb7490df4b,9c69642fab6749848e7ea7f5406a6da4
e1236162007c4212aaf19e0771d4b741,74644c8cc17449cf89379868e7b21398,5e0a2bc284cf4002914ae4e6aaef41e8,f31e9fdffaa642ed98e91b07a30f3a8c,3e923b6e3ceb4901b77c9a18729546eb,d5ecdd142b544edca1b16ee83a9cf908,9452a2f21f7d4feeb2605d9b6647fc13,c2b49382e2f34b1c90013236a5fbaef0,7070715ef90743da8691dd4ad134eb0c,7e8a4a43e2f84dbb88e41cb24b3fe79f,c1def54262224e23acf67a9870725ce5
00d00578efec48fab535293ac554abc7,74644c8cc17449cf89379868e7b21398,5e0a2bc284cf4002914ae4e6aaef41e8,f31e9fdffaa642ed98e91b07a30f3a8c,3e923b6e3ceb4901b77c9a18729546eb,d5ecdd142b544edca1b16ee83a9cf908,9452a2f21f7d4feeb2605d9b6647fc13,c2b49382e2f34b1c90013236a5fbaef0,7e8a4a43e2f84dbb88e41cb24b3fe79f,7070715ef90743da8691dd4ad134eb0c,c1def54262224e23acf67a9870725ce5
cb31998c075d450d95c9b67944dcbd76,13e659415ac84c7a81fc769111d43417,e3854d75221c4e38879a6106bb5c1941,cae139b6e4914ce7b0ef1e68b8b857eb,3cb231e1167e45f9bf5771a4e0074092,1aef014473b84ef9a0f799114fe516c9,23a16d69ffe848d593a4808907d8aa98,5537ddec608a4ec586ea068fa27547ca,eb21a4e2b7bd43efbdf0c365415e7fef,30578712823948b086e3781343982938,243dbbcdc67c42bfa6f32c47477adf6d
b3ebec0b824f4a8a8fb8920f8441b6fd,dee9eddb2eac41bfaf36d3279d43674a,23a16d69ffe848d593a4808907d8aa98,cb75c6ef71cb4991805920f2894e0e96,8d595c7da42545c88052e7b213b6c97c,34b736136487439389c10cc6bd4e9f4e,9c69642fab6749848e7ea7f5406a6da4,97959d02a64f4a3fbbebe7cbece6c012,7d0190486da540718e4dc4ca4bd1f573,6c51b4f57ba0415f994756e944b11cee,133bfbe9a7c741fcb638ecf1b0088213
4aa0e4f3efc14a9ea0bce80841eb621b,13e659415ac84c7a81fc769111d43417,e3854d75221c4e38879a6106bb5c1941,cae139b6e4914ce7b0ef1e68b8b857eb,eb21a4e2b7bd43efbdf0c365415e7fef,23a16d69ffe848d593a4808907d8aa98,9d09e3cd382c4d0ea0f6f50261e3e4c8,e79ae27b52fa4d54aa37735fd275c66e,fbfaa119f55a477984e42d80498f54d3,3cb231e1167e45f9bf5771a4e0074092,cf293392122347a180cf2126f4589acb
497a54d4f7074270862214aee7e64871,8dfe01febd46475ab5aef97033716ce1,daed5458403e49e3aea72f4bcc6dd224,f1c9c5051bdd4a11a064260bbb9d6d7b,f12e9e5805534d719f829332d1ea5d29,d695b7afdc3841a28a56df578e56afce,6ea31a945d494834a3d243f1f90af02a,e12ad1ce8e7940a999b9a4f91a95fab7,7226603f024c45c6a6e44b00e52e8aad,69ac8397e9624bfd8aee237b9f9ea3b5,6c874292dbcc49ff8bb8bbe5643593a5
1916331efe4549b3be624c41a1538927,daed5458403e49e3aea72f4bcc6dd224,8dfe01febd46475ab5aef97033716ce1,f12e9e5805534d719f829332d1ea5d29,6ea31a945d494834a3d243f1f90af02a,f1c9c5051bdd4a11a064260bbb9d6d7b,cf7476d6c96b4dcdb6f025b9291eb62b,d695b7afdc3841a28a56df578e56afce,6c874292dbcc49ff8bb8bbe5643593a5,e12ad1ce8e7940a999b9a4f91a95fab7,69ac8397e9624bfd8aee237b9f9ea3b5
5ac53d8e26eb4e318f26ab79a0321759,daed5458403e49e3aea72f4bcc6dd224,f12e9e5805534d719f829332d1ea5d29,8dfe01febd46475ab5aef97033716ce1,6ea31a945d494834a3d243f1f90af02a,f1c9c5051bdd4a11a064260bbb9d6d7b,6c874292dbcc49ff8bb8bbe5643593a5,d695b7afdc3841a28a56df578e56afce,cf7476d6c96b4dcdb6f025b9291eb62b,69ac8397e9624bfd8aee237b9f9ea3b5,b77d8b7bb0114c379139d280a9210e83
80c9830759ea407a88a5484659289f5d,f1c9c5051bdd4a11a064260bbb9d6d7b,e12ad1ce8e7940a999b9a4f91a95fab7,f12e9e5805534d719f829332d1ea5d29,7226603f024c45c6a6e44b00e52e8aad,d695b7afdc3841a28a56df578e56afce,8dfe01febd46475ab5aef97033716ce1,daed5458403e49e3aea72f4bcc6dd224,6866efc8987a4ec8b04b7abd28fb5777,ccb62901750b4d13a922fc161b607f83,cf7476d6c96b4dcdb6f025b9291eb62b
6d337f44e61147928e64eab798fe3328,f1c9c5051bdd4a11a064260bbb9d6d7b,e12ad1ce8e7940a999b9a4f91a95fab7,f12e9e5805534d719f829332d1ea5d29,d695b7afdc3841a28a56df578e56afce,7226603f024c45c6a6e44b00e52e8aad,ccb62901750b4d13a922fc161b607f83,8dfe01febd46475ab5aef97033716ce1,daed5458403e49e3aea72f4bcc6dd224,6866efc8987a4ec8b04b7abd28fb5777,6ea31a945d494834a3d243f1f90af02a
0cdbb3c4d2ac4c828901f6bd0a6a2b2f,434551fdf9e443ed91679a9557ae6fd5,4254f6eaaed746bea797c3522036fc12,059a284910e849efbbc7073b8681409f,4a3d4daed4b24a1898551f0fd1ba44f1,3356a8a8c6ee4f30bc2b028e360d4471,64d9091426f9461c97c98a5428856bcf,da61e0de396149208c9ebd0fd6d7415d,66cba49431224a3788f914d6a80165e1,34b736136487439389c10cc6bd4e9f4e,de1102228a324428989533278cd482f6
5f108ee31ee841e0a7a9c47cc18206be,4254f6eaaed746bea797c3522036fc12,434551fdf9e443ed91679a9557ae6fd5,baf841bad27c456c9de7227555ea3ef8,243dbbcdc67c42bfa6f32c47477adf6d,476ce3ffff564a5aa985808e7d2cab17,503d2f067a8a4f5798b1c64b07ab0bc5,de1102228a324428989533278cd482f6,016e634d566b49c199d07357aae9bf33,9452a2f21f7d4feeb2605d9b6647fc13,65e30dd62cfa4dccb9ea4d908a9d6fab
747ff46c283a4c069b67ffbf8e5a07cb,434551fdf9e443ed91679a9557ae6fd5,77cecb221149474896d9b2eb848bf150,07958f43551e459eb30638b632e3cd64,c84deec0ecf843c39f52d4cb8e7300f8,039f8e63b273472d8f1d99d9a5de5cf5,e7aaa514f6f64a258a640ea341aa1a18,4254f6eaaed746bea797c3522036fc12,3356a8a8c6ee4f30bc2b028e360d4471,34b736136487439389c10cc6bd4e9f4e,105ad424733e4cffa7c474b51e3980aa
8f0d666c50404645b13bfe3e66f42211,b90d74e80c37486eaee89b6fbab13671,3cb231e1167e45f9bf5771a4e0074092,016e634d566b49c199d07357aae9bf33,796eade2ee4f466781d9f6669db43e48,b5f237fefb38465bb6a068c9cf75ba31,cae139b6e4914ce7b0ef1e68b8b857eb,e3854d75221c4e38879a6106bb5c1941,8f0e477fc779414e9b47995c0b25a87d,5537ddec608a4ec586ea068fa27547ca,b98519f97e424c1389f5553f0869b15a
6ebcf08b1bfb414a81cb644955467ddc,b90d74e80c37486eaee89b6fbab13671,3cb231e1167e45f9bf5771a4e0074092,016e634d566b49c199d07357aae9bf33,b98519f97e424c1389f5553f0869b15a,796eade2ee4f466781d9f6669db43e48,af648fa7ac6c4c50a246de470329cd83,e3854d75221c4e38879a6106bb5c1941,8d595c7da42545c88052e7b213b6c97c,f65b6fb5b40a49d1896de7a115469d40,b5f237fefb38465bb6a068c9cf75ba31
ba3cf143599441c69bb6e84716c550c1,3cb231e1167e45f9bf5771a4e0074092,cae139b6e4914ce7b0ef1e68b8b857eb,b90d74e80c37486eaee89b6fbab13671,13e659415ac84c7a81fc769111d43417,e3854d75221c4e38879a6106bb5c1941,476ce3ffff564a5aa985808e7d2cab17,8c674a7b65e24114a45dd3c861a7ccfc,016e634d566b49c199d07357aae9bf33,b98519f97e424c1389f5553f0869b15a,243dbbcdc67c42bfa6f32c47477adf6d
f9c6d687d22445a3a42bb5ef26f1efb1,4d0a737f396d4a95808085bd1306746c,aedd476072b345e9be46ebd7260e93a6,07958f43551e459eb30638b632e3cd64,812a1568c77d46e695f8eb7357e24a0e,5cf392f15360460bae6a6b0182bb99b9,a5d5fb459a1844088e93ae557ab34afe,f6061b71031b4ddb9384f86c103690a4,797cc520b8c94d9bbef187818ab51647,99dbf0cd0c6343ffbcf97f04efc4143c,039f8e63b273472d8f1d99d9a5de5cf5
55ff335679e94c7e9136c35ec45ffe08,aedd476072b345e9be46ebd7260e93a6,4d0a737f396d4a95808085bd1306746c,f6061b71031b4ddb9384f86c103690a4,99dbf0cd0c6343ffbcf97f04efc4143c,5cf392f15360460bae6a6b0182bb99b9,812a1568c77d46e695f8eb7357e24a0e,07958f43551e459eb30638b632e3cd64,a5d5fb459a1844088e93ae557ab34afe,87fc1d6a57ea488786caaec8599c3b8b,52f20bd7eb50430c95f0916727880a1b
2d18983b2c08444f9c28b8ff9d211b4b,4d0a737f396d4a95808085bd1306746c,aedd476072b345e9be46ebd7260e93a6,07958f43551e459eb30638b632e3cd64,812a1568c77d46e695f8eb7357e24a0e,a5d5fb459a1844088e93ae557ab34afe,5cf392f15360460bae6a6b0182bb99b9,f6061b71031b4ddb9384f86c103690a4,797cc520b8c94d9bbef187818ab51647,99dbf0cd0c6343ffbcf97f04efc4143c,77cecb221149474896d9b2eb848bf150
3ffce0f5b295425b9e8dcac59218f776,aedd476072b345e9be46ebd7260e93a6,4d0a737f396d4a95808085bd1306746c,f6061b71031b4ddb9384f86c103690a4,812a1568c77d46e695f8eb7357e24a0e,5cf392f15360460bae6a6b0182bb99b9,99dbf0cd0c6343ffbcf97f04efc4143c,07958f43551e459eb30638b632e3cd64,03df72bcf3504272a27f4bbaea89118a,87fc1d6a57ea488786caaec8599c3b8b,48240083d13148bd84ddee8c7f9fcd22
d8a7ca9c214246edb53a05f963f18ae2,7fe9e665bf41491c9788941aa2894a10,d25e6f2fc8154dd7816f8f7a41bee12b,90b560de76b149c09c7cd6efb3f12cfd,0ecfdd96e0054841883acba75e83b232,f32f4607b4714e378831f924c5e6084d,764b8280445d4023aecaa53cf7758932,384b14b18c3c43b1a4dc1aa2f661e076,60e87368fe334a92b57088b03cccbfc1,d2bcc978e7aa49908919d9fc40138b27,2839430464164d5ba00713b42d4d96e4
57062952f9e74d028985df841b24f285,d25e6f2fc8154dd7816f8f7a41bee12b,90b560de76b149c09c7cd6efb3f12cfd,7fe9e665bf41491c9788941aa2894a10,0ecfdd96e0054841883acba75e83b232,764b8280445d4023aecaa53cf7758932,99830b8da7c24f909914f7bb167f3ea6,f37d285ad0de42f0b1546d0d1acfb221,64e74af099b0485f8b6e71ac73aa2cb8,655a618282cd4fa39a26f0967c033f4b,384b14b18c3c43b1a4dc1aa2f661e076
5d12bfa69be74f498b42610ff9736913,d25e6f2fc8154dd7816f8f7a41bee12b,7fe9e665bf41491c9788941aa2894a10,90b560de76b149c09c7cd6efb3f12cfd,0ecfdd96e0054841883acba75e83b232,764b8280445d4023aecaa53cf7758932,4a3d4daed4b24a1898551f0fd1ba44f1,5a6f4a2f7f6a4b1fa146493472e6d721,655a618282cd4fa39a26f0967c033f4b,c14e45f5201b4038bdddddb238d888a3,384b14b18c3c43b1a4dc1aa2f661e076
1ac8ca7603544075954a8714e1990e7f,7fe9e665bf41491c9788941aa2894a10,f32f4607b4714e378831f924c5e6084d,d25e6f2fc8154dd7816f8f7a41bee12b,60e87368fe334a92b57088b03cccbfc1,90b560de76b149c09c7cd6efb3f12cfd,0ecfdd96e0054841883acba75e83b232,d2bcc978e7aa49908919d9fc40138b27,655a618282cd4fa39a26f0967c033f4b,764b8280445d4023aecaa53cf7758932,384b14b18c3c43b1a4dc1aa2f661e076
5c82142a41eb4fa7a6f77361c5865f55,714e47cd21e5416f864a4bc938850a72,a7077a82d2c74518b96fb45e35f6e150,797cc520b8c94d9bbef187818ab51647,87fc1d6a57ea488786caaec8599c3b8b,415641aa43724ed9bc4710302b77edc3,4d0a737f396d4a95808085bd1306746c,f4b7e6e902e344859cb041126b69ce3c,8987ceafff324f9599b842542e37eddd,e735729c80d84f76a6133c065d5380f8,6866efc8987a4ec8b04b7abd28fb5777
7c97ff590ca246898e57f4f75c6d9880,714e47cd21e5416f864a4bc938850a72,a7077a82d2c74518b96fb45e35f6e150,87fc1d6a57ea488786caaec8599c3b8b,797cc520b8c94d9bbef187818ab51647,415641aa43724ed9bc4710302b77edc3,4d0a737f396d4a95808085bd1306746c,8987ceafff324f9599b842542e37eddd,e735729c80d84f76a6133c065d5380f8,4e4495962a9b4864882397042f1a2b3e,f4b7e6e902e344859cb041126b69ce3c
b439e61143bb452198ea7179e6153565,a7077a82d2c74518b96fb45e35f6e150,87fc1d6a57ea488786caaec8599c3b8b,714e47cd21e5416f864a4bc938850a72,797cc520b8c94d9bbef187818ab51647,e12ad1ce8e7940a999b9a4f91a95fab7,ccb62901750b4d13a922fc161b607f83,415641aa43724ed9bc4710302b77edc3,71d4b4036e594d7399506e6fd9b88063,f4b7e6e902e344859cb041126b69ce3c,6866efc8987a4ec8b04b7abd28fb5777
fd60a3efb7074ef7b1e3aaf40201c970,a7077a82d2c74518b96fb45e35f6e150,87fc1d6a57ea488786caaec8599c3b8b,714e47cd21e5416f864a4bc938850a72,797cc520b8c94d9bbef187818ab51647,e12ad1ce8e7940a999b9a4f91a95fab7,ccb62901750b4d13a922fc161b607f83,415641aa43724ed9bc4710302b77edc3,71d4b4036e594d7399506e6fd9b88063,f4b7e6e902e344859cb041126b69ce3c,d695b7afdc3841a28a56df578e56afce
74279677b01649fe9c9330832c44e188,0daf8d5687b54d158f7f752884c42334,bbdf9065122d499d9d8f80ad3e0ef6f3,556743bab70d4b75bafcf192fef95b16,878e5c41be5c477e9f660ca361fdd727,be9e713988ba4bbba869885cad419259,2f0401170d104b47b0a8f087f69dee88,26869cc099c44c4a86f6043476ab4890,0433768f874042a5b2d2e37ad9deae13,cdd73e0289aa4e2b87cd14e6ff5bd75e,7ef653f7e5f64e1b8bba73b9518b87b7
76f1a57141c141cf8c82961ec4686a1c,bbdf9065122d499d9d8f80ad3e0ef6f3,db69f22fe72246ea85d33991961a649a,74de04f31db94a99b757685c91779412,eeb3b60f34af40de850e065b475d8180,556743bab70d4b75bafcf192fef95b16,0daf8d5687b54d158f7f752884c42334,be9e713988ba4bbba869885cad419259,ef511457ee7c490c8e10eccf6e18fef6,7ef653f7e5f64e1b8bba73b9518b87b7,dd36cc0867b94d55a43b82c1c9a0e95c
9fb4debf99ee489098c330310de8b65d,0daf8d5687b54d158f7f752884c42334,2f0401170d104b47b0a8f087f69dee88,a35d7304347a4f81b1ccfb086956921c,cdd73e0289aa4e2b87cd14e6ff5bd75e,bbdf9065122d499d9d8f80ad3e0ef6f3,0433768f874042a5b2d2e37ad9deae13,636c21e19a5845e1b8d69a5fca928030,26869cc099c44c4a86f6043476ab4890,556743bab70d4b75bafcf192fef95b16,eeb3b60f34af40de850e065b475d8180
22afc0397a0a4324acedfe7a1e698dc5,bbdf9065122d499d9d8f80ad3e0ef6f3,b0236c76ae244fd8aacbea7da10e55ca,04d24d1cf42b4f7787d8d300cbad6d50,8ebbcf8e4e6f400ba1839e9d75806274,092cb872c8724c7681c50da9c6cfa252,0daf8d5687b54d158f7f752884c42334,27a67d3e76814297aebf64e03d14c336,dbb3fe11ad004895b302a84e7c066fcc,26869cc099c44c4a86f6043476ab4890,8350ea8cd6514c2c8d7b625abe7e895b
8bb786e1ae9e46dbb6ebe4f36bb30022,fc430b7683934be2aba12468b2409bb8,27a0d24dc1e14b28a1f18456b29c93f1,e8927e14983a43da900edd926dd35adb,dbb3fe11ad004895b302a84e7c066fcc,59f62d35b1ad451397b700b3dad25448,0accd1d0138b49049d437c0d9b1c23c3,f91157bb8fca4a8e98db33591a76be9a,cb550e5ff4694fe9a19eaa6588cef250,e7ee85dd47ca43eeb2fdcd70b802f0ec,57bcda73abab44ee930b20cdaee9d24b
afdec97feacc44a4b83541c2e0c7a33e,fc430b7683934be2aba12468b2409bb8,27a0d24dc1e14b28a1f18456b29c93f1,e8927e14983a43da900edd926dd35adb,dbb3fe11ad004895b302a84e7c066fcc,cb550e5ff4694fe9a19eaa6588cef250,0accd1d0138b49049d437c0d9b1c23c3,f91157bb8fca4a8e98db33591a76be9a,1ade4365590a4ac7865100d8c791e340,57bcda73abab44ee930b20cdaee9d24b,bcfa4a4177d44d8b8cda17b7a23196b0
8756904ecec04706890eb72f81305ad8,dbb3fe11ad004895b302a84e7c066fcc,e8927e14983a43da900edd926dd35adb,27a0d24dc1e14b28a1f18456b29c93f1,fc430b7683934be2aba12468b2409bb8,0accd1d0138b49049d437c0d9b1c23c3,bfd1d441da734aad88cfacdab3ee4059,f91157bb8fca4a8e98db33591a76be9a,d658e3a743af41899183fecff6b2628d,6d3b4c95066e4dd8a6ad1c66b1c1ea4f,bcfa4a4177d44d8b8cda17b7a23196b0
8b8151048f8d4951a310c33c9a5d2c43,27a0d24dc1e14b28a1f18456b29c93f1,fc430b7683934be2aba12468b2409bb8,e8927e14983a43da900edd926dd35adb,dbb3fe11ad004895b302a84e7c066fcc,1ade4365590a4ac7865100d8c791e340,cb550e5ff4694fe9a19eaa6588cef250,0accd1d0138b49049d437c0d9b1c23c3,4e4495962a9b4864882397042f1a2b3e,f91157bb8fca4a8e98db33591a76be9a,bfd1d441da734aad88cfacdab3ee4059
ef2a80861fc14e18ab15656a8a125c8c,b00b2395b49949508fade89bb3eac98b,e86a0aae846a4e44bf967ab4972c977c,9fd4c00672d84215b3e21812aef3d6ac,f5a9583711fc4ff4a46e85c24886b234,dd9e8283197b473d8ffd502561bdaaec,8a9dc60359ba49cd8ac170cfb4ac3913,a9d82bb43410405ca21b44a5e82e22b6,d65e3a3657ae455e954b6d7221afc84c,2c3599a1611644f4908562f8fb8870d3,cb32ec9a538a4c0f8462771946ced93b
0df6b8fc44a3430782efcbe10851747b,b00b2395b49949508fade89bb3eac98b,e86a0aae846a4e44bf967ab4972c977c,a9d82bb43410405ca21b44a5e82e22b6,f5a9583711fc4ff4a46e85c24886b234,dd9e8283197b473d8ffd502561bdaaec,9fd4c00672d84215b3e21812aef3d6ac,d65e3a3657ae455e954b6d7221afc84c,2c3599a1611644f4908562f8fb8870d3,8a9dc60359ba49cd8ac170cfb4ac3913,e4fcd30261804b089efa940359057ba2
de8c81d294194b43ba2dcbc36eff8ff8,dd9e8283197b473d8ffd502561bdaaec,a9d82bb43410405ca21b44a5e82e22b6,e86a0aae846a4e44bf967ab4972c977c,9fd4c00672d84215b3e21812aef3d6ac,b00b2395b49949508fade89bb3eac98b,2c3599a1611644f4908562f8fb8870d3,d65e3a3657ae455e954b6d7221afc84c,189a3b686ad14c24b5e1a495f76dd239,796eade2ee4f466781d9f6669db43e48,8a9dc60359ba49cd8ac170cfb4ac3913
c28da2f21daf4e57ac46e2bac9595e26,dd9e8283197b473d8ffd502561bdaaec,a9d82bb43410405ca21b44a5e82e22b6,b00b2395b49949508fade89bb3eac98b,e86a0aae846a4e44bf967ab4972c977c,9fd4c00672d84215b3e21812aef3d6ac,189a3b686ad14c24b5e1a495f76dd239,d65e3a3657ae455e954b6d7221afc84c,2c3599a1611644f4908562f8fb8870d3,e4fcd30261804b089efa940359057ba2,796eade2ee4f466781d9f6669db43e48
e12c80d95476447dba9b11c911992609,71d4b4036e594d7399506e6fd9b88063,f532294d68604bc2aa9ad8804a8c6d5f,87fc1d6a57ea488786caaec8599c3b8b,fc70a4c2c4834e0eba1a14470f563b03,5537ddec608a4ec586ea068fa27547ca,f3fddb55448a46778b5d807642cceb71,b5f237fefb38465bb6a068c9cf75ba31,a7077a82d2c74518b96fb45e35f6e150,dd77b570036f40de9fdf49011bb9e2d8,4230775a9d51448396cacb9061f0e5f9
7c7d36ea7b1242068efef6a72b998b95,71d4b4036e594d7399506e6fd9b88063,f532294d68604bc2aa9ad8804a8c6d5f,b5f237fefb38465bb6a068c9cf75ba31,87fc1d6a57ea488786caaec8599c3b8b,f3fddb55448a46778b5d807642cceb71,5537ddec608a4ec586ea068fa27547ca,dd77b570036f40de9fdf49011bb9e2d8,fc70a4c2c4834e0eba1a14470f563b03,a7077a82d2c74518b96fb45e35f6e150,ba8d0208e32e42969bd4349cf24f6ed1
b6031a4a73c94a459b6d26c1d8829bd0,f532294d68604bc2aa9ad8804a8c6d5f,71d4b4036e594d7399506e6fd9b88063,d9096650c434432c871effeca9acd5c6,ba8d0208e32e42969bd4349cf24f6ed1,403835bbf2f1447188bcc78e062b0028,0b57f893483647c3aed811775a4c4c04,4230775a9d51448396cacb9061f0e5f9,f335a944a27a4504a82ecf70c2d4a5e4,3aa003c1e31b476e999c3a808a1d5dc6,0cdb0f32850f4585a16de4886462bbe0
cade21dad7f74878b910ad5e0060d6e4,f532294d68604bc2aa9ad8804a8c6d5f,71d4b4036e594d7399506e6fd9b88063,d9096650c434432c871effeca9acd5c6,ba8d0208e32e42969bd4349cf24f6ed1,0b57f893483647c3aed811775a4c4c04,403835bbf2f1447188bcc78e062b0028,4230775a9d51448396cacb9061f0e5f9,f335a944a27a4504a82ecf70c2d4a5e4,0cdb0f32850f4585a16de4886462bbe0,2acbd3ec289a47f7b4108896ec632585
21354b108cee4d5a8ea7b2d1459410d3,8c5f38853679436ba434b6a696e43168,716a15d66b63424a8068da89e75733b4,b01fd4d037a84a7aa777e1fc345c73c5,a8904adcdd21495f890bc614bfdbf86f,4230775a9d51448396cacb9061f0e5f9,761a3a01495143f0a86beac4234cae3a,d7618b61a65a4bc1a0d0f2cc1bddc448,fc70a4c2c4834e0eba1a14470f563b03,afac6ae28fac41dabae96696990c5555,bb6ecabbce1b43d997d00d7acdc95193
e5265fd04dc84392b38bfe8ab07708b7,8c5f38853679436ba434b6a696e43168,716a15d66b63424a8068da89e75733b4,b01fd4d037a84a7aa777e1fc345c73c5,a8904adcdd21495f890bc614bfdbf86f,761a3a01495143f0a86beac4234cae3a,4230775a9d51448396cacb9061f0e5f9,d7618b61a65a4bc1a0d0f2cc1bddc448,afac6ae28fac41dabae96696990c5555,fc70a4c2c4834e0eba1a14470f563b03,bb6ecabbce1b43d997d00d7acdc95193
abaa87591059401aa7cacf5863a34f32,1a842f077119475794cc2de48e154374,88f796c14d184ecfaa5b0109161db259,00e9d4081c2f45d1a818bfeab099863a,9db7d32d79024ba6a73c55fde6f55968,1c2b01416e3943e3b3c575e53c3f1d16,fbfaa119f55a477984e42d80498f54d3,36ee1613abf245cdbe93fef69b5f981f,009be1c3430743ff9b054bdfcd6228d6,bce599075dfd4fac8dd78626106e3071,4a6eba10a02a4ecdbb6b25e8651c3789
f94a7e7419784d4ebda0ff5f8ef3c9f5,88f796c14d184ecfaa5b0109161db259,1a842f077119475794cc2de48e154374,9db7d32d79024ba6a73c55fde6f55968,00e9d4081c2f45d1a818bfeab099863a,61d2391e8bc548b6bfa08f1ef2a0c47a,9677dd2a3aae457a8079087ce4177e14,bce599075dfd4fac8dd78626106e3071,93dc50abd35349f7923100dca2f41002,36ee1613abf245cdbe93fef69b5f981f,1c2b01416e3943e3b3c575e53c3f1d16
cecbc55e0fe942e186be8064a4ad80bf,1a842f077119475794cc2de48e154374,88f796c14d184ecfaa5b0109161db259,00e9d4081c2f45d1a818bfeab099863a,9db7d32d79024ba6a73c55fde6f55968,1c2b01416e3943e3b3c575e53c3f1d16,36ee1613abf245cdbe93fef69b5f981f,009be1c3430743ff9b054bdfcd6228d6,bce599075dfd4fac8dd78626106e3071,4a6eba10a02a4ecdbb6b25e8651c3789,fbfaa119f55a477984e42d80498f54d3
80d47a70768e407bb5a1cd495387e011,88f796c14d184ecfaa5b0109161db259,9db7d32d79024ba6a73c55fde6f55968,1a842f077119475794cc2de48e154374,00e9d4081c2f45d1a818bfeab099863a,9677dd2a3aae457a8079087ce4177e14,fbfaa119f55a477984e42d80498f54d3,74bd120b8f714d03bc9dd1a703fe4d7f,4a6eba10a02a4ecdbb6b25e8651c3789,23199e1859544647893a97ea365c5c83,93dc50abd35349f7923100dca2f41002
d1c3c4008d3a458ca5c2438615c3a113,5e0a2bc284cf4002914ae4e6aaef41e8,3e923b6e3ceb4901b77c9a18729546eb,74644c8cc17449cf89379868e7b21398,c2b49382e2f34b1c90013236a5fbaef0,f31e9fdffaa642ed98e91b07a30f3a8c,d5ecdd142b544edca1b16ee83a9cf908,9452a2f21f7d4feeb2605d9b6647fc13,7e8a4a43e2f84dbb88e41cb24b3fe79f,7070715ef90743da8691dd4ad134eb0c,c1def54262224e23acf67a9870725ce5
86bed733c05f41519f76576710fcce05,5e0a2bc284cf4002914ae4e6aaef41e8,3e923b6e3ceb4901b77c9a18729546eb,74644c8cc17449cf89379868e7b21398,f31e9fdffaa642ed98e91b07a30f3a8c,c2b49382e2f34b1c90013236a5fbaef0,d5ecdd142b544edca1b16ee83a9cf908,9452a2f21f7d4feeb2605d9b6647fc13,ffe2740eee8c49b39b2ce41f9983bcb4,7e8a4a43e2f84dbb88e41cb24b3fe79f,d75a52d716984f318f976bbfc7bee787
cb1eb8a8b7594957b332dec5dc590436,5e0a2bc284cf4002914ae4e6aaef41e8,3e923b6e3ceb4901b77c9a18729546eb,74644c8cc17449cf89379868e7b21398,f31e9fdffaa642ed98e91b07a30f3a8c,c2b49382e2f34b1c90013236a5fbaef0,d5ecdd142b544edca1b16ee83a9cf908,9452a2f21f7d4feeb2605d9b6647fc13,ffe2740eee8c49b39b2ce41f9983bcb4,7070715ef90743da8691dd4ad134eb0c,d75a52d716984f318f976bbfc7bee787
7dfc06c380304101bd335775988b2fb2,5e0a2bc284cf4002914ae4e6aaef41e8,3e923b6e3ceb4901b77c9a18729546eb,74644c8cc17449cf89379868e7b21398,c2b49382e2f34b1c90013236a5fbaef0,f31e9fdffaa642ed98e91b07a30f3a8c,d5ecdd142b544edca1b16ee83a9cf908,9452a2f21f7d4feeb2605d9b6647fc13,7070715ef90743da8691dd4ad134eb0c,c1def54262224e23acf67a9870725ce5,7e8a4a43e2f84dbb88e41cb24b3fe79f
999934829ec2429b967f27b051da6a53,c2b49382e2f34b1c90013236a5fbaef0,5e0a2bc284cf4002914ae4e6aaef41e8,3e923b6e3ceb4901b77c9a18729546eb,74644c8cc17449cf89379868e7b21398,f31e9fdffaa642ed98e91b07a30f3a8c,7e8a4a43e2f84dbb88e41cb24b3fe79f,9452a2f21f7d4feeb2605d9b6647fc13,d5ecdd142b544edca1b16ee83a9cf908,c1def54262224e23acf67a9870725ce5,7070715ef90743da8691dd4ad134eb0c
ed4102db144043b6952d6cb9acdcc007,022e16490d1949b9ab2fc1de5a837031,7c061d36393540b49e20d98086bdb5bd,1004b33e3126472faa78e1929ed974e6,9ffa09a2b9bd4da0ba98fc537ca68802,3b7d56c26da14b3a9b1cd52b5b35891b,9aca522158f443fd8a9caaec38ae5e2c,0228b1e9e3244da3a727930123ba7bda,f2077addeb6142c8b3540916522126e8,c5486d5e31084ee797da0ebdacb17abc,4c8476482736459881e2a3b0509ee103
0020ab6d2078440b870ebf4a01c0351f,022e16490d1949b9ab2fc1de5a837031,7c061d36393540b49e20d98086bdb5bd,1004b33e3126472faa78e1929ed974e6,9ffa09a2b9bd4da0ba98fc537ca68802,9aca522158f443fd8a9caaec38ae5e2c,3b7d56c26da14b3a9b1cd52b5b35891b,0228b1e9e3244da3a727930123ba7bda,c5486d5e31084ee797da0ebdacb17abc,f2077addeb6142c8b3540916522126e8,4c8476482736459881e2a3b0509ee103
d3fc0aaff9224a678bb3210f1e8767ea,7c061d36393540b49e20d98086bdb5bd,022e16490d1949b9ab2fc1de5a837031,f2077addeb6142c8b3540916522126e8,c5486d5e31084ee797da0ebdacb17abc,0228b1e9e3244da3a727930123ba7bda,9aca522158f443fd8a9caaec38ae5e2c,1004b33e3126472faa78e1929ed974e6,9ffa09a2b9bd4da0ba98fc537ca68802,3b7d56c26da14b3a9b1cd52b5b35891b,50a2129b83404b94889a01f4688ebafd
8b37e7b8f87749c48d81e99c8d376700,7c061d36393540b49e20d98086bdb5bd,022e16490d1949b9ab2fc1de5a837031,f2077addeb6142c8b3540916522126e8,c5486d5e31084ee797da0ebdacb17abc,0228b1e9e3244da3a727930123ba7bda,9aca522158f443fd8a9caaec38ae5e2c,1004b33e3126472faa78e1929ed974e6,9ffa09a2b9bd4da0ba98fc537ca68802,3b7d56c26da14b3a9b1cd52b5b35891b,50a2129b83404b94889a01f4688ebafd
2e9248c10d1044a2a090d3fa4aa29fe5,91f9f8576e5142a49926bd623b0bc19c,f8856799293e49feab6368e794eb8b00,632cc2bc04034dd4848855fe6497262d,babbeca1f6a244a2a11ea77a3855e70f,119a6d7b4af3458b951fc1c5ab5e1738,a9573f188204436090fb4a5240e4eccd,938147b72e9540da8513910871e0830a,45e440d874a54bb591862ff441114cd3,8a9dc60359ba49cd8ac170cfb4ac3913,189a3b686ad14c24b5e1a495f76dd239
8d4f78a13e3e4f569761273ba212d220,a9573f188204436090fb4a5240e4eccd,babbeca1f6a244a2a11ea77a3855e70f,938147b72e9540da8513910871e0830a,632cc2bc04034dd4848855fe6497262d,119a6d7b4af3458b951fc1c5ab5e1738,91f9f8576e5142a49926bd623b0bc19c,f8856799293e49feab6368e794eb8b00,9d09e3cd382c4d0ea0f6f50261e3e4c8,43ee0103cba54b4e9d165717735ca0f6,5d5baf5ce88b4b529e28ab9c7c114148
5487b0f31d2343fea0caab9f145c7a40,119a6d7b4af3458b951fc1c5ab5e1738,938147b72e9540da8513910871e0830a,a9573f188204436090fb4a5240e4eccd,632cc2bc04034dd4848855fe6497262d,f8856799293e49feab6368e794eb8b00,91f9f8576e5142a49926bd623b0bc19c,babbeca1f6a244a2a11ea77a3855e70f,8a9dc60359ba49cd8ac170cfb4ac3913,772cb9726861451d9972604da6f65c55,43ee0103cba54b4e9d165717735ca0f6
678907f3b26242c9b3555311ee9dbf79,91f9f8576e5142a49926bd623b0bc19c,f8856799293e49feab6368e794eb8b00,632cc2bc04034dd4848855fe6497262d,babbeca1f6a244a2a11ea77a3855e70f,119a6d7b4af3458b951fc1c5ab5e1738,a9573f188204436090fb4a5240e4eccd,8a9dc60359ba49cd8ac170cfb4ac3913,938147b72e9540da8513910871e0830a,45e440d874a54bb591862ff441114cd3,f0084465b2e646c9a53d9dc766067d9b
e69d128634c04bf0aebd7c02e123f5f6,119a6d7b4af3458b951fc1c5ab5e1738,632cc2bc04034dd4848855fe6497262d,938147b72e9540da8513910871e0830a,91f9f8576e5142a49926bd623b0bc19c,f8856799293e49feab6368e794eb8b00,babbeca1f6a244a2a11ea77a3855e70f,a9573f188204436090fb4a5240e4eccd,8a9dc60359ba49cd8ac170cfb4ac3913,563043f180e54e238ad4876974e5db4c,9fd4c00672d84215b3e21812aef3d6ac
2b8cd6d21f1d45bb8ae377278a33d5c6,babbeca1f6a244a2a11ea77a3855e70f,91f9f8576e5142a49926bd623b0bc19c,a9573f188204436090fb4a5240e4eccd,632cc2bc04034dd4848855fe6497262d,119a6d7b4af3458b951fc1c5ab5e1738,f8856799293e49feab6368e794eb8b00,938147b72e9540da8513910871e0830a,8a9dc60359ba49cd8ac170cfb4ac3913,c1d504dfeded4b8bb3c07777b7c7abde,45e440d874a54bb591862ff441114cd3
73fbb300f6aa425590b0e4d909f7a1ae,119a6d7b4af3458b951fc1c5ab5e1738,632cc2bc04034dd4848855fe6497262d,91f9f8576e5142a49926bd623b0bc19c,938147b72e9540da8513910871e0830a,f8856799293e49feab6368e794eb8b00,babbeca1f6a244a2a11ea77a3855e70f,a9573f188204436090fb4a5240e4eccd,8a9dc60359ba49cd8ac170cfb4ac3913,9fd4c00672d84215b3e21812aef3d6ac,563043f180e54e238ad4876974e5db4c
9d66c66d77b74f5da8cab53f98ae38b0,babbeca1f6a244a2a11ea77a3855e70f,91f9f8576e5142a49926bd623b0bc19c,a9573f188204436090fb4a5240e4eccd,632cc2bc04034dd4848855fe6497262d,f8856799293e49feab6368e794eb8b00,119a6d7b4af3458b951fc1c5ab5e1738,8a9dc60359ba49cd8ac170cfb4ac3913,938147b72e9540da8513910871e0830a,45e440d874a54bb591862ff441114cd3,c1d504dfeded4b8bb3c07777b7c7abde
56efccc089ce469697f14a0e2751fe90,be8953cc364d46cebbcc2c2da2c348ab,5e44915237fc4445b54b037e1c4e29a4,7584980704ae4617bb27ca162cc9c5db,403835bbf2f1447188bcc78e062b0028,5fc200cab89346658c9c91cce27e85fe,2c8eafa0ff26437a862dc2224ab57073,6bde760ad5d4485db9889b1bdc074005,eabdd2813a954f9aa01f0eb8212ee387,076e2669c305401fb3afcfafdd6c79c7,6b7b5d28293d4a5a8075f7f7dd231ddb
e31088791958477299febc77d6975d33,7584980704ae4617bb27ca162cc9c5db,5e44915237fc4445b54b037e1c4e29a4,be8953cc364d46cebbcc2c2da2c348ab,6bde760ad5d4485db9889b1bdc074005,5fc200cab89346658c9c91cce27e85fe,4e22dc65beb7450b9260cf27e50919e4,403835bbf2f1447188bcc78e062b0028,076e2669c305401fb3afcfafdd6c79c7,d0e41bf891254ba0872f1641139f84f6,e06d08ff594a4acbac12edf579743fcf
8dfe042169ed4a25b339fab1a8f0f16d,7584980704ae4617bb27ca162cc9c5db,5e44915237fc4445b54b037e1c4e29a4,6bde760ad5d4485db9889b1bdc074005,be8953cc364d46cebbcc2c2da2c348ab,5fc200cab89346658c9c91cce27e85fe,403835bbf2f1447188bcc78e062b0028,4e22dc65beb7450b9260cf27e50919e4,076e2669c305401fb3afcfafdd6c79c7,d0e41bf891254ba0872f1641139f84f6,6b7b5d28293d4a5a8075f7f7dd231ddb
724bf6d6ea0d432996a6179d83a8742f,be8953cc364d46cebbcc2c2da2c348ab,5e44915237fc4445b54b037e1c4e29a4,403835bbf2f1447188bcc78e062b0028,7584980704ae4617bb27ca162cc9c5db,6b7b5d28293d4a5a8075f7f7dd231ddb,5fc200cab89346658c9c91cce27e85fe,d0e41bf891254ba0872f1641139f84f6,6bde760ad5d4485db9889b1bdc074005,eabdd2813a954f9aa01f0eb8212ee387,2c8eafa0ff26437a862dc2224ab57073
5110e733136c4f9e9e3e0388147c41d3,bfd1d441da734aad88cfacdab3ee4059,1ade4365590a4ac7865100d8c791e340,27a0d24dc1e14b28a1f18456b29c93f1,fc430b7683934be2aba12468b2409bb8,2f0401170d104b47b0a8f087f69dee88,dbb3fe11ad004895b302a84e7c066fcc,e8927e14983a43da900edd926dd35adb,0568345606fa4a2c84ed4ea6c74639ee,0accd1d0138b49049d437c0d9b1c23c3,7bbe3c76bcc04d73969f920d43fcc67d
d627c1b3e1d84eaf95b43f0b19887946,bfd1d441da734aad88cfacdab3ee4059,1ade4365590a4ac7865100d8c791e340,27a0d24dc1e14b28a1f18456b29c93f1,dbb3fe11ad004895b302a84e7c066fcc,2f0401170d104b47b0a8f087f69dee88,fc430b7683934be2aba12468b2409bb8,e8927e14983a43da900edd926dd35adb,0accd1d0138b49049d437c0d9b1c23c3,0568345606fa4a2c84ed4ea6c74639ee,6866efc8987a4ec8b04b7abd28fb5777
62f80659cc834d849c6c533c0376e039,1ade4365590a4ac7865100d8c791e340,bfd1d441da734aad88cfacdab3ee4059,2f0401170d104b47b0a8f087f69dee88,27a0d24dc1e14b28a1f18456b29c93f1,e88ce4cd350f43398a5c0ab8629cee72,50a2129b83404b94889a01f4688ebafd,8b038cd0dafd45d8b1ce75177ca3a76b,06a5f0cec6ce4170a02dad0ad4c55b1c,7daa434073604cb98a04fefb55468dda,cdd73e0289aa4e2b87cd14e6ff5bd75e
ed92bb218d234e48ac3d86b2aa76aab3,1ade4365590a4ac7865100d8c791e340,bfd1d441da734aad88cfacdab3ee4059,27a0d24dc1e14b28a1f18456b29c93f1,3d3e8565d2f84e0cad5ae622f2909765,84ff5144597241bba5cbd3d0b21d220d,e88ce4cd350f43398a5c0ab8629cee72,fc430b7683934be2aba12468b2409bb8,7bbe3c76bcc04d73969f920d43fcc67d,7daa434073604cb98a04fefb55468dda,0568345606fa4a2c84ed4ea6c74639ee
ff83f47b54ea45f188b7e4f0e1004b41,910827a15eac4e4b9005d8e46ad71f6e,a865b8d581b44104afe7c8508e3486f5,3c0f3b44c0844df49b5898406fe9195a,29fb30a75c57451a85f310aa6423a662,b44645c11ece4326a45f50fdc5d45dcf,ee7c00877ae64dac87123a3d75251530,73f684f538ea452cbb4fbecc2e8126a4,452d645d5bf4485185e996dcec9523e5,211ef3181e524685866fb8574d9bf456,6bedb2d6ace34e18811b7f1206b2d1b0
994020e88b914429981fbfe2cfa5e565,910827a15eac4e4b9005d8e46ad71f6e,a865b8d581b44104afe7c8508e3486f5,b44645c11ece4326a45f50fdc5d45dcf,29fb30a75c57451a85f310aa6423a662,ee7c00877ae64dac87123a3d75251530,3c0f3b44c0844df49b5898406fe9195a,73f684f538ea452cbb4fbecc2e8126a4,452d645d5bf4485185e996dcec9523e5,211ef3181e524685866fb8574d9bf456,67dd23cfd20f46dc82acc82c108a1dc6
be1d69a178cf4f6eb0dd17f1c8ddaeec,a865b8d581b44104afe7c8508e3486f5,910827a15eac4e4b9005d8e46ad71f6e,452d645d5bf4485185e996dcec9523e5,29fb30a75c57451a85f310aa6423a662,211ef3181e524685866fb8574d9bf456,73f684f538ea452cbb4fbecc2e8126a4,ee7c00877ae64dac87123a3d75251530,3c0f3b44c0844df49b5898406fe9195a,b44645c11ece4326a45f50fdc5d45dcf,02641488de414b72b63f62b40200b101
95430a01e9424f2fb85d7c054d48b095,a865b8d581b44104afe7c8508e3486f5,910827a15eac4e4b9005d8e46ad71f6e,452d645d5bf4485185e996dcec9523e5,211ef3181e524685866fb8574d9bf456,02641488de414b72b63f62b40200b101,ee7c00877ae64dac87123a3d75251530,6bedb2d6ace34e18811b7f1206b2d1b0,b44645c11ece4326a45f50fdc5d45dcf,29fb30a75c57451a85f310aa6423a662,73f684f538ea452cbb4fbecc2e8126a4
2a4d82a3bc464739aa7001ddadab5941,82d68ea370f8451aa16ea08f4601245c,199647bd1328406c83c5a875154f97d9,225818abe99e45a0bf5b0b3ec30db76b,f439b5616ba24b7f82eccfa095a0eff8,590df34aa41f46e9ad13ffc6a98da3b7,cc243eebbb2b44a581745865a60c423a,42805d29975b400ea7c570fc45ec4938,c756409435634fc48c643a64e73c93ce,0f785440b29548e1a1968868262fd42e,9db7d32d79024ba6a73c55fde6f55968
7edf2ee95e36433ab46c330e885c1d39,199647bd1328406c83c5a875154f97d9,82d68ea370f8451aa16ea08f4601245c,eafb3480db704d7baa8216ce857d1610,ef60b54aa4b5490890da32d0bb8c9cbf,44f41e6e6faa4facb0bb9a72205229f8,ad3d372fbf054ea1ad06cfcb7490df4b,c3a741d302d94ee294bb6e4090fd2da9,225818abe99e45a0bf5b0b3ec30db76b,f439b5616ba24b7f82eccfa095a0eff8,42805d29975b400ea7c570fc45ec4938
c471650b1b634a97a2a0fa5c4c193821,82d68ea370f8451aa16ea08f4601245c,199647bd1328406c83c5a875154f97d9,225818abe99e45a0bf5b0b3ec30db76b,590df34aa41f46e9ad13ffc6a98da3b7,f439b5616ba24b7f82eccfa095a0eff8,39e2b00e1cbd471488cf56f31d2cec7f,c756409435634fc48c643a64e73c93ce,0bd1cce9370a461089e25393086800a8,0f785440b29548e1a1968868262fd42e,d9ac372330a4446886fa19bac0d19877
ea67a7776ad641bb96024eb085c8da08,0cc5015848a044b59fa4b290813f859c,8b4e9e3d234e4eec99a7651e246bbfa3,64fc9fe3c8d5424ebc005e5cf4a608db,b8995466f0eb4e7ba141e23216e8b974,2ea3b46262e649f79900258cd90cce31,ffe2740eee8c49b39b2ce41f9983bcb4,f879b316413f45d2b64bb25e3f45a667,c750a2994555414790abb3281572bb42,0092d1d820c64646b8bee9fd14f77acf,43ee0103cba54b4e9d165717735ca0f6
86595c214b4d48e6bf56a1b3d810b7b4,64fc9fe3c8d5424ebc005e5cf4a608db,43ee0103cba54b4e9d165717735ca0f6,0cc5015848a044b59fa4b290813f859c,31cf7db26a3249c5a6205b005662ddcf,8b4e9e3d234e4eec99a7651e246bbfa3,ffe2740eee8c49b39b2ce41f9983bcb4,c750a2994555414790abb3281572bb42,984058b7165d4c6385bec3c94afa9fb2,f5b766ea6abe4b5fb27d49cc3bc06020,b8995466f0eb4e7ba141e23216e8b974
7e0717d2a2af4dd4ba5e3dd3d3f400a0,64fc9fe3c8d5424ebc005e5cf4a608db,43ee0103cba54b4e9d165717735ca0f6,0cc5015848a044b59fa4b290813f859c,31cf7db26a3249c5a6205b005662ddcf,8b4e9e3d234e4eec99a7651e246bbfa3,ffe2740eee8c49b39b2ce41f9983bcb4,c750a2994555414790abb3281572bb42,f5b766ea6abe4b5fb27d49cc3bc06020,984058b7165d4c6385bec3c94afa9fb2,b8995466f0eb4e7ba141e23216e8b974
5192a81fd8094f908c353ed7b3066200,fb8c2b83e46441c2aaa7c81d3642e2da,db0c3a952e454b90aa4a68feb6a50e87,c14e45f5201b4038bdddddb238d888a3,02e1d712f37e428c998f72e7a7eeb1e6,22d9d5ad33e947fd857c5c4a8b7dfae1,0568345606fa4a2c84ed4ea6c74639ee,268f8ec9f2734029a8e75857db56ccb3,d87e5facd03b45f9829e8a1cd0fe0190,250d411ae270441085be3501b7b55d86,7f23e27e5652406784fdc2dea3918125
19526db7bf344d92961055ab7ef1879f,c14e45f5201b4038bdddddb238d888a3,02e1d712f37e428c998f72e7a7eeb1e6,fb8c2b83e46441c2aaa7c81d3642e2da,444fa28d9ed54c82a522699041eae592,999a2b52a5004ee984e587d5a1327b23,250d411ae270441085be3501b7b55d86,22d9d5ad33e947fd857c5c4a8b7dfae1,db0c3a952e454b90aa4a68feb6a50e87,d9b97376c5e44d8786f861a5788af644,d87e5facd03b45f9829e8a1cd0fe0190
85d7d994d8a648c5a59c2973bb1bc507,75efe5ddef364f49865d9bb283492b48,32aaca2a732f4272b237374d3cdeec90,cc243eebbb2b44a581745865a60c423a,f439b5616ba24b7f82eccfa095a0eff8,5abf57d57d84440e94d0d2e2ffb37575,225818abe99e45a0bf5b0b3ec30db76b,3c1b91a23b694da1973dbc5f75f2f3ed,245212a659504b9b9cdbaf1ab1d040ff,cf293392122347a180cf2126f4589acb,df7ea50171af48df81584ab7e8107d15
2103b437c3c1452a96d8e7e1e5e20cc9,32aaca2a732f4272b237374d3cdeec90,75efe5ddef364f49865d9bb283492b48,3c72832689d8406996e80893b719b974,cc243eebbb2b44a581745865a60c423a,f439b5616ba24b7f82eccfa095a0eff8,245212a659504b9b9cdbaf1ab1d040ff,df7ea50171af48df81584ab7e8107d15,225818abe99e45a0bf5b0b3ec30db76b,df5ca61304074da1bec8f536ab50baf3,5abf57d57d84440e94d0d2e2ffb37575
21b1c7bbd46b4c41a0df6625bd007760,32aaca2a732f4272b237374d3cdeec90,75efe5ddef364f49865d9bb283492b48,3c72832689d8406996e80893b719b974,cc243eebbb2b44a581745865a60c423a,245212a659504b9b9cdbaf1ab1d040ff,df7ea50171af48df81584ab7e8107d15,f439b5616ba24b7f82eccfa095a0eff8,225818abe99e45a0bf5b0b3ec30db76b,9677dd2a3aae457a8079087ce4177e14,74bd120b8f714d03bc9dd1a703fe4d7f
16176b85fa7d4eea8ca712599e1d734c,84ff5144597241bba5cbd3d0b21d220d,3c72832689d8406996e80893b719b974,2d43cf91509846e29ab4febd7781919f,3d3e8565d2f84e0cad5ae622f2909765,68aefc97056440af874039a28497cf98,0842a796c09b4089933a4f27e4e5e3bc,d0b6e9c1cc5341faba9e03c17767bc2e,86179aff3df24ff59b11e9a34974a3f4,31a2675a2e944a1ab3b810cfb92ebd34,27a0d24dc1e14b28a1f18456b29c93f1
44a899ade12146e4b8343990c9980025,84ff5144597241bba5cbd3d0b21d220d,3d3e8565d2f84e0cad5ae622f2909765,8fdee0611965465eb45387b8c39f4136,3c72832689d8406996e80893b719b974,72a7e2ce22d045efbdbbab9c68f5d026,d658e3a743af41899183fecff6b2628d,86179aff3df24ff59b11e9a34974a3f4,68aefc97056440af874039a28497cf98,3766b26b53874893ae48693880e1942c,249c2d8d8d2345c6990b3c4d94385b5a
bf6b8d38a56c4b30b5e752bb54b78f62,84ff5144597241bba5cbd3d0b21d220d,3d3e8565d2f84e0cad5ae622f2909765,3c72832689d8406996e80893b719b974,27a0d24dc1e14b28a1f18456b29c93f1,31a2675a2e944a1ab3b810cfb92ebd34,d0b6e9c1cc5341faba9e03c17767bc2e,68aefc97056440af874039a28497cf98,d658e3a743af41899183fecff6b2628d,1ade4365590a4ac7865100d8c791e340,0568345606fa4a2c84ed4ea6c74639ee
b18687f1960d4a13bbb6477d2e14af49,63ba014f9cc747ac87013da6be0ceab9,0592b57e490d4206a3f12eb004a0afe0,b2992fe473124dd0b895cf81f59f6db6,3aaea7fa41fd43cdb88f8ef59062c5df,7199f2fe77824236a392e1f00a5bdfc3,191b01e1728e4583a8ead5a86db27370,ff276acede2f4c14876ef47257758ae8,6c874292dbcc49ff8bb8bbe5643593a5,55c0b899937042c98162389b209aca7f,a297e08effdf4a69a6c4d79a34a0c6ad
d40db3ad6f6e4cb6ade7fff2ae8e6902,01930613ce7d4a5f90ccf78d1e92a55d,d9ac372330a4446886fa19bac0d19877,f439b5616ba24b7f82eccfa095a0eff8,56272326c7e94e419ea8c69fb634f610,7ec1584e9a5b49eab9ef249143d9bb86,cc243eebbb2b44a581745865a60c423a,0bd1cce9370a461089e25393086800a8,fadf133e0e684a24ac79b5fa9515bac2,6f57d1175ad243edada61643d01fcd54,cf293392122347a180cf2126f4589acb
14ed0bcfd70f4e29b824ae027aa62fd7,01930613ce7d4a5f90ccf78d1e92a55d,d9ac372330a4446886fa19bac0d19877,0bd1cce9370a461089e25393086800a8,56272326c7e94e419ea8c69fb634f610,7ec1584e9a5b49eab9ef249143d9bb86,fadf133e0e684a24ac79b5fa9515bac2,6f57d1175ad243edada61643d01fcd54,cc243eebbb2b44a581745865a60c423a,f439b5616ba24b7f82eccfa095a0eff8,3c1b91a23b694da1973dbc5f75f2f3ed
67d233f58d224956a6992019e5ee4e52,17b5eb6fab65476f827dd355b4a20a55,8987ceafff324f9599b842542e37eddd,7e190e3c05d74e6b9f103e39142c1684,d695b7afdc3841a28a56df578e56afce,ca5add3cbf044a95a5bec88a5841ce98,87fc1d6a57ea488786caaec8599c3b8b,aedd476072b345e9be46ebd7260e93a6,e12ad1ce8e7940a999b9a4f91a95fab7,4d0a737f396d4a95808085bd1306746c,092cb872c8724c7681c50da9c6cfa252
a3afbfc200e74247b56879592dfebb6b,17b5eb6fab65476f827dd355b4a20a55,8987ceafff324f9599b842542e37eddd,7e190e3c05d74e6b9f103e39142c1684,d695b7afdc3841a28a56df578e56afce,87fc1d6a57ea488786caaec8599c3b8b,ca5add3cbf044a95a5bec88a5841ce98,aedd476072b345e9be46ebd7260e93a6,e12ad1ce8e7940a999b9a4f91a95fab7,4d0a737f396d4a95808085bd1306746c,ff171f0b29974f78b0e81fee30abdd38
8d7604f278b740d4aeacdb8878c4346c,7e190e3c05d74e6b9f103e39142c1684,ff171f0b29974f78b0e81fee30abdd38,8987ceafff324f9599b842542e37eddd,17b5eb6fab65476f827dd355b4a20a55,ae3f42d57b3046a3821026173286a43e,e735729c80d84f76a6133c065d5380f8,feb980ae999948ce9be0266b4ddc048d,3fce01bbc56d49d39f61cba3d17648f2,3c72832689d8406996e80893b719b974,23199e1859544647893a97ea365c5c83
8ec2127576a4485793b9d92153318d43,7e190e3c05d74e6b9f103e39142c1684,ff171f0b29974f78b0e81fee30abdd38,8987ceafff324f9599b842542e37eddd,17b5eb6fab65476f827dd355b4a20a55,ae3f42d57b3046a3821026173286a43e,feb980ae999948ce9be0266b4ddc048d,3c72832689d8406996e80893b719b974,092cb872c8724c7681c50da9c6cfa252,4285b02dc9164cb9bae36b0566bb42f0,e735729c80d84f76a6133c065d5380f8
626cb3b50e974ad681234aa162f908dc,097c30a7f39a4a3abf6da2ca80cad3a5,bb5c7d03a54647d08b8c62deeb803271,47eb17da319d440aa52da8008c26327a,be42a43f5186434db4f2815f768a9991,36ee1613abf245cdbe93fef69b5f981f,009be1c3430743ff9b054bdfcd6228d6,18ab15fbf00f42f7a410ec75f7592bea,e9428816b054499298745b742f128f65,1c2b01416e3943e3b3c575e53c3f1d16,d60986f4025d443ea58adba0e3d224a1
94f452ef32d5484fb3f57a09817b9f1d,009be1c3430743ff9b054bdfcd6228d6,18ab15fbf00f42f7a410ec75f7592bea,1c2b01416e3943e3b3c575e53c3f1d16,236c362d8b664c93b41882c119df9706,36ee1613abf245cdbe93fef69b5f981f,47eb17da319d440aa52da8008c26327a,bb5c7d03a54647d08b8c62deeb803271,be42a43f5186434db4f2815f768a9991,097c30a7f39a4a3abf6da2ca80cad3a5,acbf8eae7e064c11bab7adf66f216990
535a28e902f348a580ea213312ceb00c,097c30a7f39a4a3abf6da2ca80cad3a5,bb5c7d03a54647d08b8c62deeb803271,47eb17da319d440aa52da8008c26327a,be42a43f5186434db4f2815f768a9991,36ee1613abf245cdbe93fef69b5f981f,009be1c3430743ff9b054bdfcd6228d6,e9428816b054499298745b742f128f65,18ab15fbf00f42f7a410ec75f7592bea,d60986f4025d443ea58adba0e3d224a1,6af17cec494c4373a95865d270a29171
e15e47a180cc428db81815b4d543f5b2,009be1c3430743ff9b054bdfcd6228d6,18ab15fbf00f42f7a410ec75f7592bea,1c2b01416e3943e3b3c575e53c3f1d16,236c362d8b664c93b41882c119df9706,36ee1613abf245cdbe93fef69b5f981f,47eb17da319d440aa52da8008c26327a,bb5c7d03a54647d08b8c62deeb803271,097c30a7f39a4a3abf6da2ca80cad3a5,be42a43f5186434db4f2815f768a9991,acbf8eae7e064c11bab7adf66f216990
da51bfb867844c51948b40b82c100086,da61e0de396149208c9ebd0fd6d7415d,f5bcc6f48ed2447581b401d453039866,530b37164090408dbab4e6da51111b8a,095ac293b64a4a58b1b3d3f71453a267,c3502ff31ce6459a96164c934f297562,ac5a760b45c146ec840193371cfb2d30,9bf3b77eb9874f5f9e006a9cff111ea9,7627d5e28ba74cbeaf9225e88a7a44cc,f4474150010f4021a4620372062f3797,7c1126d46a934db6b951d1e98feae327
ac80730acb08455c893a3d869cfc6da4,da61e0de396149208c9ebd0fd6d7415d,f5bcc6f48ed2447581b401d453039866,530b37164090408dbab4e6da51111b8a,c3502ff31ce6459a96164c934f297562,64e74af099b0485f8b6e71ac73aa2cb8,095ac293b64a4a58b1b3d3f71453a267,0f52f676197e4d4e92dec0a7bc4c4f7d,61d2391e8bc548b6bfa08f1ef2a0c47a,514537782f6549c488a1b932939b4128,d87e5facd03b45f9829e8a1cd0fe0190
f9840dbad6f34d8dafdf0b5c3bf04cb8,530b37164090408dbab4e6da51111b8a,095ac293b64a4a58b1b3d3f71453a267,f5bcc6f48ed2447581b401d453039866,da61e0de396149208c9ebd0fd6d7415d,c3502ff31ce6459a96164c934f297562,7fe9e665bf41491c9788941aa2894a10,5cfb876eeb4f410aa1282cc279f0e546,55c0b899937042c98162389b209aca7f,52f20bd7eb50430c95f0916727880a1b,de1102228a324428989533278cd482f6
b5a9253e400f4be2a770d5cc396a168d,291130c42a884be2800e026bab5ddf53,051d304b7139431fb3bff19b4e75aff7,c4e79c8992e54866b0c6f26c55b1a774,6f8d80f8673144dfa7a4e09190442ab3,db620271348d404a9a0b978d96c63f29,aa082284f9894b5aa210c179d59999b1,2ece45504eff42469c104dc2a2d03caf,27fe100af7884932a33bf30f10dacc55,64d9091426f9461c97c98a5428856bcf,7584980704ae4617bb27ca162cc9c5db
7225852aa975430d8fdd288151e7f0b1,291130c42a884be2800e026bab5ddf53,051d304b7139431fb3bff19b4e75aff7,db620271348d404a9a0b978d96c63f29,c4e79c8992e54866b0c6f26c55b1a774,aa082284f9894b5aa210c179d59999b1,2ece45504eff42469c104dc2a2d03caf,27fe100af7884932a33bf30f10dacc55,7584980704ae4617bb27ca162cc9c5db,6f8d80f8673144dfa7a4e09190442ab3,5be48a6bc26044f2a2e4e9b6a223c319
a96d696a72654ee6b6dc50fd558310c7,c4e79c8992e54866b0c6f26c55b1a774,31f80e4c87164e2893375ec7e73b372e,f9fe93fae6084350b81964d354e2130f,b85d652ba8d244f8ab9e941966094f28,291130c42a884be2800e026bab5ddf53,4385ac4645b34f3c8a44c4676ebcd8be,59e4dcf2794943b18fb902a6eb475ff8,52f20bd7eb50430c95f0916727880a1b,664da77d25e74df693eaad44a5e7617f,db2466dc7da64ac5a2a21c20ace67856
37b367fa65f74351b74612f813c76536,c4e79c8992e54866b0c6f26c55b1a774,31f80e4c87164e2893375ec7e73b372e,f9fe93fae6084350b81964d354e2130f,b85d652ba8d244f8ab9e941966094f28,291130c42a884be2800e026bab5ddf53,59e4dcf2794943b18fb902a6eb475ff8,52f20bd7eb50430c95f0916727880a1b,4385ac4645b34f3c8a44c4676ebcd8be,664da77d25e74df693eaad44a5e7617f,db2466dc7da64ac5a2a21c20ace67856
08f68074e69745d0a65e386ce21fddc8,1d93c07de74c482ebf0a76ec564c3252,50aa0f56e00d4c23ac78b3e63bc0f0e1,761a3a01495143f0a86beac4234cae3a,716a15d66b63424a8068da89e75733b4,8c5f38853679436ba434b6a696e43168,5e199f7727cc4910ad88dbd81ed1ec82,d37bf09399d848df9a4d880fb097239c,93bf0b86be094f68a9d308ca5ecfb4e3,b01fd4d037a84a7aa777e1fc345c73c5,415641aa43724ed9bc4710302b77edc3
68465053fe3d4c0bb46ce2dd5bd8a32b,50aa0f56e00d4c23ac78b3e63bc0f0e1,1d93c07de74c482ebf0a76ec564c3252,716a15d66b63424a8068da89e75733b4,13aca0959cc948cabeee0d7255f55a65,d37bf09399d848df9a4d880fb097239c,761a3a01495143f0a86beac4234cae3a,b01fd4d037a84a7aa777e1fc345c73c5,d7618b61a65a4bc1a0d0f2cc1bddc448,a8904adcdd21495f890bc614bfdbf86f,db69f22fe72246ea85d33991961a649a
893596ad13e54f2daf6287092d79d6ae,50aa0f56e00d4c23ac78b3e63bc0f0e1,1d93c07de74c482ebf0a76ec564c3252,b01fd4d037a84a7aa777e1fc345c73c5,716a15d66b63424a8068da89e75733b4,bb6ecabbce1b43d997d00d7acdc95193,13aca0959cc948cabeee0d7255f55a65,af648fa7ac6c4c50a246de470329cd83,a8904adcdd21495f890bc614bfdbf86f,d37bf09399d848df9a4d880fb097239c,761a3a01495143f0a86beac4234cae3a
603dd3df1374474d9bb550bfa01147e6,1d93c07de74c482ebf0a76ec564c3252,50aa0f56e00d4c23ac78b3e63bc0f0e1,761a3a01495143f0a86beac4234cae3a,8c5f38853679436ba434b6a696e43168,716a15d66b63424a8068da89e75733b4,d37bf09399d848df9a4d880fb097239c,b64cef9df31c4e92a7b7ecd42f74f396,d445ccdb4cda497e9f0343a3298022d2,5e199f7727cc4910ad88dbd81ed1ec82,0e8487b2e6a2439b9e6623a1e2e5e19d
02de17a638f94e98ac7dce22ddde14ee,5c644b51b1394a7b8fa0a9a6275c422d,a2612682d9854a30a7684c91c8619ec9,67984873125e4a0f9562179c906d1b0f,4c293487c809486585d65ed10b2cb1e4,e2769c67dadd4c988f7ccf249a998a56,8fca2e4873e946f7a788af2b846cebd7,25afb6f7e9314af09008644bca5955b9,ca544e6629b14e8fab5f7cb40d1ac88e,5c8a8b7a59c54b9aa7b7136fd91b5869,26b18153216b48d793b75598ddb54d77
902d22a8d96c4f0ab484d880bfc2e287,5c644b51b1394a7b8fa0a9a6275c422d,a2612682d9854a30a7684c91c8619ec9,67984873125e4a0f9562179c906d1b0f,4c293487c809486585d65ed10b2cb1e4,e2769c67dadd4c988f7ccf249a998a56,25afb6f7e9314af09008644bca5955b9,ca544e6629b14e8fab5f7cb40d1ac88e,26b18153216b48d793b75598ddb54d77,8fca2e4873e946f7a788af2b846cebd7,86f59bd78b424260b0cf356f2f9ae734
ae7ab0c6a5a14d8e8586a9699557a7fd,a2612682d9854a30a7684c91c8619ec9,5c644b51b1394a7b8fa0a9a6275c422d,67984873125e4a0f9562179c906d1b0f,e2769c67dadd4c988f7ccf249a998a56,4c293487c809486585d65ed10b2cb1e4,25afb6f7e9314af09008644bca5955b9,6fbdacd3d8814ea2a13e81ee1ec128f2,8fca2e4873e946f7a788af2b846cebd7,5c8a8b7a59c54b9aa7b7136fd91b5869,4a7fa5a1bafe4b6995e2920444ac07c4
b0bed57573cb454590995348d9c3451b,25afb6f7e9314af09008644bca5955b9,e88ce4cd350f43398a5c0ab8629cee72,4a7fa5a1bafe4b6995e2920444ac07c4,7bbe3c76bcc04d73969f920d43fcc67d,26b18153216b48d793b75598ddb54d77,b4dadb3ea3a04cc3932094471debce13,8c7c9eaae41a44a3a4ebe39ce167d300,a2612682d9854a30a7684c91c8619ec9,ef511457ee7c490c8e10eccf6e18fef6,b834c0b0c10b471b87ad3f11468de619
7599a56ef38f493d9ee1b47c9ae8fb02,25afb6f7e9314af09008644bca5955b9,7bbe3c76bcc04d73969f920d43fcc67d,4a7fa5a1bafe4b6995e2920444ac07c4,e88ce4cd350f43398a5c0ab8629cee72,a2612682d9854a30a7684c91c8619ec9,b4dadb3ea3a04cc3932094471debce13,26b18153216b48d793b75598ddb54d77,5c644b51b1394a7b8fa0a9a6275c422d,b834c0b0c10b471b87ad3f11468de619,8c7c9eaae41a44a3a4ebe39ce167d300
165c7dbc2b894793b9fb4752c3092399,d476be2399b7424a88d242b771c32041,89e983dca0a34b768e17b3871b9cea1e,e511c40ca6324803b5021e47b4e777f8,9948a890ef25479e834f70944cb42eae,c78547bdc2e64ac8935559f7de2efd41,0592b57e490d4206a3f12eb004a0afe0,b40d3c588ad647ff85e397a6bc5f9d8b,ab57f83304bc4005998bbd6bc063fb4f,643fbbdd6b764ba9904a4ee67a86b9fd,99a52c93a3304ec18dab9206f98f2a8b
5d809a0446e94ce08823b0be4c6e85f3,d476be2399b7424a88d242b771c32041,9948a890ef25479e834f70944cb42eae,25109e3a7df549e5b380aae716d71366,0971af4212484a958eb0f60f93d1dfe0,3138244ae91040948d5bd6772e4075ea,3356a8a8c6ee4f30bc2b028e360d4471,8dfbb6a204a0441492c35baca6190969,e8f18e4bdf054390a1768978dca8e430,b3209c60460a437294e2b30a9e9d3f53,3f1c2bb09c4e4400b6ba19542fafce18
92568b35bd5b40c6860861e28db2deb2,9948a890ef25479e834f70944cb42eae,d476be2399b7424a88d242b771c32041,0971af4212484a958eb0f60f93d1dfe0,25109e3a7df549e5b380aae716d71366,e343a998f4df4ac195c84e0fb571a393,ca0fe2dd97434e2ca7aecc38d4f1fcd9,3f1c2bb09c4e4400b6ba19542fafce18,eb21a4e2b7bd43efbdf0c365415e7fef,3356a8a8c6ee4f30bc2b028e360d4471,4a3d4daed4b24a1898551f0fd1ba44f1
158d18f87a6b42b483a70835afe005fe,9948a890ef25479e834f70944cb42eae,d476be2399b7424a88d242b771c32041,e343a998f4df4ac195c84e0fb571a393,25109e3a7df549e5b380aae716d71366,f37d285ad0de42f0b1546d0d1acfb221,3f1c2bb09c4e4400b6ba19542fafce18,ca0fe2dd97434e2ca7aecc38d4f1fcd9,3356a8a8c6ee4f30bc2b028e360d4471,0971af4212484a958eb0f60f93d1dfe0,4a3d4daed4b24a1898551f0fd1ba44f1
0c0e949f7e9b48398fe5eff0d7dd803e,26e55eb4d910464497d700bfdf5a36ca,092cb872c8724c7681c50da9c6cfa252,a94cb58f1ca8456b96e39b5b1ebfb7ea,2fcf4a04d3654ffb9a5c1dfa3799e4f0,5537ddec608a4ec586ea068fa27547ca,984058b7165d4c6385bec3c94afa9fb2,17b5eb6fab65476f827dd355b4a20a55,a5d5fb459a1844088e93ae557ab34afe,59f62d35b1ad451397b700b3dad25448,b277101390e1465685ef79bf3519f8d7
4ea8b345742042fd848e678d308fa183,092cb872c8724c7681c50da9c6cfa252,26e55eb4d910464497d700bfdf5a36ca,f65c7f50929f431dbf31b441d87616d0,c84deec0ecf843c39f52d4cb8e7300f8,d87e5facd03b45f9829e8a1cd0fe0190,ff171f0b29974f78b0e81fee30abdd38,8987ceafff324f9599b842542e37eddd,b277101390e1465685ef79bf3519f8d7,07958f43551e459eb30638b632e3cd64,a5d5fb459a1844088e93ae557ab34afe
37bffb22be1b4b25a409e630b58bb3a7,a5d5fb459a1844088e93ae557ab34afe,0f52f676197e4d4e92dec0a7bc4c4f7d,556743bab70d4b75bafcf192fef95b16,092cb872c8724c7681c50da9c6cfa252,8683a3ad55d84a78834fabe20cde5269,636c21e19a5845e1b8d69a5fca928030,2f0401170d104b47b0a8f087f69dee88,26e55eb4d910464497d700bfdf5a36ca,a35d7304347a4f81b1ccfb086956921c,99dbf0cd0c6343ffbcf97f04efc4143c
fdff932278894d1885bfbc905009ea46,a5d5fb459a1844088e93ae557ab34afe,0f52f676197e4d4e92dec0a7bc4c4f7d,4d0a737f396d4a95808085bd1306746c,8683a3ad55d84a78834fabe20cde5269,aedd476072b345e9be46ebd7260e93a6,99dbf0cd0c6343ffbcf97f04efc4143c,636c21e19a5845e1b8d69a5fca928030,02641488de414b72b63f62b40200b101,092cb872c8724c7681c50da9c6cfa252,73f684f538ea452cbb4fbecc2e8126a4
55c258651d4f46ba879ad04a408ca3f8,092cb872c8724c7681c50da9c6cfa252,26e55eb4d910464497d700bfdf5a36ca,b277101390e1465685ef79bf3519f8d7,8987ceafff324f9599b842542e37eddd,a94cb58f1ca8456b96e39b5b1ebfb7ea,5537ddec608a4ec586ea068fa27547ca,42805d29975b400ea7c570fc45ec4938,ff171f0b29974f78b0e81fee30abdd38,984058b7165d4c6385bec3c94afa9fb2,bbdf9065122d499d9d8f80ad3e0ef6f3
173024800a4148a59d834a44d0998dbe,de1102228a324428989533278cd482f6,7070715ef90743da8691dd4ad134eb0c,06b7dd1b701544ac80dd7ca54ed707cf,64d9091426f9461c97c98a5428856bcf,c1def54262224e23acf67a9870725ce5,f31e9fdffaa642ed98e91b07a30f3a8c,9452a2f21f7d4feeb2605d9b6647fc13,200f7fc78e4c403982f61b2894e50bad,74644c8cc17449cf89379868e7b21398,bcfa4a4177d44d8b8cda17b7a23196b0
04f607a8dfdb4e6f8c795634b207e615,06b7dd1b701544ac80dd7ca54ed707cf,7070715ef90743da8691dd4ad134eb0c,d75a52d716984f318f976bbfc7bee787,570f08ce2a1a47978eab16bf7ad16a68,b3a022950e444682a113cec5a0537f6a,bcfa4a4177d44d8b8cda17b7a23196b0,c1def54262224e23acf67a9870725ce5,de1102228a324428989533278cd482f6,f31e9fdffaa642ed98e91b07a30f3a8c,215f3d275db14601a0383885cbaad86e
29b78bc662074f5abb91b5e7ee16deb6,7070715ef90743da8691dd4ad134eb0c,06b7dd1b701544ac80dd7ca54ed707cf,d75a52d716984f318f976bbfc7bee787,b3a022950e444682a113cec5a0537f6a,570f08ce2a1a47978eab16bf7ad16a68,bcfa4a4177d44d8b8cda17b7a23196b0,f31e9fdffaa642ed98e91b07a30f3a8c,c1def54262224e23acf67a9870725ce5,215f3d275db14601a0383885cbaad86e,200f7fc78e4c403982f61b2894e50bad
bf6af233a7fb4678bde3bcd210972057,06b7dd1b701544ac80dd7ca54ed707cf,7070715ef90743da8691dd4ad134eb0c,d75a52d716984f318f976bbfc7bee787,570f08ce2a1a47978eab16bf7ad16a68,bcfa4a4177d44d8b8cda17b7a23196b0,b3a022950e444682a113cec5a0537f6a,c1def54262224e23acf67a9870725ce5,f31e9fdffaa642ed98e91b07a30f3a8c,215f3d275db14601a0383885cbaad86e,0accd1d0138b49049d437c0d9b1c23c3
3444cb452c4d4832b75091f5da7012db,7070715ef90743da8691dd4ad134eb0c,06b7dd1b701544ac80dd7ca54ed707cf,d75a52d716984f318f976bbfc7bee787,b3a022950e444682a113cec5a0537f6a,c1def54262224e23acf67a9870725ce5,bcfa4a4177d44d8b8cda17b7a23196b0,f31e9fdffaa642ed98e91b07a30f3a8c,570f08ce2a1a47978eab16bf7ad16a68,de1102228a324428989533278cd482f6,215f3d275db14601a0383885cbaad86e
8f00737911424dcdbc5360702808b86e,11e1e3cdfe214385a2c24d0f957dde9b,d7c9dafddaf547159d366dacf7b68a7e,c24e3823376b436c8eb46eaeebbc7718,a70909d3ce0d4235913b5ce6a138dcce,2939ef012c5c4a1b94b49df9469dfb3c,f676e16c6a134bd5a7bbeee4590adcfe,2c65a898314b42e6b2e93dca66fd15c2,cb32ec9a538a4c0f8462771946ced93b,0a61f52258f643b6a6436a1ec234e197,f59a3ee5387440d981754b6595e8664c
084019a95c9f43539a52748e0ee608d3,11e1e3cdfe214385a2c24d0f957dde9b,d7c9dafddaf547159d366dacf7b68a7e,2939ef012c5c4a1b94b49df9469dfb3c,8a464aa9e2ee45d0abc7ae6181cd1bda,74de04f31db94a99b757685c91779412,21eb9f06dd834a108d816efdf3aca8dc,f676e16c6a134bd5a7bbeee4590adcfe,d9b70c4ed8bb4fc5957ecebf102528ee,0a61f52258f643b6a6436a1ec234e197,1a0ac2d40cb04ca993e1db68d787728a
d7fcb70c976c46d3a977d1bd3acaa7b4,d7c9dafddaf547159d366dacf7b68a7e,2939ef012c5c4a1b94b49df9469dfb3c,11e1e3cdfe214385a2c24d0f957dde9b,b626eb67c2e14afeae2846bb150976f3,74de04f31db94a99b757685c91779412,21eb9f06dd834a108d816efdf3aca8dc,7d5c0a2bfccf4255a43d9bd0f84a6d3a,0a61f52258f643b6a6436a1ec234e197,d9b70c4ed8bb4fc5957ecebf102528ee,fa190e42ce5a47c99bcaa76138dbc615
a44ce941098b4f6b948eb8588bd09fa7,11e1e3cdfe214385a2c24d0f957dde9b,d7c9dafddaf547159d366dacf7b68a7e,2c65a898314b42e6b2e93dca66fd15c2,c24e3823376b436c8eb46eaeebbc7718,f59a3ee5387440d981754b6595e8664c,da9cfbdf124143b78bec89393dd5287a,2939ef012c5c4a1b94b49df9469dfb3c,1a0ac2d40cb04ca993e1db68d787728a,cb32ec9a538a4c0f8462771946ced93b,ca1a2a6308834baba3140b5ce8f81320
1778aabe52c7435187be3eb1461b918a,d7c9dafddaf547159d366dacf7b68a7e,2939ef012c5c4a1b94b49df9469dfb3c,b626eb67c2e14afeae2846bb150976f3,21eb9f06dd834a108d816efdf3aca8dc,11e1e3cdfe214385a2c24d0f957dde9b,74de04f31db94a99b757685c91779412,d9b70c4ed8bb4fc5957ecebf102528ee,0a61f52258f643b6a6436a1ec234e197,7d5c0a2bfccf4255a43d9bd0f84a6d3a,ca1a2a6308834baba3140b5ce8f81320
172e27e7700f4ca399b42d88a4f1c140,1c2b01416e3943e3b3c575e53c3f1d16,18ab15fbf00f42f7a410ec75f7592bea,be42a43f5186434db4f2815f768a9991,009be1c3430743ff9b054bdfcd6228d6,36ee1613abf245cdbe93fef69b5f981f,236c362d8b664c93b41882c119df9706,47eb17da319d440aa52da8008c26327a,097c30a7f39a4a3abf6da2ca80cad3a5,bb5c7d03a54647d08b8c62deeb803271,3574ab91c29940b3afc62354ae06b73b
7790838dcafa4412a5fc14b1cf3e7e95,1c2b01416e3943e3b3c575e53c3f1d16,18ab15fbf00f42f7a410ec75f7592bea,009be1c3430743ff9b054bdfcd6228d6,be42a43f5186434db4f2815f768a9991,36ee1613abf245cdbe93fef69b5f981f,236c362d8b664c93b41882c119df9706,097c30a7f39a4a3abf6da2ca80cad3a5,47eb17da319d440aa52da8008c26327a,bb5c7d03a54647d08b8c62deeb803271,3574ab91c29940b3afc62354ae06b73b
3106ad6941604756bf3bd61f1cd9709b,18ab15fbf00f42f7a410ec75f7592bea,009be1c3430743ff9b054bdfcd6228d6,1c2b01416e3943e3b3c575e53c3f1d16,236c362d8b664c93b41882c119df9706,36ee1613abf245cdbe93fef69b5f981f,be42a43f5186434db4f2815f768a9991,47eb17da319d440aa52da8008c26327a,bb5c7d03a54647d08b8c62deeb803271,097c30a7f39a4a3abf6da2ca80cad3a5,3574ab91c29940b3afc62354ae06b73b
a2efa66a925344b8b896a8a0cfbb2661,f464960d2dbc43c0970c60600bd7f1cd,009be1c3430743ff9b054bdfcd6228d6,3574ab91c29940b3afc62354ae06b73b,1c2b01416e3943e3b3c575e53c3f1d16,bb5c7d03a54647d08b8c62deeb803271,097c30a7f39a4a3abf6da2ca80cad3a5,18ab15fbf00f42f7a410ec75f7592bea,acbf8eae7e064c11bab7adf66f216990,47eb17da319d440aa52da8008c26327a,36ee1613abf245cdbe93fef69b5f981f
e4c0fba56e824b5cb4b6aeb4700f2d76,8f0e477fc779414e9b47995c0b25a87d,016e634d566b49c199d07357aae9bf33,5537ddec608a4ec586ea068fa27547ca,8d595c7da42545c88052e7b213b6c97c,d361a9e414fb41c1a605200d9cbba496,cae139b6e4914ce7b0ef1e68b8b857eb,b5f237fefb38465bb6a068c9cf75ba31,97959d02a64f4a3fbbebe7cbece6c012,fbfaa119f55a477984e42d80498f54d3,41e657daa20545a588584578bdb4101c
6242d18df5cd4f5cb63a1105ffbd971e,8f0e477fc779414e9b47995c0b25a87d,8d595c7da42545c88052e7b213b6c97c,5537ddec608a4ec586ea068fa27547ca,016e634d566b49c199d07357aae9bf33,9c69642fab6749848e7ea7f5406a6da4,fbfaa119f55a477984e42d80498f54d3,984058b7165d4c6385bec3c94afa9fb2,cffbff4deb374fcf850c679899c6e3f8,cae139b6e4914ce7b0ef1e68b8b857eb,b5f237fefb38465bb6a068c9cf75ba31
dc46278e6e01447e8c262d2884fdd9bb,6c79712e67b54dd0a11d426a91207939,5363ae1c905d4879a63259de4954702e,295d0d40791245ff838c73a2aa27d065,33b5e2ae5ebe4f548bac3a00ab0a59eb,cd6ce920d00e4d17a6cf04f9f7e550b7,cb2505b30d8a4dc086c353cf94424b6d,dd77b570036f40de9fdf49011bb9e2d8,7e190e3c05d74e6b9f103e39142c1684,8dfd98bb97584157b207e1f4be471a8e,26869cc099c44c4a86f6043476ab4890
8ba5ddc596414a9695e18a68ace669d5,cd6ce920d00e4d17a6cf04f9f7e550b7,6c79712e67b54dd0a11d426a91207939,5363ae1c905d4879a63259de4954702e,dd77b570036f40de9fdf49011bb9e2d8,8dfd98bb97584157b207e1f4be471a8e,5d5baf5ce88b4b529e28ab9c7c114148,295d0d40791245ff838c73a2aa27d065,26869cc099c44c4a86f6043476ab4890,02a3cd76ce534d188b4d5ac4778bd652,2471f23cb9b64d35a72deed09c9c8975
bc709d8a81a346b5aca36d4ffb49d234,13cda6e8f2d948eeb5508288a172e76f,1ad0cf33e96243888d5f970195a75586,1aaf8edc37ea412b85e3d1b5c5317051,da61d9bc8f024a4aba18d5c3072b7838,eee7f32249c5452ea36c8ed3a3540010,ce4fdd5499f8498793c11e586f7da70c,93dc50abd35349f7923100dca2f41002,ca1a2a6308834baba3140b5ce8f81320,6fc7a2cf0684475a82f6ff9be2c8e850,342aaa81ed004635bbf9cbc2592cd7b6
93bbe46e371c44f284f4487aa854a903,20297482a5014732a843c9fdafba548e,342aaa81ed004635bbf9cbc2592cd7b6,7ab9086baf99475d8c93862a7dd36344,13cda6e8f2d948eeb5508288a172e76f,cd764fbfae774d068af7549c648a02c9,701ac1447f5a414e81156a56c3593a31,f5d09519cf7647f8a107cd8fadd322e5,2b039224b54142d185a406b31fe01de2,0a61f52258f643b6a6436a1ec234e197,31cf7db26a3249c5a6205b005662ddcf
cd3c7eb34f6f4d45bcd3a71dd304f187,20297482a5014732a843c9fdafba548e,13cda6e8f2d948eeb5508288a172e76f,342aaa81ed004635bbf9cbc2592cd7b6,7ab9086baf99475d8c93862a7dd36344,f5d09519cf7647f8a107cd8fadd322e5,701ac1447f5a414e81156a56c3593a31,31cf7db26a3249c5a6205b005662ddcf,cd764fbfae774d068af7549c648a02c9,2b039224b54142d185a406b31fe01de2,3e6a4b65a1004c08a6f3f570cf986c2f
c900c56e641f49749087f609b8ab6f4b,13cda6e8f2d948eeb5508288a172e76f,1ad0cf33e96243888d5f970195a75586,342aaa81ed004635bbf9cbc2592cd7b6,f5d09519cf7647f8a107cd8fadd322e5,cd764fbfae774d068af7549c648a02c9,da61d9bc8f024a4aba18d5c3072b7838,2b039224b54142d185a406b31fe01de2,ce4fdd5499f8498793c11e586f7da70c,7ab9086baf99475d8c93862a7dd36344,eee7f32249c5452ea36c8ed3a3540010
f747d567755a4d7a83b918fcff6e4b5c,db69f22fe72246ea85d33991961a649a,724a3f6551e74ad585bdeac9a75fd639,556743bab70d4b75bafcf192fef95b16,be9e713988ba4bbba869885cad419259,e59dba65749140f4a1bdaf2695de2fc6,b7f5c165ea2242709a2fb71f3a3f1bcb,7f0b453cc8c14156802497f5cbae9d62,eeb3b60f34af40de850e065b475d8180,761a3a01495143f0a86beac4234cae3a,673aee19895b4d339ada93213d8874ac
b52c282983934e3699bf0c6b64dc8d7c,db69f22fe72246ea85d33991961a649a,7f0b453cc8c14156802497f5cbae9d62,b7f5c165ea2242709a2fb71f3a3f1bcb,673aee19895b4d339ada93213d8874ac,e59dba65749140f4a1bdaf2695de2fc6,724a3f6551e74ad585bdeac9a75fd639,be9e713988ba4bbba869885cad419259,50aa0f56e00d4c23ac78b3e63bc0f0e1,761a3a01495143f0a86beac4234cae3a,556743bab70d4b75bafcf192fef95b16
cb43fab6f1b147acbb71f39df054f667,0a2c24dead204be9ae36be358e1223f9,3b37a4c34b6e4ca89a04da864e141422,d0b6e9c1cc5341faba9e03c17767bc2e,86f59bd78b424260b0cf356f2f9ae734,09f4970dfe684b809bc0959fb62f41bf,7f0a68d19d2e4850846ffc08c47ed87d,2c82919b038847fabbf5d13ca5ac55a7,31a2675a2e944a1ab3b810cfb92ebd34,0842a796c09b4089933a4f27e4e5e3bc,67984873125e4a0f9562179c906d1b0f
c0ca3c37cd574f37a90afbcab9554fb9,3b37a4c34b6e4ca89a04da864e141422,0a2c24dead204be9ae36be358e1223f9,21eb9f06dd834a108d816efdf3aca8dc,7f0a68d19d2e4850846ffc08c47ed87d,d5ecdd142b544edca1b16ee83a9cf908,67984873125e4a0f9562179c906d1b0f,86f59bd78b424260b0cf356f2f9ae734,d0b6e9c1cc5341faba9e03c17767bc2e,4c293487c809486585d65ed10b2cb1e4,1b827db6f6cf4ecb850928c2f9e41de2
0520b04de7b946fb84e99b6ae1269a1f,3b37a4c34b6e4ca89a04da864e141422,0a2c24dead204be9ae36be358e1223f9,67984873125e4a0f9562179c906d1b0f,21eb9f06dd834a108d816efdf3aca8dc,5c644b51b1394a7b8fa0a9a6275c422d,86f59bd78b424260b0cf356f2f9ae734,d0b6e9c1cc5341faba9e03c17767bc2e,4c293487c809486585d65ed10b2cb1e4,a2612682d9854a30a7684c91c8619ec9,7f0a68d19d2e4850846ffc08c47ed87d
c7dcc094c48b40fd94db148562b6f0e9,0a2c24dead204be9ae36be358e1223f9,3b37a4c34b6e4ca89a04da864e141422,1b827db6f6cf4ecb850928c2f9e41de2,31a2675a2e944a1ab3b810cfb92ebd34,f6507bae2aaa4785842167f8320428b3,d0b6e9c1cc5341faba9e03c17767bc2e,0842a796c09b4089933a4f27e4e5e3bc,09f4970dfe684b809bc0959fb62f41bf,86f59bd78b424260b0cf356f2f9ae734,7f0a68d19d2e4850846ffc08c47ed87d
ddd81e0cf0bf473caeae21db037c05f3,476ce3ffff564a5aa985808e7d2cab17,243dbbcdc67c42bfa6f32c47477adf6d,8c674a7b65e24114a45dd3c861a7ccfc,cae139b6e4914ce7b0ef1e68b8b857eb,3cb231e1167e45f9bf5771a4e0074092,4254f6eaaed746bea797c3522036fc12,e3854d75221c4e38879a6106bb5c1941,b6c493a3666c4db193e86c79faf099ab,434551fdf9e443ed91679a9557ae6fd5,b5f237fefb38465bb6a068c9cf75ba31
c7a7fb2ef38346cab2c63eb4b30f835b,243dbbcdc67c42bfa6f32c47477adf6d,cae139b6e4914ce7b0ef1e68b8b857eb,476ce3ffff564a5aa985808e7d2cab17,8f0e477fc779414e9b47995c0b25a87d,b5f237fefb38465bb6a068c9cf75ba31,e3854d75221c4e38879a6106bb5c1941,4254f6eaaed746bea797c3522036fc12,3cb231e1167e45f9bf5771a4e0074092,13e659415ac84c7a81fc769111d43417,016e634d566b49c199d07357aae9bf33
53bb342b2fbb403cbc5546f80ef1cf70,476ce3ffff564a5aa985808e7d2cab17,243dbbcdc67c42bfa6f32c47477adf6d,cae139b6e4914ce7b0ef1e68b8b857eb,e3854d75221c4e38879a6106bb5c1941,3cb231e1167e45f9bf5771a4e0074092,8c674a7b65e24114a45dd3c861a7ccfc,b5f237fefb38465bb6a068c9cf75ba31,8dfd98bb97584157b207e1f4be471a8e,4254f6eaaed746bea797c3522036fc12,016e634d566b49c199d07357aae9bf33
320e73d1bf40458380ad0ac60af40a94,243dbbcdc67c42bfa6f32c47477adf6d,cae139b6e4914ce7b0ef1e68b8b857eb,476ce3ffff564a5aa985808e7d2cab17,b5f237fefb38465bb6a068c9cf75ba31,e3854d75221c4e38879a6106bb5c1941,8f0e477fc779414e9b47995c0b25a87d,4254f6eaaed746bea797c3522036fc12,016e634d566b49c199d07357aae9bf33,b90d74e80c37486eaee89b6fbab13671,3cb231e1167e45f9bf5771a4e0074092
4a790fe3c73f4c1f9565d50067722fbf,eabdd2813a954f9aa01f0eb8212ee387,6bde760ad5d4485db9889b1bdc074005,076e2669c305401fb3afcfafdd6c79c7,5fc200cab89346658c9c91cce27e85fe,5e44915237fc4445b54b037e1c4e29a4,d0e41bf891254ba0872f1641139f84f6,cd6ce920d00e4d17a6cf04f9f7e550b7,7584980704ae4617bb27ca162cc9c5db,6b7b5d28293d4a5a8075f7f7dd231ddb,be8953cc364d46cebbcc2c2da2c348ab
b374c835abb74519904d89a6f4367ea2,d0e41bf891254ba0872f1641139f84f6,0c889c151e094b948c13b0275e660a9c,076e2669c305401fb3afcfafdd6c79c7,5fc200cab89346658c9c91cce27e85fe,cd6ce920d00e4d17a6cf04f9f7e550b7,6bde760ad5d4485db9889b1bdc074005,5e44915237fc4445b54b037e1c4e29a4,be8953cc364d46cebbcc2c2da2c348ab,6b7b5d28293d4a5a8075f7f7dd231ddb,eabdd2813a954f9aa01f0eb8212ee387
358dc33d74d3427697ddadedc1d2a83e,5fc200cab89346658c9c91cce27e85fe,076e2669c305401fb3afcfafdd6c79c7,6bde760ad5d4485db9889b1bdc074005,5e44915237fc4445b54b037e1c4e29a4,7584980704ae4617bb27ca162cc9c5db,d0e41bf891254ba0872f1641139f84f6,4e22dc65beb7450b9260cf27e50919e4,be8953cc364d46cebbcc2c2da2c348ab,cd6ce920d00e4d17a6cf04f9f7e550b7,eabdd2813a954f9aa01f0eb8212ee387
1840d3d379eb48cc97d68a3c7ece76a0,ef511457ee7c490c8e10eccf6e18fef6,04d24d1cf42b4f7787d8d300cbad6d50,74de04f31db94a99b757685c91779412,bb84a4cf60c84a8d8e23276b1863d293,7bbe3c76bcc04d73969f920d43fcc67d,b4dadb3ea3a04cc3932094471debce13,7879fa4d4db046a2a8d195311b6e5789,25afb6f7e9314af09008644bca5955b9,4a7fa5a1bafe4b6995e2920444ac07c4,e88ce4cd350f43398a5c0ab8629cee72
11c35b811aae4a88b9417172320999bb,74de04f31db94a99b757685c91779412,ef511457ee7c490c8e10eccf6e18fef6,dd36cc0867b94d55a43b82c1c9a0e95c,b4dadb3ea3a04cc3932094471debce13,04d24d1cf42b4f7787d8d300cbad6d50,7bbe3c76bcc04d73969f920d43fcc67d,556743bab70d4b75bafcf192fef95b16,b0236c76ae244fd8aacbea7da10e55ca,bbdf9065122d499d9d8f80ad3e0ef6f3,bb84a4cf60c84a8d8e23276b1863d293
6dbd11275bf1493ca16a6492ba2f511c,ef511457ee7c490c8e10eccf6e18fef6,04d24d1cf42b4f7787d8d300cbad6d50,74de04f31db94a99b757685c91779412,bb84a4cf60c84a8d8e23276b1863d293,7bbe3c76bcc04d73969f920d43fcc67d,25afb6f7e9314af09008644bca5955b9,b4dadb3ea3a04cc3932094471debce13,7879fa4d4db046a2a8d195311b6e5789,4a7fa5a1bafe4b6995e2920444ac07c4,26b18153216b48d793b75598ddb54d77
26f693acd01d492bae2384f853a7924a,74de04f31db94a99b757685c91779412,ef511457ee7c490c8e10eccf6e18fef6,dd36cc0867b94d55a43b82c1c9a0e95c,b4dadb3ea3a04cc3932094471debce13,7bbe3c76bcc04d73969f920d43fcc67d,04d24d1cf42b4f7787d8d300cbad6d50,556743bab70d4b75bafcf192fef95b16,25afb6f7e9314af09008644bca5955b9,b0236c76ae244fd8aacbea7da10e55ca,4a7fa5a1bafe4b6995e2920444ac07c4
9ec6567a98fa4b3bb0c40f6580f8688e,7199f2fe77824236a392e1f00a5bdfc3,3aaea7fa41fd43cdb88f8ef59062c5df,ff276acede2f4c14876ef47257758ae8,df0c94234d9d4890b5b4b95c441b3e9a,19a124c6dad14a4fa7864463b081009c,1027a336232c4454a9c4ae450a562788,69ac8397e9624bfd8aee237b9f9ea3b5,cf7476d6c96b4dcdb6f025b9291eb62b,c65af18670ea437c8986884645b3afe9,f6507bae2aaa4785842167f8320428b3
d16732c065604317b9457f0f53b9e356,3aaea7fa41fd43cdb88f8ef59062c5df,ff276acede2f4c14876ef47257758ae8,7199f2fe77824236a392e1f00a5bdfc3,df0c94234d9d4890b5b4b95c441b3e9a,c66c6f1449d44728a2ef72de53dd6d5e,19a124c6dad14a4fa7864463b081009c,01930613ce7d4a5f90ccf78d1e92a55d,63ba014f9cc747ac87013da6be0ceab9,f6507bae2aaa4785842167f8320428b3,cf7476d6c96b4dcdb6f025b9291eb62b
805041534e3944d4bf48b927f4e971e1,ff276acede2f4c14876ef47257758ae8,3aaea7fa41fd43cdb88f8ef59062c5df,7199f2fe77824236a392e1f00a5bdfc3,df0c94234d9d4890b5b4b95c441b3e9a,55c0b899937042c98162389b209aca7f,63ba014f9cc747ac87013da6be0ceab9,c66c6f1449d44728a2ef72de53dd6d5e,19a124c6dad14a4fa7864463b081009c,f6507bae2aaa4785842167f8320428b3,191b01e1728e4583a8ead5a86db27370
f25d93d4fff845dbba58d34a9ba4da56,7199f2fe77824236a392e1f00a5bdfc3,3aaea7fa41fd43cdb88f8ef59062c5df,ff276acede2f4c14876ef47257758ae8,df0c94234d9d4890b5b4b95c441b3e9a,19a124c6dad14a4fa7864463b081009c,1027a336232c4454a9c4ae450a562788,f6507bae2aaa4785842167f8320428b3,63ba014f9cc747ac87013da6be0ceab9,c65af18670ea437c8986884645b3afe9,c66c6f1449d44728a2ef72de53dd6d5e
ae2ef12666344157a4a58eb1012bea10,7ef653f7e5f64e1b8bba73b9518b87b7,878e5c41be5c477e9f660ca361fdd727,f3fddb55448a46778b5d807642cceb71,cb550e5ff4694fe9a19eaa6588cef250,556743bab70d4b75bafcf192fef95b16,b5f237fefb38465bb6a068c9cf75ba31,3bd43a42811048e3b7a7d9740bdb1971,3aa003c1e31b476e999c3a808a1d5dc6,0accd1d0138b49049d437c0d9b1c23c3,0daf8d5687b54d158f7f752884c42334
c007e0935fe7472a9ef764a15c2bae1a,7ef653f7e5f64e1b8bba73b9518b87b7,878e5c41be5c477e9f660ca361fdd727,f3fddb55448a46778b5d807642cceb71,0daf8d5687b54d158f7f752884c42334,556743bab70d4b75bafcf192fef95b16,3bd43a42811048e3b7a7d9740bdb1971,b5f237fefb38465bb6a068c9cf75ba31,0accd1d0138b49049d437c0d9b1c23c3,be9e713988ba4bbba869885cad419259,5d5baf5ce88b4b529e28ab9c7c114148
ca758fdcdecf418c8193105975e32b5a,878e5c41be5c477e9f660ca361fdd727,7ef653f7e5f64e1b8bba73b9518b87b7,556743bab70d4b75bafcf192fef95b16,0daf8d5687b54d158f7f752884c42334,f92d16d3a970487094292439c3e00923,24c55bb5cd694770ba895c7401da2ba5,7359a1cc20d54f96aeea121d7247b88d,f3fddb55448a46778b5d807642cceb71,2f0401170d104b47b0a8f087f69dee88,a35d7304347a4f81b1ccfb086956921c
62d4e090de42404b884cdf0aeea36d2d,cf290994a83e4909aec30077477b9d04,8c674a7b65e24114a45dd3c861a7ccfc,cae139b6e4914ce7b0ef1e68b8b857eb,243dbbcdc67c42bfa6f32c47477adf6d,476ce3ffff564a5aa985808e7d2cab17,1f3cf50fe1f947d8a56e02ebca441c4c,00fb3a55134242769182c520d55681a2,3b37a4c34b6e4ca89a04da864e141422,b6c493a3666c4db193e86c79faf099ab,8a464aa9e2ee45d0abc7ae6181cd1bda
4a90414f82f14268928f92849227e3e4,8c674a7b65e24114a45dd3c861a7ccfc,8a464aa9e2ee45d0abc7ae6181cd1bda,b6c493a3666c4db193e86c79faf099ab,476ce3ffff564a5aa985808e7d2cab17,cf290994a83e4909aec30077477b9d04,2939ef012c5c4a1b94b49df9469dfb3c,f65b6fb5b40a49d1896de7a115469d40,41047823f2cb4194ba1e0709443c719a,cae139b6e4914ce7b0ef1e68b8b857eb,43464ed6733f4642a0b90e7d995a5e40
8b1b59a271e64b7d92225d1479ab0fa0,8c674a7b65e24114a45dd3c861a7ccfc,476ce3ffff564a5aa985808e7d2cab17,8a464aa9e2ee45d0abc7ae6181cd1bda,b6c493a3666c4db193e86c79faf099ab,cf290994a83e4909aec30077477b9d04,f65b6fb5b40a49d1896de7a115469d40,243dbbcdc67c42bfa6f32c47477adf6d,cae139b6e4914ce7b0ef1e68b8b857eb,41047823f2cb4194ba1e0709443c719a,2939ef012c5c4a1b94b49df9469dfb3c
31555c3dbb51459eb52da0ce111a5382,cf290994a83e4909aec30077477b9d04,8c674a7b65e24114a45dd3c861a7ccfc,cae139b6e4914ce7b0ef1e68b8b857eb,1f3cf50fe1f947d8a56e02ebca441c4c,476ce3ffff564a5aa985808e7d2cab17,243dbbcdc67c42bfa6f32c47477adf6d,3b37a4c34b6e4ca89a04da864e141422,00fb3a55134242769182c520d55681a2,b6c493a3666c4db193e86c79faf099ab,d5ecdd142b544edca1b16ee83a9cf908
bb7eb4ba9b5943b6a61ff124ef6239b4,77d8e01a914d4f4a8b87d407e0d741aa,d445ccdb4cda497e9f0343a3298022d2,b01fd4d037a84a7aa777e1fc345c73c5,af648fa7ac6c4c50a246de470329cd83,716a15d66b63424a8068da89e75733b4,8c5f38853679436ba434b6a696e43168,33e2a95109e647cbb4ba2687631b169a,2d812431f07c44f1a56a71c72766e0b0,afac6ae28fac41dabae96696990c5555,14f4db886cca4104877ac7d1d7a64133
e1d35002bf604e59a1a055673b110d7b,64d9091426f9461c97c98a5428856bcf,de1102228a324428989533278cd482f6,434551fdf9e443ed91679a9557ae6fd5,7070715ef90743da8691dd4ad134eb0c,06b7dd1b701544ac80dd7ca54ed707cf,77d8e01a914d4f4a8b87d407e0d741aa,d445ccdb4cda497e9f0343a3298022d2,d2bcc978e7aa49908919d9fc40138b27,7fe9e665bf41491c9788941aa2894a10,0e28ed072d6c444aa6f02e64955b44c6
409ee169523c45b0935d17521c001655,77d8e01a914d4f4a8b87d407e0d741aa,d445ccdb4cda497e9f0343a3298022d2,384b14b18c3c43b1a4dc1aa2f661e076,08ecf89bc10942a4bd894482f6fcdfa7,de1102228a324428989533278cd482f6,64d9091426f9461c97c98a5428856bcf,d2bcc978e7aa49908919d9fc40138b27,f0084465b2e646c9a53d9dc766067d9b,384f94503bcd4f4c863056ad69f45b43,06a5f0cec6ce4170a02dad0ad4c55b1c
3c0da2e0535d4efab77b6201db1866d3,5760084aabef4d8095b2d21902151f64,511fe9c8b20b4fda94969745238c9474,98b2022b2cb84af09ee8b789db928b13,f4474150010f4021a4620372062f3797,f2ef424352f14dda92691047ee9f15fa,b3a022950e444682a113cec5a0537f6a,35d06fce2df446569702778e2250bd82,f69bf682935e47e1b4c72d237becd13a,9bf3b77eb9874f5f9e006a9cff111ea9,c74557a980e2428a9ffcc245278df692
1693abbd511b40648b18f87e485be585,19b81e71e7f04ebcbfade9daa899ed3d,7d6cdff8c9ac434196df803628fe9f62,570f08ce2a1a47978eab16bf7ad16a68,e22e1ad3c1fc4493bcb7c9b923566ff7,44b3bc5953364d72a53edcf9fc4f1fed,e4ee90d625d44a6d9adc138390eef0f8,e429a2e164a24919a12edcc8d4ea8f09,21019944fc2c4838a682a6dcdc62c4ef,dcfb738ebbc24f09bb680fe3a52b702e,44156e6482884acaaee1938e04d8b6ff
220c7fef1fe54586b4f4c4ac80924512,f2ef424352f14dda92691047ee9f15fa,7326afe68eb64b63993b3dae022c645d,e8f18e4bdf054390a1768978dca8e430,9460474d89704a68aaa6ccb62310ae3d,9d09e3cd382c4d0ea0f6f50261e3e4c8,b40d3c588ad647ff85e397a6bc5f9d8b,99a52c93a3304ec18dab9206f98f2a8b,ad42c467d0fe43dbb328073f9a16bc4d,89e983dca0a34b768e17b3871b9cea1e,c78547bdc2e64ac8935559f7de2efd41
995e4d102a3b41e3b4c81d2e30253554,f2ef424352f14dda92691047ee9f15fa,5760084aabef4d8095b2d21902151f64,9d09e3cd382c4d0ea0f6f50261e3e4c8,98b2022b2cb84af09ee8b789db928b13,e429a2e164a24919a12edcc8d4ea8f09,7960902edf4b47d686f704441aa56b0e,9bf3b77eb9874f5f9e006a9cff111ea9,19b81e71e7f04ebcbfade9daa899ed3d,27a67d3e76814297aebf64e03d14c336,0cc5015848a044b59fa4b290813f859c
32b2409ee0304c6f8c633cf2838fc107,d9b70c4ed8bb4fc5957ecebf102528ee,0a61f52258f643b6a6436a1ec234e197,4e7ee74be72a461fa02fa61bee62bdcc,45e440d874a54bb591862ff441114cd3,d7c9dafddaf547159d366dacf7b68a7e,5a9a716f53364389864a4018d9e9c6c0,5605fa1188974644937bbf92fec50e21,eee7f32249c5452ea36c8ed3a3540010,31a2675a2e944a1ab3b810cfb92ebd34,df7ea50171af48df81584ab7e8107d15
38393c2659214de8b744a8747b3060da,0a61f52258f643b6a6436a1ec234e197,d9b70c4ed8bb4fc5957ecebf102528ee,d0b6e9c1cc5341faba9e03c17767bc2e,31a2675a2e944a1ab3b810cfb92ebd34,21eb9f06dd834a108d816efdf3aca8dc,dd36cc0867b94d55a43b82c1c9a0e95c,e43d8e7bc32f406b9a692e2604f5b45a,09f4970dfe684b809bc0959fb62f41bf,eee7f32249c5452ea36c8ed3a3540010,2939ef012c5c4a1b94b49df9469dfb3c
b1fb22cca72c471fbf933b076b3ba471,0a61f52258f643b6a6436a1ec234e197,d9b70c4ed8bb4fc5957ecebf102528ee,d0b6e9c1cc5341faba9e03c17767bc2e,21eb9f06dd834a108d816efdf3aca8dc,dd36cc0867b94d55a43b82c1c9a0e95c,31a2675a2e944a1ab3b810cfb92ebd34,cf290994a83e4909aec30077477b9d04,3b37a4c34b6e4ca89a04da864e141422,df7ea50171af48df81584ab7e8107d15,20297482a5014732a843c9fdafba548e
c425735cc2d645f89ae700274561ff76,fadf133e0e684a24ac79b5fa9515bac2,0bd1cce9370a461089e25393086800a8,6f57d1175ad243edada61643d01fcd54,df5ca61304074da1bec8f536ab50baf3,c756409435634fc48c643a64e73c93ce,56272326c7e94e419ea8c69fb634f610,b9228fdb5f0c413d81cffb51829d95c6,225818abe99e45a0bf5b0b3ec30db76b,7ec1584e9a5b49eab9ef249143d9bb86,ec07b4e88bea4086a5eafed96d81edb5
d37fad90466d41fb99cc1281af258b44,56272326c7e94e419ea8c69fb634f610,d9ac372330a4446886fa19bac0d19877,df5ca61304074da1bec8f536ab50baf3,225818abe99e45a0bf5b0b3ec30db76b,cc243eebbb2b44a581745865a60c423a,f439b5616ba24b7f82eccfa095a0eff8,fadf133e0e684a24ac79b5fa9515bac2,b9228fdb5f0c413d81cffb51829d95c6,c756409435634fc48c643a64e73c93ce,6f57d1175ad243edada61643d01fcd54
8f59b2636caf43f29362aad398734e84,fadf133e0e684a24ac79b5fa9515bac2,0bd1cce9370a461089e25393086800a8,df5ca61304074da1bec8f536ab50baf3,6f57d1175ad243edada61643d01fcd54,c756409435634fc48c643a64e73c93ce,b9228fdb5f0c413d81cffb51829d95c6,7ec1584e9a5b49eab9ef249143d9bb86,ec07b4e88bea4086a5eafed96d81edb5,56272326c7e94e419ea8c69fb634f610,225818abe99e45a0bf5b0b3ec30db76b
92e239ee1c9942eda10a987e5a192aad,d9ac372330a4446886fa19bac0d19877,56272326c7e94e419ea8c69fb634f610,225818abe99e45a0bf5b0b3ec30db76b,df5ca61304074da1bec8f536ab50baf3,cc243eebbb2b44a581745865a60c423a,f439b5616ba24b7f82eccfa095a0eff8,0bd1cce9370a461089e25393086800a8,590df34aa41f46e9ad13ffc6a98da3b7,b9228fdb5f0c413d81cffb51829d95c6,fadf133e0e684a24ac79b5fa9515bac2
6ca76ef7aa7d4121a75374b29ba7d263,56272326c7e94e419ea8c69fb634f610,d9ac372330a4446886fa19bac0d19877,df5ca61304074da1bec8f536ab50baf3,225818abe99e45a0bf5b0b3ec30db76b,fadf133e0e684a24ac79b5fa9515bac2,f439b5616ba24b7f82eccfa095a0eff8,cc243eebbb2b44a581745865a60c423a,0bd1cce9370a461089e25393086800a8,c756409435634fc48c643a64e73c93ce,b9228fdb5f0c413d81cffb51829d95c6
2cdba5196ffe4c8797018ef98b7a52c4,3d3e8565d2f84e0cad5ae622f2909765,84ff5144597241bba5cbd3d0b21d220d,7daa434073604cb98a04fefb55468dda,6400e3f6a14c492ba399bd414faca075,4e7ee74be72a461fa02fa61bee62bdcc,2471f23cb9b64d35a72deed09c9c8975,ca544e6629b14e8fab5f7cb40d1ac88e,8fdee0611965465eb45387b8c39f4136,1ade4365590a4ac7865100d8c791e340,b702b2b61ce048c6bf5af3c4dca18b1a
8e69932dfcf247039202e839e2e4ad92,2471f23cb9b64d35a72deed09c9c8975,ef60b54aa4b5490890da32d0bb8c9cbf,5c09482fc8dc45bdbf7919f00dd540e0,c3a741d302d94ee294bb6e4090fd2da9,199647bd1328406c83c5a875154f97d9,3c72832689d8406996e80893b719b974,75efe5ddef364f49865d9bb283492b48,6400e3f6a14c492ba399bd414faca075,cffbff4deb374fcf850c679899c6e3f8,3d3e8565d2f84e0cad5ae622f2909765
c876e09aeff84624b8a01d61b99fed1f,3d3e8565d2f84e0cad5ae622f2909765,84ff5144597241bba5cbd3d0b21d220d,b702b2b61ce048c6bf5af3c4dca18b1a,8fdee0611965465eb45387b8c39f4136,6400e3f6a14c492ba399bd414faca075,7daa434073604cb98a04fefb55468dda,3aa003c1e31b476e999c3a808a1d5dc6,097f2ce3b88c4d008488b9908076497e,4e7ee74be72a461fa02fa61bee62bdcc,27a0d24dc1e14b28a1f18456b29c93f1
660e576505194cfbb8e673b09a078b98,2471f23cb9b64d35a72deed09c9c8975,ef60b54aa4b5490890da32d0bb8c9cbf,c3a741d302d94ee294bb6e4090fd2da9,199647bd1328406c83c5a875154f97d9,3c72832689d8406996e80893b719b974,6400e3f6a14c492ba399bd414faca075,75efe5ddef364f49865d9bb283492b48,3d3e8565d2f84e0cad5ae622f2909765,84ff5144597241bba5cbd3d0b21d220d,cffbff4deb374fcf850c679899c6e3f8
795efbe9c2fe4b3dbc173c89167f9163,3c0f3b44c0844df49b5898406fe9195a,211ef3181e524685866fb8574d9bf456,67dd23cfd20f46dc82acc82c108a1dc6,6bedb2d6ace34e18811b7f1206b2d1b0,36ac84a73ad34261ad45cf569edb60af,29fb30a75c57451a85f310aa6423a662,7d0190486da540718e4dc4ca4bd1f573,02641488de414b72b63f62b40200b101,b44645c11ece4326a45f50fdc5d45dcf,73f684f538ea452cbb4fbecc2e8126a4
2be3682989f94c34b19ee0da04571f91,3c0f3b44c0844df49b5898406fe9195a,211ef3181e524685866fb8574d9bf456,67dd23cfd20f46dc82acc82c108a1dc6,6bedb2d6ace34e18811b7f1206b2d1b0,36ac84a73ad34261ad45cf569edb60af,ac5a760b45c146ec840193371cfb2d30,29fb30a75c57451a85f310aa6423a662,73f684f538ea452cbb4fbecc2e8126a4,02641488de414b72b63f62b40200b101,812a1568c77d46e695f8eb7357e24a0e
68215d17cd25495b93f219bc1621c8aa,7d0190486da540718e4dc4ca4bd1f573,6c6de17135be4f8c9423be633eaefcd4,6c51b4f57ba0415f994756e944b11cee,42b6af4853fc465f83ec054f8f8289a4,c1d504dfeded4b8bb3c07777b7c7abde,f37d285ad0de42f0b1546d0d1acfb221,e53dd6188816429ab915de6f9649a026,211ef3181e524685866fb8574d9bf456,3c0f3b44c0844df49b5898406fe9195a,67dd23cfd20f46dc82acc82c108a1dc6
701794a02e204afbbbd3a8689e7eb5f0,7d0190486da540718e4dc4ca4bd1f573,6c6de17135be4f8c9423be633eaefcd4,6c51b4f57ba0415f994756e944b11cee,42b6af4853fc465f83ec054f8f8289a4,c1d504dfeded4b8bb3c07777b7c7abde,e53dd6188816429ab915de6f9649a026,211ef3181e524685866fb8574d9bf456,f37d285ad0de42f0b1546d0d1acfb221,e511c40ca6324803b5021e47b4e777f8,6bedb2d6ace34e18811b7f1206b2d1b0
fc791f8358f54a66be0e95f809bc8e2d,84581d81d46d44bc99ffb8f871646a7a,7aceed0dbea645b091207f4a53d879f2,1099cb6f4fac4eb8a1fb6db50e18296b,db13ed5446be46269dff3de3c1bf2660,f91157bb8fca4a8e98db33591a76be9a,42805d29975b400ea7c570fc45ec4938,63eab812f3254cccb9631b09725aec3d,19a124c6dad14a4fa7864463b081009c,bf789f42ccfc42c5a330a3f6e30ddb83,0f785440b29548e1a1968868262fd42e
24729e6784174289859f89243ee3228c,db13ed5446be46269dff3de3c1bf2660,1099cb6f4fac4eb8a1fb6db50e18296b,84581d81d46d44bc99ffb8f871646a7a,7aceed0dbea645b091207f4a53d879f2,f91157bb8fca4a8e98db33591a76be9a,ff171f0b29974f78b0e81fee30abdd38,bf789f42ccfc42c5a330a3f6e30ddb83,f65c7f50929f431dbf31b441d87616d0,35d06fce2df446569702778e2250bd82,fadf133e0e684a24ac79b5fa9515bac2
ca6805db708f46198fe4e47abb975231,17b5eb6fab65476f827dd355b4a20a55,8987ceafff324f9599b842542e37eddd,7e190e3c05d74e6b9f103e39142c1684,ff171f0b29974f78b0e81fee30abdd38,75bf181ea5dc490e95d364a5f5c7af1d,ca5add3cbf044a95a5bec88a5841ce98,ae3f42d57b3046a3821026173286a43e,092cb872c8724c7681c50da9c6cfa252,7627d5e28ba74cbeaf9225e88a7a44cc,87fc1d6a57ea488786caaec8599c3b8b
98ab5e0cc5f8413e993869c9729b464d,8987ceafff324f9599b842542e37eddd,17b5eb6fab65476f827dd355b4a20a55,7e190e3c05d74e6b9f103e39142c1684,ff171f0b29974f78b0e81fee30abdd38,092cb872c8724c7681c50da9c6cfa252,e735729c80d84f76a6133c065d5380f8,6ae72ad649c54129b992d321f8f29122,503d2f067a8a4f5798b1c64b07ab0bc5,ae3f42d57b3046a3821026173286a43e,75bf181ea5dc490e95d364a5f5c7af1d
6cd0e8707bc64b2a808ed3479ee223ab,acbf8eae7e064c11bab7adf66f216990,597aab8bb15240f89fd1b24a8e38258d,6af17cec494c4373a95865d270a29171,009be1c3430743ff9b054bdfcd6228d6,36ee1613abf245cdbe93fef69b5f981f,47eb17da319d440aa52da8008c26327a,1c2b01416e3943e3b3c575e53c3f1d16,18ab15fbf00f42f7a410ec75f7592bea,236c362d8b664c93b41882c119df9706,097c30a7f39a4a3abf6da2ca80cad3a5
dbec5198890f4c209fd8ef08d73c40ce,597aab8bb15240f89fd1b24a8e38258d,acbf8eae7e064c11bab7adf66f216990,6af17cec494c4373a95865d270a29171,47eb17da319d440aa52da8008c26327a,36ee1613abf245cdbe93fef69b5f981f,009be1c3430743ff9b054bdfcd6228d6,097c30a7f39a4a3abf6da2ca80cad3a5,1c2b01416e3943e3b3c575e53c3f1d16,236c362d8b664c93b41882c119df9706,bb5c7d03a54647d08b8c62deeb803271
ee7c4fd5b21848a380cf4e90f9f5cdca,6af17cec494c4373a95865d270a29171,acbf8eae7e064c11bab7adf66f216990,597aab8bb15240f89fd1b24a8e38258d,36ee1613abf245cdbe93fef69b5f981f,009be1c3430743ff9b054bdfcd6228d6,47eb17da319d440aa52da8008c26327a,097c30a7f39a4a3abf6da2ca80cad3a5,1c2b01416e3943e3b3c575e53c3f1d16,236c362d8b664c93b41882c119df9706,bb5c7d03a54647d08b8c62deeb803271
b0a8fa5a4b474306b97fd69abcdc245f,6af17cec494c4373a95865d270a29171,acbf8eae7e064c11bab7adf66f216990,597aab8bb15240f89fd1b24a8e38258d,47eb17da319d440aa52da8008c26327a,36ee1613abf245cdbe93fef69b5f981f,009be1c3430743ff9b054bdfcd6228d6,097c30a7f39a4a3abf6da2ca80cad3a5,bb5c7d03a54647d08b8c62deeb803271,1c2b01416e3943e3b3c575e53c3f1d16,18ab15fbf00f42f7a410ec75f7592bea
2c22ed57d17c4aa097b37805a50b9294,2c82919b038847fabbf5d13ca5ac55a7,09f4970dfe684b809bc0959fb62f41bf,0842a796c09b4089933a4f27e4e5e3bc,e2769c67dadd4c988f7ccf249a998a56,f59a3ee5387440d981754b6595e8664c,d0b6e9c1cc5341faba9e03c17767bc2e,86f59bd78b424260b0cf356f2f9ae734,4c293487c809486585d65ed10b2cb1e4,31a2675a2e944a1ab3b810cfb92ebd34,2c65a898314b42e6b2e93dca66fd15c2
ee0bdf8b7e3142509f97816c8fae19bd,09f4970dfe684b809bc0959fb62f41bf,0842a796c09b4089933a4f27e4e5e3bc,86f59bd78b424260b0cf356f2f9ae734,d0b6e9c1cc5341faba9e03c17767bc2e,31a2675a2e944a1ab3b810cfb92ebd34,2c82919b038847fabbf5d13ca5ac55a7,4c293487c809486585d65ed10b2cb1e4,67984873125e4a0f9562179c906d1b0f,0a2c24dead204be9ae36be358e1223f9,1b827db6f6cf4ecb850928c2f9e41de2
a0b880f475f147f08f11e0a27dc48fde,2b039224b54142d185a406b31fe01de2,7ab9086baf99475d8c93862a7dd36344,f5d09519cf7647f8a107cd8fadd322e5,342aaa81ed004635bbf9cbc2592cd7b6,701ac1447f5a414e81156a56c3593a31,a64f6232ee1e4357937008a327a63cf4,cd764fbfae774d068af7549c648a02c9,3e6a4b65a1004c08a6f3f570cf986c2f,f879b316413f45d2b64bb25e3f45a667,99ba4cc9355f4d79a68bc69ac12a716f
fad484e776d145428e5c2ae92aec4908,342aaa81ed004635bbf9cbc2592cd7b6,7ab9086baf99475d8c93862a7dd36344,2b039224b54142d185a406b31fe01de2,f5d09519cf7647f8a107cd8fadd322e5,cd764fbfae774d068af7549c648a02c9,701ac1447f5a414e81156a56c3593a31,f879b316413f45d2b64bb25e3f45a667,3e6a4b65a1004c08a6f3f570cf986c2f,a64f6232ee1e4357937008a327a63cf4,20297482a5014732a843c9fdafba548e
f2b99340a8304f42a058a44fd793927c,2b039224b54142d185a406b31fe01de2,7ab9086baf99475d8c93862a7dd36344,f5d09519cf7647f8a107cd8fadd322e5,342aaa81ed004635bbf9cbc2592cd7b6,701ac1447f5a414e81156a56c3593a31,a64f6232ee1e4357937008a327a63cf4,3e6a4b65a1004c08a6f3f570cf986c2f,cd764fbfae774d068af7549c648a02c9,f879b316413f45d2b64bb25e3f45a667,99ba4cc9355f4d79a68bc69ac12a716f
9ad1273ff93d4e9fb7ade33dd8e0ed98,342aaa81ed004635bbf9cbc2592cd7b6,2b039224b54142d185a406b31fe01de2,7ab9086baf99475d8c93862a7dd36344,f5d09519cf7647f8a107cd8fadd322e5,701ac1447f5a414e81156a56c3593a31,cd764fbfae774d068af7549c648a02c9,a64f6232ee1e4357937008a327a63cf4,3e6a4b65a1004c08a6f3f570cf986c2f,f879b316413f45d2b64bb25e3f45a667,99ba4cc9355f4d79a68bc69ac12a716f
50cb33eef1b94f6c82103b39c1b98881,36ee1613abf245cdbe93fef69b5f981f,47eb17da319d440aa52da8008c26327a,236c362d8b664c93b41882c119df9706,18ab15fbf00f42f7a410ec75f7592bea,009be1c3430743ff9b054bdfcd6228d6,1c2b01416e3943e3b3c575e53c3f1d16,097c30a7f39a4a3abf6da2ca80cad3a5,bb5c7d03a54647d08b8c62deeb803271,acbf8eae7e064c11bab7adf66f216990,6af17cec494c4373a95865d270a29171
7990224cfabd448689a4ce3026d9fe41,47eb17da319d440aa52da8008c26327a,36ee1613abf245cdbe93fef69b5f981f,236c362d8b664c93b41882c119df9706,597aab8bb15240f89fd1b24a8e38258d,6af17cec494c4373a95865d270a29171,009be1c3430743ff9b054bdfcd6228d6,097c30a7f39a4a3abf6da2ca80cad3a5,acbf8eae7e064c11bab7adf66f216990,bb5c7d03a54647d08b8c62deeb803271,18ab15fbf00f42f7a410ec75f7592bea
fde89e1ecf8840fdbb45c55139eec70f,47eb17da319d440aa52da8008c26327a,36ee1613abf245cdbe93fef69b5f981f,6af17cec494c4373a95865d270a29171,236c362d8b664c93b41882c119df9706,597aab8bb15240f89fd1b24a8e38258d,097c30a7f39a4a3abf6da2ca80cad3a5,bb5c7d03a54647d08b8c62deeb803271,009be1c3430743ff9b054bdfcd6228d6,acbf8eae7e064c11bab7adf66f216990,3574ab91c29940b3afc62354ae06b73b
7141972968b840058e50af9c047f1975,36ee1613abf245cdbe93fef69b5f981f,47eb17da319d440aa52da8008c26327a,236c362d8b664c93b41882c119df9706,18ab15fbf00f42f7a410ec75f7592bea,009be1c3430743ff9b054bdfcd6228d6,1c2b01416e3943e3b3c575e53c3f1d16,bb5c7d03a54647d08b8c62deeb803271,097c30a7f39a4a3abf6da2ca80cad3a5,acbf8eae7e064c11bab7adf66f216990,6af17cec494c4373a95865d270a29171
978ff949184e4cfcaa6168bf5ec8b635,ca5add3cbf044a95a5bec88a5841ce98,7c1126d46a934db6b951d1e98feae327,7627d5e28ba74cbeaf9225e88a7a44cc,c36ef11228124c438ed3256c9822b03d,d9096650c434432c871effeca9acd5c6,8dfd98bb97584157b207e1f4be471a8e,b277101390e1465685ef79bf3519f8d7,ba8d0208e32e42969bd4349cf24f6ed1,87fc1d6a57ea488786caaec8599c3b8b,d695b7afdc3841a28a56df578e56afce
e8d5f4039a4c41ca879ab577cb031ff6,8dfd98bb97584157b207e1f4be471a8e,ca5add3cbf044a95a5bec88a5841ce98,7c1126d46a934db6b951d1e98feae327,f3fddb55448a46778b5d807642cceb71,cd6ce920d00e4d17a6cf04f9f7e550b7,71d4b4036e594d7399506e6fd9b88063,87fc1d6a57ea488786caaec8599c3b8b,b5f237fefb38465bb6a068c9cf75ba31,503d2f067a8a4f5798b1c64b07ab0bc5,ba8d0208e32e42969bd4349cf24f6ed1
652ddece31c14123bb00ca0f797d5627,c3502ff31ce6459a96164c934f297562,0c889c151e094b948c13b0275e660a9c,cd6ce920d00e4d17a6cf04f9f7e550b7,84ff5144597241bba5cbd3d0b21d220d,b6da55bea1244cf0a753b258420946b2,dd77b570036f40de9fdf49011bb9e2d8,86179aff3df24ff59b11e9a34974a3f4,3aa003c1e31b476e999c3a808a1d5dc6,d0e41bf891254ba0872f1641139f84f6,eeca68825e2a4bbdaa5ae962998fc33b
35b575c8f0a94d4691d7fa9a39e399be,ca5add3cbf044a95a5bec88a5841ce98,7c1126d46a934db6b951d1e98feae327,7627d5e28ba74cbeaf9225e88a7a44cc,c36ef11228124c438ed3256c9822b03d,8dfd98bb97584157b207e1f4be471a8e,87fc1d6a57ea488786caaec8599c3b8b,ba8d0208e32e42969bd4349cf24f6ed1,d9096650c434432c871effeca9acd5c6,d695b7afdc3841a28a56df578e56afce,b277101390e1465685ef79bf3519f8d7
9137d9f3709b476a856868040dd81177,2c8eafa0ff26437a862dc2224ab57073,eabdd2813a954f9aa01f0eb8212ee387,6b7b5d28293d4a5a8075f7f7dd231ddb,5e44915237fc4445b54b037e1c4e29a4,6bde760ad5d4485db9889b1bdc074005,5fc200cab89346658c9c91cce27e85fe,be8953cc364d46cebbcc2c2da2c348ab,7584980704ae4617bb27ca162cc9c5db,4e22dc65beb7450b9260cf27e50919e4,0cdb0f32850f4585a16de4886462bbe0
19e0f2444bd641bb81c4b9604f3c5b79,2c8eafa0ff26437a862dc2224ab57073,6b7b5d28293d4a5a8075f7f7dd231ddb,eabdd2813a954f9aa01f0eb8212ee387,6bde760ad5d4485db9889b1bdc074005,5e44915237fc4445b54b037e1c4e29a4,e06d08ff594a4acbac12edf579743fcf,be8953cc364d46cebbcc2c2da2c348ab,403835bbf2f1447188bcc78e062b0028,0cdb0f32850f4585a16de4886462bbe0,4e22dc65beb7450b9260cf27e50919e4
f8922388774b4a008a6c8d856099d30f,6bde760ad5d4485db9889b1bdc074005,6b7b5d28293d4a5a8075f7f7dd231ddb,5e44915237fc4445b54b037e1c4e29a4,eabdd2813a954f9aa01f0eb8212ee387,403835bbf2f1447188bcc78e062b0028,5fc200cab89346658c9c91cce27e85fe,7584980704ae4617bb27ca162cc9c5db,be8953cc364d46cebbcc2c2da2c348ab,076e2669c305401fb3afcfafdd6c79c7,e06d08ff594a4acbac12edf579743fcf
d6305586e401475b931a4998caeab35e,6bde760ad5d4485db9889b1bdc074005,5e44915237fc4445b54b037e1c4e29a4,5fc200cab89346658c9c91cce27e85fe,7584980704ae4617bb27ca162cc9c5db,076e2669c305401fb3afcfafdd6c79c7,eabdd2813a954f9aa01f0eb8212ee387,6b7b5d28293d4a5a8075f7f7dd231ddb,be8953cc364d46cebbcc2c2da2c348ab,2c8eafa0ff26437a862dc2224ab57073,d0e41bf891254ba0872f1641139f84f6
b1b3c914d57442e687d0d798f678582d,3f28365e18244eb28cc7d23de8895956,0e8487b2e6a2439b9e6623a1e2e5e19d,415641aa43724ed9bc4710302b77edc3,f4b7e6e902e344859cb041126b69ce3c,4385ac4645b34f3c8a44c4676ebcd8be,03df72bcf3504272a27f4bbaea89118a,6ae72ad649c54129b992d321f8f29122,b3f8b4bec0164d0e81997b4f5a277e8f,ae3f42d57b3046a3821026173286a43e,59e4dcf2794943b18fb902a6eb475ff8
1e71c6d2af1b4a24867e8235df8f68be,0e8487b2e6a2439b9e6623a1e2e5e19d,3f28365e18244eb28cc7d23de8895956,f4b7e6e902e344859cb041126b69ce3c,415641aa43724ed9bc4710302b77edc3,4385ac4645b34f3c8a44c4676ebcd8be,76e41369a6794714a9fab6968839bfe6,716a15d66b63424a8068da89e75733b4,a7077a82d2c74518b96fb45e35f6e150,4c67cc7a1ccc496db132636e3f4853a2,8c5f38853679436ba434b6a696e43168
10a5c96cf3974eb4a43ee1190f555041,0e8487b2e6a2439b9e6623a1e2e5e19d,3f28365e18244eb28cc7d23de8895956,f4b7e6e902e344859cb041126b69ce3c,4385ac4645b34f3c8a44c4676ebcd8be,415641aa43724ed9bc4710302b77edc3,69ac8397e9624bfd8aee237b9f9ea3b5,716a15d66b63424a8068da89e75733b4,76e41369a6794714a9fab6968839bfe6,230b9ef63ea240e9b61a18f41473f942,1d93c07de74c482ebf0a76ec564c3252
e06807ddbe0f47fbb2131d40df566c5d,3f28365e18244eb28cc7d23de8895956,0e8487b2e6a2439b9e6623a1e2e5e19d,415641aa43724ed9bc4710302b77edc3,f4b7e6e902e344859cb041126b69ce3c,4385ac4645b34f3c8a44c4676ebcd8be,ae3f42d57b3046a3821026173286a43e,6ae72ad649c54129b992d321f8f29122,03df72bcf3504272a27f4bbaea89118a,4c67cc7a1ccc496db132636e3f4853a2,75bf181ea5dc490e95d364a5f5c7af1d
f191bbfff07e4252b111e35c94ed290e,40a95697730046dcbb0d7ba1fe2109a6,8b038cd0dafd45d8b1ce75177ca3a76b,04fa591263664fb0a6868552ebd3590b,19098957d8c24cab95daa30c2baefd8f,e88ce4cd350f43398a5c0ab8629cee72,384f94503bcd4f4c863056ad69f45b43,0eb119aabc884795a4768c6d3e677ea1,e2e0c8c96aff4c00896ac6986bbb20c2,50a2129b83404b94889a01f4688ebafd,a4af9472683c4df0a86f9400c99c2b61
3933d083cd9e45fdb173f91329f16538,40a95697730046dcbb0d7ba1fe2109a6,e88ce4cd350f43398a5c0ab8629cee72,04fa591263664fb0a6868552ebd3590b,8b038cd0dafd45d8b1ce75177ca3a76b,384f94503bcd4f4c863056ad69f45b43,25afb6f7e9314af09008644bca5955b9,19098957d8c24cab95daa30c2baefd8f,724a3f6551e74ad585bdeac9a75fd639,7bbe3c76bcc04d73969f920d43fcc67d,e2e0c8c96aff4c00896ac6986bbb20c2
643c0eec1efd4728b8264ce4fed0d3d8,3ec67e948e15423fac23fdd38a7d4cca,8350ea8cd6514c2c8d7b625abe7e895b,3827ad869b3740278b98db4e65c40e0c,8683a3ad55d84a78834fabe20cde5269,ab57f83304bc4005998bbd6bc063fb4f,94ed54abfdc74b04b0dcb19c278e66f4,ccb62901750b4d13a922fc161b607f83,b585a2970e9f421da236241f603883f2,6866efc8987a4ec8b04b7abd28fb5777,ee337b5c1ef3431e9c120250bfec4cac
effe6696627f429091a6dd53f02eefb5,a35fecee62a9432da0c413f65e895e8c,4d5cbe57c3094d01843e4f950a280b50,e6afe89ff7bc491193141c057083d8a8,384f94503bcd4f4c863056ad69f45b43,d8b3ad3b5c4e474db41a671ab286424f,f2cfa68a47ce4a43a0fe1cc7dc860418,2fcf4a04d3654ffb9a5c1dfa3799e4f0,3bd43a42811048e3b7a7d9740bdb1971,bfd1d441da734aad88cfacdab3ee4059,2070754bb5dd4a248be9c2a6a1a9d381
8fb15d3cacbd407bb226320c3829b9d1,3827ad869b3740278b98db4e65c40e0c,8350ea8cd6514c2c8d7b625abe7e895b,3ec67e948e15423fac23fdd38a7d4cca,d43b0f94627d45918e18a80be127aa2c,3766b26b53874893ae48693880e1942c,ee337b5c1ef3431e9c120250bfec4cac,6866efc8987a4ec8b04b7abd28fb5777,797cc520b8c94d9bbef187818ab51647,ccb62901750b4d13a922fc161b607f83,714e47cd21e5416f864a4bc938850a72
9c535651e4904df1a59b82bd2baf303f,aaab880f032a4e00904cf50566164044,40f040fd5c824c8e8e710af1fdf70b5f,10b152bdafe94db8a93f7c374226a071,beccee3a988f48c1ad207e2380766fa4,ec5fe0d3a2a2426ea4e49a5c0ad44e04,898eabaaa1a047e18aecbb1c5a8decbf,7f5b658239034d35b7f4cf1c63cb388c,27fe100af7884932a33bf30f10dacc55,b83013f4c5524232814efa0f8651867f,acbf8eae7e064c11bab7adf66f216990
aa2f3a01706344a289a355c547d3ba1f,aaab880f032a4e00904cf50566164044,40f040fd5c824c8e8e710af1fdf70b5f,10b152bdafe94db8a93f7c374226a071,beccee3a988f48c1ad207e2380766fa4,ec5fe0d3a2a2426ea4e49a5c0ad44e04,b83013f4c5524232814efa0f8651867f,7f5b658239034d35b7f4cf1c63cb388c,27fe100af7884932a33bf30f10dacc55,898eabaaa1a047e18aecbb1c5a8decbf,acbf8eae7e064c11bab7adf66f216990
67c8a3a3a76f47dca5dffc57df701923,40f040fd5c824c8e8e710af1fdf70b5f,aaab880f032a4e00904cf50566164044,10b152bdafe94db8a93f7c374226a071,beccee3a988f48c1ad207e2380766fa4,ec5fe0d3a2a2426ea4e49a5c0ad44e04,898eabaaa1a047e18aecbb1c5a8decbf,7f5b658239034d35b7f4cf1c63cb388c,27fe100af7884932a33bf30f10dacc55,b83013f4c5524232814efa0f8651867f,acbf8eae7e064c11bab7adf66f216990
517a4c8e0e5e4627b780d2ab38493bcc,d9b97376c5e44d8786f861a5788af644,999a2b52a5004ee984e587d5a1327b23,c14e45f5201b4038bdddddb238d888a3,444fa28d9ed54c82a522699041eae592,ec580ac6dd7149fb8a0a5a5d8b0f5b08,22d9d5ad33e947fd857c5c4a8b7dfae1,0d0973762130427eaa2ce9a7a34517db,48c31b1e2ce94de8968fab433813fa91,ad054da7e1704a53931a341173f0605f,5b588e34588940788a22036b775ecc2f
80e36297d12e404b9094dc65f4ffd3d4,5b588e34588940788a22036b775ecc2f,11e1e3cdfe214385a2c24d0f957dde9b,0a61f52258f643b6a6436a1ec234e197,2939ef012c5c4a1b94b49df9469dfb3c,d7c9dafddaf547159d366dacf7b68a7e,fa190e42ce5a47c99bcaa76138dbc615,d9b70c4ed8bb4fc5957ecebf102528ee,b425f33c33ad4be89a12da266d131a86,8a464aa9e2ee45d0abc7ae6181cd1bda,5a9a716f53364389864a4018d9e9c6c0
b5f4062f90b440998365198d9656fe97,5b588e34588940788a22036b775ecc2f,0a61f52258f643b6a6436a1ec234e197,11e1e3cdfe214385a2c24d0f957dde9b,d9b97376c5e44d8786f861a5788af644,5a9a716f53364389864a4018d9e9c6c0,d9b70c4ed8bb4fc5957ecebf102528ee,d7c9dafddaf547159d366dacf7b68a7e,2939ef012c5c4a1b94b49df9469dfb3c,b425f33c33ad4be89a12da266d131a86,eee7f32249c5452ea36c8ed3a3540010
0471ac805c4b456db243f0805797f2dc,595e438d2b394bb3a3259f47efd37ae8,e0d8aee46b1d4d998858cd05027251b6,06a5f0cec6ce4170a02dad0ad4c55b1c,2d812431f07c44f1a56a71c72766e0b0,60e87368fe334a92b57088b03cccbfc1,655a618282cd4fa39a26f0967c033f4b,29088685e31a4d86b60b514e98117361,08ecf89bc10942a4bd894482f6fcdfa7,452d645d5bf4485185e996dcec9523e5,24c55bb5cd694770ba895c7401da2ba5
72d5e8cd4b71425f86534cb71655d3a0,595e438d2b394bb3a3259f47efd37ae8,e0d8aee46b1d4d998858cd05027251b6,29088685e31a4d86b60b514e98117361,06a5f0cec6ce4170a02dad0ad4c55b1c,2d812431f07c44f1a56a71c72766e0b0,60e87368fe334a92b57088b03cccbfc1,655a618282cd4fa39a26f0967c033f4b,e96fae6d607246b18b8494aabe521036,08ecf89bc10942a4bd894482f6fcdfa7,f0084465b2e646c9a53d9dc766067d9b
7c6759369d574b4cadfde359fe6eb481,e0d8aee46b1d4d998858cd05027251b6,595e438d2b394bb3a3259f47efd37ae8,06a5f0cec6ce4170a02dad0ad4c55b1c,2d812431f07c44f1a56a71c72766e0b0,24c55bb5cd694770ba895c7401da2ba5,60e87368fe334a92b57088b03cccbfc1,452d645d5bf4485185e996dcec9523e5,29088685e31a4d86b60b514e98117361,097f2ce3b88c4d008488b9908076497e,7ee65b33f8f44852ada468b1fed83433
bba1dbc4ebc4401eb489ace7cdfe3d62,e0d8aee46b1d4d998858cd05027251b6,595e438d2b394bb3a3259f47efd37ae8,06a5f0cec6ce4170a02dad0ad4c55b1c,24c55bb5cd694770ba895c7401da2ba5,2d812431f07c44f1a56a71c72766e0b0,452d645d5bf4485185e996dcec9523e5,cdd73e0289aa4e2b87cd14e6ff5bd75e,08ecf89bc10942a4bd894482f6fcdfa7,60e87368fe334a92b57088b03cccbfc1,1419b2c686f44896a0ae2a43e93b5402
fb8a64be87ed4691b554bac222e157ab,6ae72ad649c54129b992d321f8f29122,503d2f067a8a4f5798b1c64b07ab0bc5,e735729c80d84f76a6133c065d5380f8,3fce01bbc56d49d39f61cba3d17648f2,8987ceafff324f9599b842542e37eddd,7e190e3c05d74e6b9f103e39142c1684,30c71719aed84c07ae21d0eff0deed72,ff171f0b29974f78b0e81fee30abdd38,7c1126d46a934db6b951d1e98feae327,5363ae1c905d4879a63259de4954702e
af9351fd1bff4f5bb9e89603c818f703,503d2f067a8a4f5798b1c64b07ab0bc5,d5ecdd142b544edca1b16ee83a9cf908,9452a2f21f7d4feeb2605d9b6647fc13,f3fddb55448a46778b5d807642cceb71,8dfd98bb97584157b207e1f4be471a8e,016e634d566b49c199d07357aae9bf33,476ce3ffff564a5aa985808e7d2cab17,8f0e477fc779414e9b47995c0b25a87d,3b37a4c34b6e4ca89a04da864e141422,b5f237fefb38465bb6a068c9cf75ba31
9a2ba0ba753c40439a29734968bde279,503d2f067a8a4f5798b1c64b07ab0bc5,9452a2f21f7d4feeb2605d9b6647fc13,d5ecdd142b544edca1b16ee83a9cf908,f3fddb55448a46778b5d807642cceb71,8dfd98bb97584157b207e1f4be471a8e,3b37a4c34b6e4ca89a04da864e141422,0a2c24dead204be9ae36be358e1223f9,016e634d566b49c199d07357aae9bf33,b5f237fefb38465bb6a068c9cf75ba31,8f0e477fc779414e9b47995c0b25a87d
b92407443bc54ed2805842ca07219659,6ae72ad649c54129b992d321f8f29122,503d2f067a8a4f5798b1c64b07ab0bc5,3fce01bbc56d49d39f61cba3d17648f2,e735729c80d84f76a6133c065d5380f8,8987ceafff324f9599b842542e37eddd,7e190e3c05d74e6b9f103e39142c1684,30c71719aed84c07ae21d0eff0deed72,7c1126d46a934db6b951d1e98feae327,19b81e71e7f04ebcbfade9daa899ed3d,baf841bad27c456c9de7227555ea3ef8
79f37cf5db664eceb1acbe56e59fdba2,c756409435634fc48c643a64e73c93ce,b9228fdb5f0c413d81cffb51829d95c6,225818abe99e45a0bf5b0b3ec30db76b,df5ca61304074da1bec8f536ab50baf3,fadf133e0e684a24ac79b5fa9515bac2,f439b5616ba24b7f82eccfa095a0eff8,ec07b4e88bea4086a5eafed96d81edb5,6f57d1175ad243edada61643d01fcd54,0bd1cce9370a461089e25393086800a8,cc243eebbb2b44a581745865a60c423a
8d3b90a569d64372a82d9a26b511d43b,b9228fdb5f0c413d81cffb51829d95c6,df5ca61304074da1bec8f536ab50baf3,c756409435634fc48c643a64e73c93ce,ec07b4e88bea4086a5eafed96d81edb5,225818abe99e45a0bf5b0b3ec30db76b,fadf133e0e684a24ac79b5fa9515bac2,d9ac372330a4446886fa19bac0d19877,6f57d1175ad243edada61643d01fcd54,f439b5616ba24b7f82eccfa095a0eff8,0bd1cce9370a461089e25393086800a8
9203f26b661c4f00976012cebd86ad3e,b9228fdb5f0c413d81cffb51829d95c6,df5ca61304074da1bec8f536ab50baf3,c756409435634fc48c643a64e73c93ce,fadf133e0e684a24ac79b5fa9515bac2,ec07b4e88bea4086a5eafed96d81edb5,6f57d1175ad243edada61643d01fcd54,225818abe99e45a0bf5b0b3ec30db76b,d9ac372330a4446886fa19bac0d19877,56272326c7e94e419ea8c69fb634f610,f439b5616ba24b7f82eccfa095a0eff8
bbfbeffe205f44cd8c5bd867f70dc0cf,c756409435634fc48c643a64e73c93ce,b9228fdb5f0c413d81cffb51829d95c6,225818abe99e45a0bf5b0b3ec30db76b,df5ca61304074da1bec8f536ab50baf3,fadf133e0e684a24ac79b5fa9515bac2,f439b5616ba24b7f82eccfa095a0eff8,0bd1cce9370a461089e25393086800a8,ec07b4e88bea4086a5eafed96d81edb5,cc243eebbb2b44a581745865a60c423a,6f57d1175ad243edada61643d01fcd54
24b76ac90a84462d903374be9d0b2c6f,7d6cdff8c9ac434196df803628fe9f62,dcfb738ebbc24f09bb680fe3a52b702e,21019944fc2c4838a682a6dcdc62c4ef,44156e6482884acaaee1938e04d8b6ff,e4ee90d625d44a6d9adc138390eef0f8,44b3bc5953364d72a53edcf9fc4f1fed,54e9bbd0093947a3bda5fef48ef7493d,4c36aafaf38f4e9e9e09991737196fe1,408ae6a767874fc782467ec2f054ad15,e22e1ad3c1fc4493bcb7c9b923566ff7
eeabc5200c23495e9decc640bc81697b,7d6cdff8c9ac434196df803628fe9f62,dcfb738ebbc24f09bb680fe3a52b702e,21019944fc2c4838a682a6dcdc62c4ef,44156e6482884acaaee1938e04d8b6ff,e4ee90d625d44a6d9adc138390eef0f8,44b3bc5953364d72a53edcf9fc4f1fed,408ae6a767874fc782467ec2f054ad15,54e9bbd0093947a3bda5fef48ef7493d,70aa10580bfe4069bdaa5721ae2d29db,4c36aafaf38f4e9e9e09991737196fe1
f7df9ff1967f4b5aad8cb6deb163fa95,200f7fc78e4c403982f61b2894e50bad,e4ee90d625d44a6d9adc138390eef0f8,dcfb738ebbc24f09bb680fe3a52b702e,e22e1ad3c1fc4493bcb7c9b923566ff7,21019944fc2c4838a682a6dcdc62c4ef,7d6cdff8c9ac434196df803628fe9f62,44b3bc5953364d72a53edcf9fc4f1fed,44156e6482884acaaee1938e04d8b6ff,8228c9eb29a542ba98c8b9b854eadaa4,a0408a6462b24cf18e50a8616359d5ad
aa188e907acd4beab124f5f8ad0694d1,200f7fc78e4c403982f61b2894e50bad,e4ee90d625d44a6d9adc138390eef0f8,dcfb738ebbc24f09bb680fe3a52b702e,e22e1ad3c1fc4493bcb7c9b923566ff7,21019944fc2c4838a682a6dcdc62c4ef,7d6cdff8c9ac434196df803628fe9f62,938147b72e9540da8513910871e0830a,44b3bc5953364d72a53edcf9fc4f1fed,7070715ef90743da8691dd4ad134eb0c,f31e9fdffaa642ed98e91b07a30f3a8c
dcab7d1f66534e95aab82c2040294de9,ac5a760b45c146ec840193371cfb2d30,3c0f3b44c0844df49b5898406fe9195a,9bf3b77eb9874f5f9e006a9cff111ea9,29fb30a75c57451a85f310aa6423a662,73f684f538ea452cbb4fbecc2e8126a4,1393dac7d34b4c34b1a8091a5bea3663,5b588e34588940788a22036b775ecc2f,36ac84a73ad34261ad45cf569edb60af,ee7c00877ae64dac87123a3d75251530,67dd23cfd20f46dc82acc82c108a1dc6
432081bba65f4c408b3f3783b0d361dc,ac5a760b45c146ec840193371cfb2d30,9bf3b77eb9874f5f9e006a9cff111ea9,5b588e34588940788a22036b775ecc2f,3c0f3b44c0844df49b5898406fe9195a,c1def54262224e23acf67a9870725ce5,1393dac7d34b4c34b1a8091a5bea3663,73f684f538ea452cbb4fbecc2e8126a4,bcfa4a4177d44d8b8cda17b7a23196b0,29fb30a75c57451a85f310aa6423a662,ffe2740eee8c49b39b2ce41f9983bcb4
c385a042fa734b73b1bcbec2e14a9dd0,9bf3b77eb9874f5f9e006a9cff111ea9,ac5a760b45c146ec840193371cfb2d30,27a67d3e76814297aebf64e03d14c336,79721c9bb6a54ecdb3d0a0f4011762c1,f4474150010f4021a4620372062f3797,c2a665cec90e46db8d2a74389beb4649,c1def54262224e23acf67a9870725ce5,da61e0de396149208c9ebd0fd6d7415d,e8c8742459dc48a49080bf0e5b3fdee0,7960902edf4b47d686f704441aa56b0e
0b33aed54f7445caadc031f47ad62603,9bf3b77eb9874f5f9e006a9cff111ea9,ac5a760b45c146ec840193371cfb2d30,79721c9bb6a54ecdb3d0a0f4011762c1,f4474150010f4021a4620372062f3797,c1def54262224e23acf67a9870725ce5,27a67d3e76814297aebf64e03d14c336,7960902edf4b47d686f704441aa56b0e,da61e0de396149208c9ebd0fd6d7415d,35d06fce2df446569702778e2250bd82,bcfa4a4177d44d8b8cda17b7a23196b0
8954e57cd5544eba8d9fec1e8cc5ea3c,1578afd6ce694d46ab6e24f965f51fd6,9dd98c9126c44642a20711729f2e731e,2c3599a1611644f4908562f8fb8870d3,b8da01ceddcb45a491a288ddbc658e90,7d5c0a2bfccf4255a43d9bd0f84a6d3a,d65e3a3657ae455e954b6d7221afc84c,9fd4c00672d84215b3e21812aef3d6ac,a9d82bb43410405ca21b44a5e82e22b6,772cb9726861451d9972604da6f65c55,189a3b686ad14c24b5e1a495f76dd239
285ed58a8d154d748bba60ef4ef0123d,1578afd6ce694d46ab6e24f965f51fd6,9dd98c9126c44642a20711729f2e731e,189a3b686ad14c24b5e1a495f76dd239,b8da01ceddcb45a491a288ddbc658e90,2c3599a1611644f4908562f8fb8870d3,772cb9726861451d9972604da6f65c55,7d5c0a2bfccf4255a43d9bd0f84a6d3a,c235728f290a44d6a5fc2e14111ae02e,d65e3a3657ae455e954b6d7221afc84c,a9d82bb43410405ca21b44a5e82e22b6
9a11a8c9bd5f451c8babd3c4dde3d9ba,c78547bdc2e64ac8935559f7de2efd41,b40d3c588ad647ff85e397a6bc5f9d8b,0592b57e490d4206a3f12eb004a0afe0,89e983dca0a34b768e17b3871b9cea1e,bc13c2b0221744a29a8ddf56aa015df9,ad42c467d0fe43dbb328073f9a16bc4d,191b01e1728e4583a8ead5a86db27370,e511c40ca6324803b5021e47b4e777f8,99a52c93a3304ec18dab9206f98f2a8b,ab57f83304bc4005998bbd6bc063fb4f
68931fb463ea43e2b4aaebfa95817d2c,c78547bdc2e64ac8935559f7de2efd41,0592b57e490d4206a3f12eb004a0afe0,b40d3c588ad647ff85e397a6bc5f9d8b,89e983dca0a34b768e17b3871b9cea1e,bc13c2b0221744a29a8ddf56aa015df9,ad42c467d0fe43dbb328073f9a16bc4d,191b01e1728e4583a8ead5a86db27370,e511c40ca6324803b5021e47b4e777f8,99a52c93a3304ec18dab9206f98f2a8b,9460474d89704a68aaa6ccb62310ae3d
ee38dd3bcc4543afa6668b1cb7f04db9,191b01e1728e4583a8ead5a86db27370,b40d3c588ad647ff85e397a6bc5f9d8b,0592b57e490d4206a3f12eb004a0afe0,c78547bdc2e64ac8935559f7de2efd41,e511c40ca6324803b5021e47b4e777f8,ab57f83304bc4005998bbd6bc063fb4f,89e983dca0a34b768e17b3871b9cea1e,9909a671f7414c19b2727e7d4d4dcf1b,9460474d89704a68aaa6ccb62310ae3d,bc13c2b0221744a29a8ddf56aa015df9
0c11c50aaac54a2c8cc725ff6073ce3c,e903085a3f944ad2a41c37306b4e6ab4,e0d8aee46b1d4d998858cd05027251b6,7e17bbd109dc486c8f0a76f913782180,595e438d2b394bb3a3259f47efd37ae8,b98519f97e424c1389f5553f0869b15a,08ecf89bc10942a4bd894482f6fcdfa7,cc78a6c92dfe4af49c2bd93f15e4f870,fa190e42ce5a47c99bcaa76138dbc615,2d812431f07c44f1a56a71c72766e0b0,e43d8e7bc32f406b9a692e2604f5b45a
b092fbf434e14ff3911418a406a68bd4,e903085a3f944ad2a41c37306b4e6ab4,7e17bbd109dc486c8f0a76f913782180,08ecf89bc10942a4bd894482f6fcdfa7,e0d8aee46b1d4d998858cd05027251b6,595e438d2b394bb3a3259f47efd37ae8,0568345606fa4a2c84ed4ea6c74639ee,384f94503bcd4f4c863056ad69f45b43,06a5f0cec6ce4170a02dad0ad4c55b1c,097f2ce3b88c4d008488b9908076497e,e2e0c8c96aff4c00896ac6986bbb20c2
76d9f443399e491c9b01f4bb0f487d6c,7e17bbd109dc486c8f0a76f913782180,ca544e6629b14e8fab5f7cb40d1ac88e,e2e0c8c96aff4c00896ac6986bbb20c2,02a3cd76ce534d188b4d5ac4778bd652,7ef653f7e5f64e1b8bba73b9518b87b7,b834c0b0c10b471b87ad3f11468de619,8c7c9eaae41a44a3a4ebe39ce167d300,e903085a3f944ad2a41c37306b4e6ab4,88353d1136d24836816b073de62e5f50,26b18153216b48d793b75598ddb54d77
1479ab485d6f4065a6b3679d81d7e6a8,7e17bbd109dc486c8f0a76f913782180,ca544e6629b14e8fab5f7cb40d1ac88e,e2e0c8c96aff4c00896ac6986bbb20c2,02a3cd76ce534d188b4d5ac4778bd652,21eb9f06dd834a108d816efdf3aca8dc,88353d1136d24836816b073de62e5f50,b834c0b0c10b471b87ad3f11468de619,8b038cd0dafd45d8b1ce75177ca3a76b,8c7c9eaae41a44a3a4ebe39ce167d300,7ef653f7e5f64e1b8bba73b9518b87b7
ff9cb85ab2634f23a327ccaa9cf1e87f,7862a63720b34104abf5bfa44bc8178d,250d411ae270441085be3501b7b55d86,25109e3a7df549e5b380aae716d71366,eb21a4e2b7bd43efbdf0c365415e7fef,1aef014473b84ef9a0f799114fe516c9,b69c17a10a55494d8caa56c33e8f4a56,ec07b4e88bea4086a5eafed96d81edb5,ad054da7e1704a53931a341173f0605f,b3209c60460a437294e2b30a9e9d3f53,f1eecad10a61421eb16b1be7435d9c19
041fe9a0e0e3466eaee94e0c5058d4dd,ad054da7e1704a53931a341173f0605f,f1eecad10a61421eb16b1be7435d9c19,1232f20e710b448e8c0538b9e84dab1c,66690895454847fea5a000202fbfab2e,48c31b1e2ce94de8968fab433813fa91,c235728f290a44d6a5fc2e14111ae02e,afaf2edba0ee4d58860a5a04e4aabc5c,c4b9d7a8d5d342459d2282589b3af293,ec580ac6dd7149fb8a0a5a5d8b0f5b08,e834bfbd30b247e899f0dc029ab9f072
63ce6205810547c2adaa5dc2398e9bf7,f1eecad10a61421eb16b1be7435d9c19,ad054da7e1704a53931a341173f0605f,1232f20e710b448e8c0538b9e84dab1c,66690895454847fea5a000202fbfab2e,afaf2edba0ee4d58860a5a04e4aabc5c,c235728f290a44d6a5fc2e14111ae02e,48c31b1e2ce94de8968fab433813fa91,c4b9d7a8d5d342459d2282589b3af293,ec580ac6dd7149fb8a0a5a5d8b0f5b08,e1c63000ace94c1d9381d82389fe6afd
701bc8401f56437f823f5613549de41d,0971af4212484a958eb0f60f93d1dfe0,8dfbb6a204a0441492c35baca6190969,57430214baf045cb92fa3b3b70a4ca3f,33e2a95109e647cbb4ba2687631b169a,3138244ae91040948d5bd6772e4075ea,2acbd3ec289a47f7b4108896ec632585,df7ea50171af48df81584ab7e8107d15,d9096650c434432c871effeca9acd5c6,8dfe01febd46475ab5aef97033716ce1,02a3cd76ce534d188b4d5ac4778bd652
f9d2d9f3c3fb4720ba92d227f72aeef0,25109e3a7df549e5b380aae716d71366,eb21a4e2b7bd43efbdf0c365415e7fef,0971af4212484a958eb0f60f93d1dfe0,9948a890ef25479e834f70944cb42eae,70558882c04e46bd99d15e9786468418,7862a63720b34104abf5bfa44bc8178d,41e657daa20545a588584578bdb4101c,d476be2399b7424a88d242b771c32041,b98519f97e424c1389f5553f0869b15a,3138244ae91040948d5bd6772e4075ea
127069977daa41d78cd4642f658c4171,0971af4212484a958eb0f60f93d1dfe0,70558882c04e46bd99d15e9786468418,3138244ae91040948d5bd6772e4075ea,25109e3a7df549e5b380aae716d71366,3356a8a8c6ee4f30bc2b028e360d4471,4a3d4daed4b24a1898551f0fd1ba44f1,fbfaa119f55a477984e42d80498f54d3,eeca68825e2a4bbdaa5ae962998fc33b,5a6f4a2f7f6a4b1fa146493472e6d721,41e657daa20545a588584578bdb4101c
11d8ba0cbe2c48568a2d0196a1573e16,25109e3a7df549e5b380aae716d71366,0971af4212484a958eb0f60f93d1dfe0,eb21a4e2b7bd43efbdf0c365415e7fef,9948a890ef25479e834f70944cb42eae,d476be2399b7424a88d242b771c32041,70558882c04e46bd99d15e9786468418,2acbd3ec289a47f7b4108896ec632585,41e657daa20545a588584578bdb4101c,7862a63720b34104abf5bfa44bc8178d,8dfbb6a204a0441492c35baca6190969
e1b3f03ec240460c895264f738a709ec,6fc7a2cf0684475a82f6ff9be2c8e850,ca1a2a6308834baba3140b5ce8f81320,a0b4d283f12a407286dbeaa3a4d128a5,da61d9bc8f024a4aba18d5c3072b7838,c3f66637872c4141ab3898296739457d,1aaf8edc37ea412b85e3d1b5c5317051,eee7f32249c5452ea36c8ed3a3540010,1ad0cf33e96243888d5f970195a75586,73f684f538ea452cbb4fbecc2e8126a4,2c65a898314b42e6b2e93dca66fd15c2
e8ef2c2c7af746118efa2021eab8a25a,eee7f32249c5452ea36c8ed3a3540010,1aaf8edc37ea412b85e3d1b5c5317051,ce4fdd5499f8498793c11e586f7da70c,13cda6e8f2d948eeb5508288a172e76f,da61d9bc8f024a4aba18d5c3072b7838,1ad0cf33e96243888d5f970195a75586,ca1a2a6308834baba3140b5ce8f81320,93dc50abd35349f7923100dca2f41002,f5d09519cf7647f8a107cd8fadd322e5,3e6a4b65a1004c08a6f3f570cf986c2f
eeb2317fd71541c38fd867e246a9ff44,eee7f32249c5452ea36c8ed3a3540010,ce4fdd5499f8498793c11e586f7da70c,93dc50abd35349f7923100dca2f41002,1aaf8edc37ea412b85e3d1b5c5317051,13cda6e8f2d948eeb5508288a172e76f,da61d9bc8f024a4aba18d5c3072b7838,ca1a2a6308834baba3140b5ce8f81320,1ad0cf33e96243888d5f970195a75586,a0b4d283f12a407286dbeaa3a4d128a5,f5d09519cf7647f8a107cd8fadd322e5
842dd9ced22a40a896de94a19a1d2d4c,6fc7a2cf0684475a82f6ff9be2c8e850,ca1a2a6308834baba3140b5ce8f81320,c3f66637872c4141ab3898296739457d,da61d9bc8f024a4aba18d5c3072b7838,511fe9c8b20b4fda94969745238c9474,a0b4d283f12a407286dbeaa3a4d128a5,1aaf8edc37ea412b85e3d1b5c5317051,1ad0cf33e96243888d5f970195a75586,eee7f32249c5452ea36c8ed3a3540010,ce4fdd5499f8498793c11e586f7da70c
eb6b0705f8744b46a462efa41f20a89a,fe363cef357840fcb35f320fe7c27e4e,8ad1f345ca194b29bde0a924f27b2de5,13aca0959cc948cabeee0d7255f55a65,116f6c1f0cb54312986a0a729508a33e,887e323cc38f4cf8adc5970617f1c286,36472797459c462e910846109fa624fc,91f0da6d71574ababd8e868bddec9310,9a500a20b1ff4694acc31339a8d1349e,a8904adcdd21495f890bc614bfdbf86f,716a15d66b63424a8068da89e75733b4
482dd5c933c94587b3946517c235aea3,13aca0959cc948cabeee0d7255f55a65,8ad1f345ca194b29bde0a924f27b2de5,887e323cc38f4cf8adc5970617f1c286,36472797459c462e910846109fa624fc,fe363cef357840fcb35f320fe7c27e4e,8af25c7ae8e14435a6e27a5671968f50,91f0da6d71574ababd8e868bddec9310,116f6c1f0cb54312986a0a729508a33e,a8904adcdd21495f890bc614bfdbf86f,d7618b61a65a4bc1a0d0f2cc1bddc448
714cfd813314481cb74ce1598ae2d695,13aca0959cc948cabeee0d7255f55a65,8ad1f345ca194b29bde0a924f27b2de5,887e323cc38f4cf8adc5970617f1c286,36472797459c462e910846109fa624fc,fe363cef357840fcb35f320fe7c27e4e,8af25c7ae8e14435a6e27a5671968f50,91f0da6d71574ababd8e868bddec9310,116f6c1f0cb54312986a0a729508a33e,a8904adcdd21495f890bc614bfdbf86f,d7618b61a65a4bc1a0d0f2cc1bddc448
1905289530434d1ea5a686725d2aa4a7,200f7fc78e4c403982f61b2894e50bad,e4ee90d625d44a6d9adc138390eef0f8,dcfb738ebbc24f09bb680fe3a52b702e,e22e1ad3c1fc4493bcb7c9b923566ff7,21019944fc2c4838a682a6dcdc62c4ef,7d6cdff8c9ac434196df803628fe9f62,44b3bc5953364d72a53edcf9fc4f1fed,938147b72e9540da8513910871e0830a,7070715ef90743da8691dd4ad134eb0c,06b7dd1b701544ac80dd7ca54ed707cf
c939d86a19284f6485029452c1dd5906,200f7fc78e4c403982f61b2894e50bad,e4ee90d625d44a6d9adc138390eef0f8,e22e1ad3c1fc4493bcb7c9b923566ff7,dcfb738ebbc24f09bb680fe3a52b702e,21019944fc2c4838a682a6dcdc62c4ef,f31e9fdffaa642ed98e91b07a30f3a8c,7070715ef90743da8691dd4ad134eb0c,06b7dd1b701544ac80dd7ca54ed707cf,7d6cdff8c9ac434196df803628fe9f62,44b3bc5953364d72a53edcf9fc4f1fed
14683a06fc90460097ce4e4db0e55f16,44b3bc5953364d72a53edcf9fc4f1fed,44156e6482884acaaee1938e04d8b6ff,dcfb738ebbc24f09bb680fe3a52b702e,7d6cdff8c9ac434196df803628fe9f62,70aa10580bfe4069bdaa5721ae2d29db,21019944fc2c4838a682a6dcdc62c4ef,408ae6a767874fc782467ec2f054ad15,01ffceddb5b34406a08bb982b424b3cf,200f7fc78e4c403982f61b2894e50bad,e4ee90d625d44a6d9adc138390eef0f8
ba76e2fc0cc240a293e65f918ef3f29b,44b3bc5953364d72a53edcf9fc4f1fed,7d6cdff8c9ac434196df803628fe9f62,dcfb738ebbc24f09bb680fe3a52b702e,44156e6482884acaaee1938e04d8b6ff,70aa10580bfe4069bdaa5721ae2d29db,21019944fc2c4838a682a6dcdc62c4ef,408ae6a767874fc782467ec2f054ad15,e4ee90d625d44a6d9adc138390eef0f8,8746ae2ca7514699b629b4d9b5fe95a7,4c36aafaf38f4e9e9e09991737196fe1
56178bece80e4c44a6a45d630a70742c,1b827db6f6cf4ecb850928c2f9e41de2,bce599075dfd4fac8dd78626106e3071,0a2c24dead204be9ae36be358e1223f9,36ee1613abf245cdbe93fef69b5f981f,3574ab91c29940b3afc62354ae06b73b,47eb17da319d440aa52da8008c26327a,acbf8eae7e064c11bab7adf66f216990,236c362d8b664c93b41882c119df9706,bb5c7d03a54647d08b8c62deeb803271,6af17cec494c4373a95865d270a29171
60ae797aa8bb4341829f83d0b771ab36,1b827db6f6cf4ecb850928c2f9e41de2,bce599075dfd4fac8dd78626106e3071,0a2c24dead204be9ae36be358e1223f9,36ee1613abf245cdbe93fef69b5f981f,3574ab91c29940b3afc62354ae06b73b,47eb17da319d440aa52da8008c26327a,acbf8eae7e064c11bab7adf66f216990,236c362d8b664c93b41882c119df9706,7f0a68d19d2e4850846ffc08c47ed87d,1ad0cf33e96243888d5f970195a75586
539bac7dd76e434db2fec777565e0d2e,41047823f2cb4194ba1e0709443c719a,e43d8e7bc32f406b9a692e2604f5b45a,fa190e42ce5a47c99bcaa76138dbc615,af532d6e5090478ba520505d5f9107f2,2939ef012c5c4a1b94b49df9469dfb3c,7ee65b33f8f44852ada468b1fed83433,2d812431f07c44f1a56a71c72766e0b0,595e438d2b394bb3a3259f47efd37ae8,0a61f52258f643b6a6436a1ec234e197,1419b2c686f44896a0ae2a43e93b5402
5305b4e53d154b1890d851d40a749099,e43d8e7bc32f406b9a692e2604f5b45a,41047823f2cb4194ba1e0709443c719a,fa190e42ce5a47c99bcaa76138dbc615,af532d6e5090478ba520505d5f9107f2,2939ef012c5c4a1b94b49df9469dfb3c,7ee65b33f8f44852ada468b1fed83433,595e438d2b394bb3a3259f47efd37ae8,60e87368fe334a92b57088b03cccbfc1,452d645d5bf4485185e996dcec9523e5,2d812431f07c44f1a56a71c72766e0b0
a7570f9b55c24fb0bac3c9e4edf6d60e,41047823f2cb4194ba1e0709443c719a,e43d8e7bc32f406b9a692e2604f5b45a,452d645d5bf4485185e996dcec9523e5,7ee65b33f8f44852ada468b1fed83433,60e87368fe334a92b57088b03cccbfc1,2d812431f07c44f1a56a71c72766e0b0,00fb3a55134242769182c520d55681a2,af532d6e5090478ba520505d5f9107f2,ee7c00877ae64dac87123a3d75251530,e0d8aee46b1d4d998858cd05027251b6
5ad1f88ed9ed488dafbdf8181733f084,41047823f2cb4194ba1e0709443c719a,e43d8e7bc32f406b9a692e2604f5b45a,fa190e42ce5a47c99bcaa76138dbc615,452d645d5bf4485185e996dcec9523e5,af532d6e5090478ba520505d5f9107f2,7ee65b33f8f44852ada468b1fed83433,60e87368fe334a92b57088b03cccbfc1,595e438d2b394bb3a3259f47efd37ae8,2d812431f07c44f1a56a71c72766e0b0,ee7c00877ae64dac87123a3d75251530
0e302f85dcbe44f1bc67317ce56268d8,f4474150010f4021a4620372062f3797,35d06fce2df446569702778e2250bd82,b3a022950e444682a113cec5a0537f6a,d75a52d716984f318f976bbfc7bee787,7960902edf4b47d686f704441aa56b0e,bcfa4a4177d44d8b8cda17b7a23196b0,c1def54262224e23acf67a9870725ce5,570f08ce2a1a47978eab16bf7ad16a68,97959d02a64f4a3fbbebe7cbece6c012,9bf3b77eb9874f5f9e006a9cff111ea9
392705089c6b4b8cbcde900d0fff9622,f4474150010f4021a4620372062f3797,35d06fce2df446569702778e2250bd82,7960902edf4b47d686f704441aa56b0e,b3a022950e444682a113cec5a0537f6a,d75a52d716984f318f976bbfc7bee787,c1def54262224e23acf67a9870725ce5,bcfa4a4177d44d8b8cda17b7a23196b0,570f08ce2a1a47978eab16bf7ad16a68,97959d02a64f4a3fbbebe7cbece6c012,9bf3b77eb9874f5f9e006a9cff111ea9
3d450234080f488aa71b15f195d1b4f1,d75a52d716984f318f976bbfc7bee787,b3a022950e444682a113cec5a0537f6a,570f08ce2a1a47978eab16bf7ad16a68,215f3d275db14601a0383885cbaad86e,06b7dd1b701544ac80dd7ca54ed707cf,f4474150010f4021a4620372062f3797,bcfa4a4177d44d8b8cda17b7a23196b0,c1def54262224e23acf67a9870725ce5,7070715ef90743da8691dd4ad134eb0c,35d06fce2df446569702778e2250bd82
7adb641772574f79bca7f5c97071108e,00614d60b3544ba790dfd23dd53992e0,8ebbcf8e4e6f400ba1839e9d75806274,07d869789eda4445a1ecfe59c331db0d,b7f5c165ea2242709a2fb71f3a3f1bcb,e59dba65749140f4a1bdaf2695de2fc6,761a3a01495143f0a86beac4234cae3a,673aee19895b4d339ada93213d8874ac,d37bf09399d848df9a4d880fb097239c,7f0b453cc8c14156802497f5cbae9d62,50aa0f56e00d4c23ac78b3e63bc0f0e1
470a0e2305e5411f992154553c12bfcd,07d869789eda4445a1ecfe59c331db0d,00614d60b3544ba790dfd23dd53992e0,8ebbcf8e4e6f400ba1839e9d75806274,b7f5c165ea2242709a2fb71f3a3f1bcb,761a3a01495143f0a86beac4234cae3a,d37bf09399d848df9a4d880fb097239c,e59dba65749140f4a1bdaf2695de2fc6,93bf0b86be094f68a9d308ca5ecfb4e3,7f0b453cc8c14156802497f5cbae9d62,bb6ecabbce1b43d997d00d7acdc95193
f82f3fa0a3af48208d53dbf813b19b11,00614d60b3544ba790dfd23dd53992e0,8ebbcf8e4e6f400ba1839e9d75806274,07d869789eda4445a1ecfe59c331db0d,b7f5c165ea2242709a2fb71f3a3f1bcb,e59dba65749140f4a1bdaf2695de2fc6,761a3a01495143f0a86beac4234cae3a,673aee19895b4d339ada93213d8874ac,d37bf09399d848df9a4d880fb097239c,7f0b453cc8c14156802497f5cbae9d62,4285b02dc9164cb9bae36b0566bb42f0
cbd2d2ff355d4f0399b9fc51697c9fd7,8ebbcf8e4e6f400ba1839e9d75806274,00614d60b3544ba790dfd23dd53992e0,07d869789eda4445a1ecfe59c331db0d,b7f5c165ea2242709a2fb71f3a3f1bcb,761a3a01495143f0a86beac4234cae3a,d37bf09399d848df9a4d880fb097239c,716a15d66b63424a8068da89e75733b4,e59dba65749140f4a1bdaf2695de2fc6,5e199f7727cc4910ad88dbd81ed1ec82,b4dadb3ea3a04cc3932094471debce13
355a18bf4bbe449086bfbd70b9b66961,07d869789eda4445a1ecfe59c331db0d,00614d60b3544ba790dfd23dd53992e0,8ebbcf8e4e6f400ba1839e9d75806274,b7f5c165ea2242709a2fb71f3a3f1bcb,761a3a01495143f0a86beac4234cae3a,e59dba65749140f4a1bdaf2695de2fc6,d37bf09399d848df9a4d880fb097239c,7f0b453cc8c14156802497f5cbae9d62,93bf0b86be094f68a9d308ca5ecfb4e3,673aee19895b4d339ada93213d8874ac
8801a0c028fe4b9b9621b539d7950e08,4c8476482736459881e2a3b0509ee103,133bfbe9a7c741fcb638ecf1b0088213,d445ccdb4cda497e9f0343a3298022d2,08ecf89bc10942a4bd894482f6fcdfa7,1da8cc33bb474411ae16db0233210125,c5486d5e31084ee797da0ebdacb17abc,23a16d69ffe848d593a4808907d8aa98,0e28ed072d6c444aa6f02e64955b44c6,dee9eddb2eac41bfaf36d3279d43674a,0d0973762130427eaa2ce9a7a34517db
ce2ca433804e44b4be720751273b782a,4c8476482736459881e2a3b0509ee103,133bfbe9a7c741fcb638ecf1b0088213,1da8cc33bb474411ae16db0233210125,d445ccdb4cda497e9f0343a3298022d2,23a16d69ffe848d593a4808907d8aa98,08ecf89bc10942a4bd894482f6fcdfa7,6c6de17135be4f8c9423be633eaefcd4,cb75c6ef71cb4991805920f2894e0e96,64d9091426f9461c97c98a5428856bcf,77d8e01a914d4f4a8b87d407e0d741aa
4ea609e9602a4aaa8629b2aa624b0175,133bfbe9a7c741fcb638ecf1b0088213,4c8476482736459881e2a3b0509ee103,c5486d5e31084ee797da0ebdacb17abc,0228b1e9e3244da3a727930123ba7bda,23a16d69ffe848d593a4808907d8aa98,d445ccdb4cda497e9f0343a3298022d2,f2077addeb6142c8b3540916522126e8,dee9eddb2eac41bfaf36d3279d43674a,91f9f8576e5142a49926bd623b0bc19c,9aca522158f443fd8a9caaec38ae5e2c
cfb9a2cee2044f5e9cab9a1ec0394c33,133bfbe9a7c741fcb638ecf1b0088213,4c8476482736459881e2a3b0509ee103,c5486d5e31084ee797da0ebdacb17abc,0228b1e9e3244da3a727930123ba7bda,d445ccdb4cda497e9f0343a3298022d2,f2077addeb6142c8b3540916522126e8,dee9eddb2eac41bfaf36d3279d43674a,23a16d69ffe848d593a4808907d8aa98,af648fa7ac6c4c50a246de470329cd83,9d09e3cd382c4d0ea0f6f50261e3e4c8
91753f317b7d415d93dfbb79291ce529,b8da01ceddcb45a491a288ddbc658e90,2c3599a1611644f4908562f8fb8870d3,1578afd6ce694d46ab6e24f965f51fd6,796eade2ee4f466781d9f6669db43e48,9fd4c00672d84215b3e21812aef3d6ac,d65e3a3657ae455e954b6d7221afc84c,772cb9726861451d9972604da6f65c55,9dd98c9126c44642a20711729f2e731e,dd9e8283197b473d8ffd502561bdaaec,a9d82bb43410405ca21b44a5e82e22b6
0f94a6fec9304d4991a954ceb031f5ae,d65e3a3657ae455e954b6d7221afc84c,e4fcd30261804b089efa940359057ba2,9fd4c00672d84215b3e21812aef3d6ac,e86a0aae846a4e44bf967ab4972c977c,2c3599a1611644f4908562f8fb8870d3,a9d82bb43410405ca21b44a5e82e22b6,1578afd6ce694d46ab6e24f965f51fd6,c588868fc3fd4e87a7cddf1ceb00b022,b8da01ceddcb45a491a288ddbc658e90,dd9e8283197b473d8ffd502561bdaaec
15a8c430cba44785961873a3dd5bc77f,d65e3a3657ae455e954b6d7221afc84c,e4fcd30261804b089efa940359057ba2,9fd4c00672d84215b3e21812aef3d6ac,2c3599a1611644f4908562f8fb8870d3,e86a0aae846a4e44bf967ab4972c977c,a9d82bb43410405ca21b44a5e82e22b6,1578afd6ce694d46ab6e24f965f51fd6,c588868fc3fd4e87a7cddf1ceb00b022,b8da01ceddcb45a491a288ddbc658e90,b00b2395b49949508fade89bb3eac98b
fd824af093e04ae187700d37404ce512,b8da01ceddcb45a491a288ddbc658e90,2c3599a1611644f4908562f8fb8870d3,1578afd6ce694d46ab6e24f965f51fd6,796eade2ee4f466781d9f6669db43e48,9dd98c9126c44642a20711729f2e731e,772cb9726861451d9972604da6f65c55,d65e3a3657ae455e954b6d7221afc84c,a9d82bb43410405ca21b44a5e82e22b6,189a3b686ad14c24b5e1a495f76dd239,9fd4c00672d84215b3e21812aef3d6ac
c9d75d71736c41ca808c70e38aff6b5a,85d4175b563d48e5bc6a991b23662f24,da88fa5efc674368b593444ca950dff9,e9428816b054499298745b742f128f65,8fca2e4873e946f7a788af2b846cebd7,3574ab91c29940b3afc62354ae06b73b,3f23eafbd9cc4e209aca631fd6fc9dfd,5c8a8b7a59c54b9aa7b7136fd91b5869,d60986f4025d443ea58adba0e3d224a1,9500823cb050427696343b1ea5cf8881,be42a43f5186434db4f2815f768a9991
743f1b2f252548d7910b99d0870f6c67,da88fa5efc674368b593444ca950dff9,85d4175b563d48e5bc6a991b23662f24,5c8a8b7a59c54b9aa7b7136fd91b5869,8fca2e4873e946f7a788af2b846cebd7,ca1a2a6308834baba3140b5ce8f81320,3574ab91c29940b3afc62354ae06b73b,e9428816b054499298745b742f128f65,1ad0cf33e96243888d5f970195a75586,b33a0f5b564a4942b04046ab7a8e2aae,1b827db6f6cf4ecb850928c2f9e41de2
27bcdf10465e4c54869c9ceb59013b81,3574ab91c29940b3afc62354ae06b73b,bb5c7d03a54647d08b8c62deeb803271,47eb17da319d440aa52da8008c26327a,1c2b01416e3943e3b3c575e53c3f1d16,18ab15fbf00f42f7a410ec75f7592bea,36ee1613abf245cdbe93fef69b5f981f,be42a43f5186434db4f2815f768a9991,009be1c3430743ff9b054bdfcd6228d6,097c30a7f39a4a3abf6da2ca80cad3a5,f464960d2dbc43c0970c60600bd7f1cd
52cd37fed829421d91356a3fb87f1ae3,da88fa5efc674368b593444ca950dff9,85d4175b563d48e5bc6a991b23662f24,5c8a8b7a59c54b9aa7b7136fd91b5869,8fca2e4873e946f7a788af2b846cebd7,b33a0f5b564a4942b04046ab7a8e2aae,ca1a2a6308834baba3140b5ce8f81320,1ad0cf33e96243888d5f970195a75586,3574ab91c29940b3afc62354ae06b73b,e9428816b054499298745b742f128f65,1b827db6f6cf4ecb850928c2f9e41de2
f3cba92d050b4d8e9432cb0cc14c3d63,3574ab91c29940b3afc62354ae06b73b,85d4175b563d48e5bc6a991b23662f24,f464960d2dbc43c0970c60600bd7f1cd,bb5c7d03a54647d08b8c62deeb803271,da88fa5efc674368b593444ca950dff9,1b827db6f6cf4ecb850928c2f9e41de2,1c2b01416e3943e3b3c575e53c3f1d16,47eb17da319d440aa52da8008c26327a,18ab15fbf00f42f7a410ec75f7592bea,be42a43f5186434db4f2815f768a9991
e0ffc5f5610740569aedc8c74ed17c47,5abf57d57d84440e94d0d2e2ffb37575,cf293392122347a180cf2126f4589acb,3c1b91a23b694da1973dbc5f75f2f3ed,f439b5616ba24b7f82eccfa095a0eff8,cc243eebbb2b44a581745865a60c423a,225818abe99e45a0bf5b0b3ec30db76b,d9ac372330a4446886fa19bac0d19877,df5ca61304074da1bec8f536ab50baf3,75efe5ddef364f49865d9bb283492b48,590df34aa41f46e9ad13ffc6a98da3b7
fd29df6e377f40b981cba18434381065,5abf57d57d84440e94d0d2e2ffb37575,cf293392122347a180cf2126f4589acb,3c1b91a23b694da1973dbc5f75f2f3ed,f439b5616ba24b7f82eccfa095a0eff8,cc243eebbb2b44a581745865a60c423a,225818abe99e45a0bf5b0b3ec30db76b,75efe5ddef364f49865d9bb283492b48,d9ac372330a4446886fa19bac0d19877,590df34aa41f46e9ad13ffc6a98da3b7,df5ca61304074da1bec8f536ab50baf3
f5ff08722abb413e9e24fa4eee6d5b60,3c1b91a23b694da1973dbc5f75f2f3ed,cf293392122347a180cf2126f4589acb,5abf57d57d84440e94d0d2e2ffb37575,f439b5616ba24b7f82eccfa095a0eff8,225818abe99e45a0bf5b0b3ec30db76b,cc243eebbb2b44a581745865a60c423a,df5ca61304074da1bec8f536ab50baf3,75efe5ddef364f49865d9bb283492b48,d9ac372330a4446886fa19bac0d19877,01930613ce7d4a5f90ccf78d1e92a55d
574036f38fb84293ae0fbe592c3c6f3a,cf293392122347a180cf2126f4589acb,3c1b91a23b694da1973dbc5f75f2f3ed,5abf57d57d84440e94d0d2e2ffb37575,f439b5616ba24b7f82eccfa095a0eff8,cc243eebbb2b44a581745865a60c423a,225818abe99e45a0bf5b0b3ec30db76b,d9ac372330a4446886fa19bac0d19877,df5ca61304074da1bec8f536ab50baf3,75efe5ddef364f49865d9bb283492b48,590df34aa41f46e9ad13ffc6a98da3b7
35f36e3994484147bfac89ac7f1ef8ef,cf293392122347a180cf2126f4589acb,3c1b91a23b694da1973dbc5f75f2f3ed,5abf57d57d84440e94d0d2e2ffb37575,f439b5616ba24b7f82eccfa095a0eff8,225818abe99e45a0bf5b0b3ec30db76b,cc243eebbb2b44a581745865a60c423a,d9ac372330a4446886fa19bac0d19877,df5ca61304074da1bec8f536ab50baf3,75efe5ddef364f49865d9bb283492b48,01930613ce7d4a5f90ccf78d1e92a55d
84ef3ef2feb84347bac472fb9e9d5906,c84deec0ecf843c39f52d4cb8e7300f8,77cecb221149474896d9b2eb848bf150,039f8e63b273472d8f1d99d9a5de5cf5,e7aaa514f6f64a258a640ea341aa1a18,07958f43551e459eb30638b632e3cd64,105ad424733e4cffa7c474b51e3980aa,48240083d13148bd84ddee8c7f9fcd22,34b736136487439389c10cc6bd4e9f4e,97959d02a64f4a3fbbebe7cbece6c012,4d0a737f396d4a95808085bd1306746c
398defcf45ad43ed8e2633186eaa33ba,563043f180e54e238ad4876974e5db4c,f69bf682935e47e1b4c72d237becd13a,de72d25d08da4b03ac6f6411ce30e07c,6c6de17135be4f8c9423be633eaefcd4,42b6af4853fc465f83ec054f8f8289a4,b44645c11ece4326a45f50fdc5d45dcf,7d0190486da540718e4dc4ca4bd1f573,03df72bcf3504272a27f4bbaea89118a,4152360a4bea4cbbbfbe45ff3bf7f62b,59e4dcf2794943b18fb902a6eb475ff8
ea57953406604eb083a4fecc3606c662,baf841bad27c456c9de7227555ea3ef8,2e7836ee5e5144f5b63e6629b969a362,664da77d25e74df693eaad44a5e7617f,19b81e71e7f04ebcbfade9daa899ed3d,7862a63720b34104abf5bfa44bc8178d,de72d25d08da4b03ac6f6411ce30e07c,04537eabb0434eb2804d1220770b85a0,d361a9e414fb41c1a605200d9cbba496,e53dd6188816429ab915de6f9649a026,f5b766ea6abe4b5fb27d49cc3bc06020
6d7cfa2d06f64b22aeffa8b5f5294bdb,563043f180e54e238ad4876974e5db4c,de72d25d08da4b03ac6f6411ce30e07c,f69bf682935e47e1b4c72d237becd13a,b44645c11ece4326a45f50fdc5d45dcf,6c6de17135be4f8c9423be633eaefcd4,42b6af4853fc465f83ec054f8f8289a4,e53dd6188816429ab915de6f9649a026,7d0190486da540718e4dc4ca4bd1f573,bc607fd6000b43108e49b3d05688fe90,19b81e71e7f04ebcbfade9daa899ed3d
b81d6cfb08b3460182252d604820144b,baf841bad27c456c9de7227555ea3ef8,2e7836ee5e5144f5b63e6629b969a362,04537eabb0434eb2804d1220770b85a0,afaf2edba0ee4d58860a5a04e4aabc5c,016e634d566b49c199d07357aae9bf33,4926607aafe749538c930e108275547e,de72d25d08da4b03ac6f6411ce30e07c,7862a63720b34104abf5bfa44bc8178d,f5b766ea6abe4b5fb27d49cc3bc06020,d87bd2402bef4672be17b62cec113ba8
d9348c713e8144f791dd2fc990a3cbb6,30578712823948b086e3781343982938,1aef014473b84ef9a0f799114fe516c9,bdb0d45caa2a4943959f8f501e51132b,ffc5805e29a74be0a55b40318aa321d7,033f1514c78b49dd82148b94f6bcbeba,de6ac628a786435f9925c8cc1d707d6b,19593c97fef0474dbe6051e28338f1e9,75801225047a4c019100660c13f1e0f1,5537ddec608a4ec586ea068fa27547ca,e0ff5d4ae0ec4871a49041d550cdcaa9
961885b72b8b4073afa543195a48050c,250d411ae270441085be3501b7b55d86,1aef014473b84ef9a0f799114fe516c9,ffc5805e29a74be0a55b40318aa321d7,90b560de76b149c09c7cd6efb3f12cfd,033f1514c78b49dd82148b94f6bcbeba,30578712823948b086e3781343982938,d9b97376c5e44d8786f861a5788af644,eb21a4e2b7bd43efbdf0c365415e7fef,99830b8da7c24f909914f7bb167f3ea6,e0ff5d4ae0ec4871a49041d550cdcaa9
06e690975e524b9089b8d4f9317a1558,250d411ae270441085be3501b7b55d86,c14e45f5201b4038bdddddb238d888a3,db0c3a952e454b90aa4a68feb6a50e87,e0ff5d4ae0ec4871a49041d550cdcaa9,22d9d5ad33e947fd857c5c4a8b7dfae1,fb8c2b83e46441c2aaa7c81d3642e2da,1aef014473b84ef9a0f799114fe516c9,d87e5facd03b45f9829e8a1cd0fe0190,99830b8da7c24f909914f7bb167f3ea6,02e1d712f37e428c998f72e7a7eeb1e6
a5bc160edec74fb7a50b0debceb4ff1d,1aef014473b84ef9a0f799114fe516c9,30578712823948b086e3781343982938,de6ac628a786435f9925c8cc1d707d6b,5537ddec608a4ec586ea068fa27547ca,ffc5805e29a74be0a55b40318aa321d7,250d411ae270441085be3501b7b55d86,4422777ed51142a99aacf05f446cfea1,6400e3f6a14c492ba399bd414faca075,bdb0d45caa2a4943959f8f501e51132b,90b560de76b149c09c7cd6efb3f12cfd
77a31fe5e10e44c38270d85e569068f5,30578712823948b086e3781343982938,1aef014473b84ef9a0f799114fe516c9,bdb0d45caa2a4943959f8f501e51132b,ffc5805e29a74be0a55b40318aa321d7,033f1514c78b49dd82148b94f6bcbeba,de6ac628a786435f9925c8cc1d707d6b,19593c97fef0474dbe6051e28338f1e9,75801225047a4c019100660c13f1e0f1,e0ff5d4ae0ec4871a49041d550cdcaa9,5537ddec608a4ec586ea068fa27547ca
a508b4ed8aa64d2c8930b9e0f5588144,9db7d32d79024ba6a73c55fde6f55968,00e9d4081c2f45d1a818bfeab099863a,88f796c14d184ecfaa5b0109161db259,1a842f077119475794cc2de48e154374,9677dd2a3aae457a8079087ce4177e14,199647bd1328406c83c5a875154f97d9,13aca0959cc948cabeee0d7255f55a65,fbfaa119f55a477984e42d80498f54d3,48c31b1e2ce94de8968fab433813fa91,82d68ea370f8451aa16ea08f4601245c
58f407c23b424ad7858fe02688d1f729,00e9d4081c2f45d1a818bfeab099863a,9db7d32d79024ba6a73c55fde6f55968,88f796c14d184ecfaa5b0109161db259,1a842f077119475794cc2de48e154374,9677dd2a3aae457a8079087ce4177e14,4a6eba10a02a4ecdbb6b25e8651c3789,3574ab91c29940b3afc62354ae06b73b,e1c63000ace94c1d9381d82389fe6afd,23199e1859544647893a97ea365c5c83,fbfaa119f55a477984e42d80498f54d3
6a195a5109304e06ae0423987650f0e5,9db7d32d79024ba6a73c55fde6f55968,00e9d4081c2f45d1a818bfeab099863a,88f796c14d184ecfaa5b0109161db259,1a842f077119475794cc2de48e154374,9677dd2a3aae457a8079087ce4177e14,48c31b1e2ce94de8968fab433813fa91,74bd120b8f714d03bc9dd1a703fe4d7f,e1c63000ace94c1d9381d82389fe6afd,4a6eba10a02a4ecdbb6b25e8651c3789,8228c9eb29a542ba98c8b9b854eadaa4
df7a3b9a04ad4297aadb288feabf0c50,3fce01bbc56d49d39f61cba3d17648f2,e735729c80d84f76a6133c065d5380f8,6ae72ad649c54129b992d321f8f29122,5363ae1c905d4879a63259de4954702e,6c79712e67b54dd0a11d426a91207939,33b5e2ae5ebe4f548bac3a00ab0a59eb,295d0d40791245ff838c73a2aa27d065,2c8eafa0ff26437a862dc2224ab57073,7c1126d46a934db6b951d1e98feae327,2070754bb5dd4a248be9c2a6a1a9d381
684ba7bd1eae483282be0c8c9c114514,e735729c80d84f76a6133c065d5380f8,3fce01bbc56d49d39f61cba3d17648f2,6ae72ad649c54129b992d321f8f29122,5363ae1c905d4879a63259de4954702e,295d0d40791245ff838c73a2aa27d065,33b5e2ae5ebe4f548bac3a00ab0a59eb,6c79712e67b54dd0a11d426a91207939,503d2f067a8a4f5798b1c64b07ab0bc5,8987ceafff324f9599b842542e37eddd,7e190e3c05d74e6b9f103e39142c1684
4eda37aa22e54fa2afd5c4d98019ce29,3fce01bbc56d49d39f61cba3d17648f2,e735729c80d84f76a6133c065d5380f8,6ae72ad649c54129b992d321f8f29122,5363ae1c905d4879a63259de4954702e,33b5e2ae5ebe4f548bac3a00ab0a59eb,6c79712e67b54dd0a11d426a91207939,295d0d40791245ff838c73a2aa27d065,2c8eafa0ff26437a862dc2224ab57073,2070754bb5dd4a248be9c2a6a1a9d381,7e190e3c05d74e6b9f103e39142c1684
3fc9d39c9efc4790b7a0864f44c1e28d,e735729c80d84f76a6133c065d5380f8,3fce01bbc56d49d39f61cba3d17648f2,6ae72ad649c54129b992d321f8f29122,6c79712e67b54dd0a11d426a91207939,5363ae1c905d4879a63259de4954702e,8987ceafff324f9599b842542e37eddd,7e190e3c05d74e6b9f103e39142c1684,503d2f067a8a4f5798b1c64b07ab0bc5,ff171f0b29974f78b0e81fee30abdd38,295d0d40791245ff838c73a2aa27d065
492e1ce165734c99ae0c8142231d6cd8,570f08ce2a1a47978eab16bf7ad16a68,d75a52d716984f318f976bbfc7bee787,b3a022950e444682a113cec5a0537f6a,215f3d275db14601a0383885cbaad86e,b702b2b61ce048c6bf5af3c4dca18b1a,06b7dd1b701544ac80dd7ca54ed707cf,bcfa4a4177d44d8b8cda17b7a23196b0,f4474150010f4021a4620372062f3797,7070715ef90743da8691dd4ad134eb0c,35d06fce2df446569702778e2250bd82
62d16233117346a88248d0c84e37c7d4,570f08ce2a1a47978eab16bf7ad16a68,3e923b6e3ceb4901b77c9a18729546eb,c2b49382e2f34b1c90013236a5fbaef0,5e0a2bc284cf4002914ae4e6aaef41e8,d75a52d716984f318f976bbfc7bee787,b3a022950e444682a113cec5a0537f6a,e22e1ad3c1fc4493bcb7c9b923566ff7,7e8a4a43e2f84dbb88e41cb24b3fe79f,98b2022b2cb84af09ee8b789db928b13,7070715ef90743da8691dd4ad134eb0c
fc5f6e0b9c084686b8bcffe1870bb6af,23a16d69ffe848d593a4808907d8aa98,dee9eddb2eac41bfaf36d3279d43674a,cb75c6ef71cb4991805920f2894e0e96,34b736136487439389c10cc6bd4e9f4e,52ee59901f3b4de884d7a6720538aed6,97959d02a64f4a3fbbebe7cbece6c012,23199e1859544647893a97ea365c5c83,016e634d566b49c199d07357aae9bf33,9c69642fab6749848e7ea7f5406a6da4,b277101390e1465685ef79bf3519f8d7
9544710dc3234bb3a65179dae0115a8c,8dfd98bb97584157b207e1f4be471a8e,016e634d566b49c199d07357aae9bf33,9d09e3cd382c4d0ea0f6f50261e3e4c8,23a16d69ffe848d593a4808907d8aa98,c4e79c8992e54866b0c6f26c55b1a774,8dfe01febd46475ab5aef97033716ce1,e3854d75221c4e38879a6106bb5c1941,db620271348d404a9a0b978d96c63f29,291130c42a884be2800e026bab5ddf53,cd6ce920d00e4d17a6cf04f9f7e550b7
d88623101f5740e3bbbb1be949c2c917,cb75c6ef71cb4991805920f2894e0e96,23a16d69ffe848d593a4808907d8aa98,dee9eddb2eac41bfaf36d3279d43674a,34b736136487439389c10cc6bd4e9f4e,6400e3f6a14c492ba399bd414faca075,97959d02a64f4a3fbbebe7cbece6c012,b277101390e1465685ef79bf3519f8d7,23199e1859544647893a97ea365c5c83,984058b7165d4c6385bec3c94afa9fb2,016e634d566b49c199d07357aae9bf33
3d4bd2285a9441ceb15abaf963002c03,cb75c6ef71cb4991805920f2894e0e96,23a16d69ffe848d593a4808907d8aa98,dee9eddb2eac41bfaf36d3279d43674a,34b736136487439389c10cc6bd4e9f4e,97959d02a64f4a3fbbebe7cbece6c012,6400e3f6a14c492ba399bd414faca075,016e634d566b49c199d07357aae9bf33,b277101390e1465685ef79bf3519f8d7,8d595c7da42545c88052e7b213b6c97c,26869cc099c44c4a86f6043476ab4890
fb083ec69f5f42f2881407d2176b5d39,aa082284f9894b5aa210c179d59999b1,db620271348d404a9a0b978d96c63f29,2ece45504eff42469c104dc2a2d03caf,0cdb0f32850f4585a16de4886462bbe0,6f8d80f8673144dfa7a4e09190442ab3,f335a944a27a4504a82ecf70c2d4a5e4,dbf0926f9f344f1d88b114660db4d2eb,e06d08ff594a4acbac12edf579743fcf,291130c42a884be2800e026bab5ddf53,403835bbf2f1447188bcc78e062b0028
94fac016e63749c8a8f0fdf1fc1a90b5,aa082284f9894b5aa210c179d59999b1,db620271348d404a9a0b978d96c63f29,2ece45504eff42469c104dc2a2d03caf,0cdb0f32850f4585a16de4886462bbe0,f335a944a27a4504a82ecf70c2d4a5e4,e06d08ff594a4acbac12edf579743fcf,6f8d80f8673144dfa7a4e09190442ab3,dbf0926f9f344f1d88b114660db4d2eb,291130c42a884be2800e026bab5ddf53,051d304b7139431fb3bff19b4e75aff7
a4f2a13bd2b54360a921c8ef7366e535,db620271348d404a9a0b978d96c63f29,aa082284f9894b5aa210c179d59999b1,2ece45504eff42469c104dc2a2d03caf,dbf0926f9f344f1d88b114660db4d2eb,6b7b5d28293d4a5a8075f7f7dd231ddb,051d304b7139431fb3bff19b4e75aff7,e06d08ff594a4acbac12edf579743fcf,be8953cc364d46cebbcc2c2da2c348ab,403835bbf2f1447188bcc78e062b0028,ec4820b018a04967a457a9c032a51dc6
89206a8894c247c8bd87fad37967ca98,db620271348d404a9a0b978d96c63f29,aa082284f9894b5aa210c179d59999b1,2ece45504eff42469c104dc2a2d03caf,051d304b7139431fb3bff19b4e75aff7,6b7b5d28293d4a5a8075f7f7dd231ddb,e06d08ff594a4acbac12edf579743fcf,be8953cc364d46cebbcc2c2da2c348ab,dbf0926f9f344f1d88b114660db4d2eb,ec4820b018a04967a457a9c032a51dc6,6f8d80f8673144dfa7a4e09190442ab3
4d36c5e5c20443bbab4b51e580bafc21,b44645c11ece4326a45f50fdc5d45dcf,b85d652ba8d244f8ab9e941966094f28,59e4dcf2794943b18fb902a6eb475ff8,31f80e4c87164e2893375ec7e73b372e,52f20bd7eb50430c95f0916727880a1b,03df72bcf3504272a27f4bbaea89118a,664da77d25e74df693eaad44a5e7617f,de72d25d08da4b03ac6f6411ce30e07c,6bedb2d6ace34e18811b7f1206b2d1b0,02641488de414b72b63f62b40200b101
517675a3a64847439ecd5791a240af4c,52f20bd7eb50430c95f0916727880a1b,59e4dcf2794943b18fb902a6eb475ff8,b85d652ba8d244f8ab9e941966094f28,03df72bcf3504272a27f4bbaea89118a,664da77d25e74df693eaad44a5e7617f,31f80e4c87164e2893375ec7e73b372e,27a67d3e76814297aebf64e03d14c336,c2a665cec90e46db8d2a74389beb4649,e8c8742459dc48a49080bf0e5b3fdee0,5cf392f15360460bae6a6b0182bb99b9
b4a18167b9e44a69bbb49ee2a8709fbe,52f20bd7eb50430c95f0916727880a1b,b85d652ba8d244f8ab9e941966094f28,59e4dcf2794943b18fb902a6eb475ff8,31f80e4c87164e2893375ec7e73b372e,03df72bcf3504272a27f4bbaea89118a,c4e79c8992e54866b0c6f26c55b1a774,c2a665cec90e46db8d2a74389beb4649,664da77d25e74df693eaad44a5e7617f,5cf392f15360460bae6a6b0182bb99b9,b44645c11ece4326a45f50fdc5d45dcf
173054bdb88d476dbd153c55b7fabd01,b44645c11ece4326a45f50fdc5d45dcf,59e4dcf2794943b18fb902a6eb475ff8,52f20bd7eb50430c95f0916727880a1b,b85d652ba8d244f8ab9e941966094f28,31f80e4c87164e2893375ec7e73b372e,03df72bcf3504272a27f4bbaea89118a,211ef3181e524685866fb8574d9bf456,73f684f538ea452cbb4fbecc2e8126a4,6bedb2d6ace34e18811b7f1206b2d1b0,29fb30a75c57451a85f310aa6423a662
6676c08920d74d74b3b5e31d76d402b2,f32f4607b4714e378831f924c5e6084d,249c2d8d8d2345c6990b3c4d94385b5a,65e52d14d4d64d4fbad3de6ad319e745,6fbdacd3d8814ea2a13e81ee1ec128f2,e96fae6d607246b18b8494aabe521036,88353d1136d24836816b073de62e5f50,7bbe3c76bcc04d73969f920d43fcc67d,8b038cd0dafd45d8b1ce75177ca3a76b,655a618282cd4fa39a26f0967c033f4b,1419b2c686f44896a0ae2a43e93b5402
0df5d9aef12b4019955ea3f2f0b2adab,f32f4607b4714e378831f924c5e6084d,7fe9e665bf41491c9788941aa2894a10,6fbdacd3d8814ea2a13e81ee1ec128f2,88353d1136d24836816b073de62e5f50,249c2d8d8d2345c6990b3c4d94385b5a,65e52d14d4d64d4fbad3de6ad319e745,e96fae6d607246b18b8494aabe521036,d2bcc978e7aa49908919d9fc40138b27,6732de8994744decbb3306c74aaa7882,e88ce4cd350f43398a5c0ab8629cee72
9e0acd98c27a49b196d2c555deba2f0e,f32f4607b4714e378831f924c5e6084d,249c2d8d8d2345c6990b3c4d94385b5a,7fe9e665bf41491c9788941aa2894a10,6fbdacd3d8814ea2a13e81ee1ec128f2,88353d1136d24836816b073de62e5f50,4c293487c809486585d65ed10b2cb1e4,e88ce4cd350f43398a5c0ab8629cee72,6732de8994744decbb3306c74aaa7882,ca544e6629b14e8fab5f7cb40d1ac88e,65e52d14d4d64d4fbad3de6ad319e745
54c5b5744a704151830ff16cf8883786,88353d1136d24836816b073de62e5f50,7e17bbd109dc486c8f0a76f913782180,e2e0c8c96aff4c00896ac6986bbb20c2,26b18153216b48d793b75598ddb54d77,4a7fa5a1bafe4b6995e2920444ac07c4,8b038cd0dafd45d8b1ce75177ca3a76b,ca544e6629b14e8fab5f7cb40d1ac88e,7bbe3c76bcc04d73969f920d43fcc67d,02a3cd76ce534d188b4d5ac4778bd652,6fbdacd3d8814ea2a13e81ee1ec128f2
b9de30f0928f4adbbd9e64f944ab0805,f335a944a27a4504a82ecf70c2d4a5e4,e06d08ff594a4acbac12edf579743fcf,0cdb0f32850f4585a16de4886462bbe0,403835bbf2f1447188bcc78e062b0028,be8953cc364d46cebbcc2c2da2c348ab,cd6ce920d00e4d17a6cf04f9f7e550b7,4e22dc65beb7450b9260cf27e50919e4,6b7b5d28293d4a5a8075f7f7dd231ddb,7584980704ae4617bb27ca162cc9c5db,5e44915237fc4445b54b037e1c4e29a4
1700d60558f04c2581e0c6ecac9ca03f,e06d08ff594a4acbac12edf579743fcf,403835bbf2f1447188bcc78e062b0028,f335a944a27a4504a82ecf70c2d4a5e4,6b7b5d28293d4a5a8075f7f7dd231ddb,0cdb0f32850f4585a16de4886462bbe0,be8953cc364d46cebbcc2c2da2c348ab,5e44915237fc4445b54b037e1c4e29a4,0c889c151e094b948c13b0275e660a9c,7584980704ae4617bb27ca162cc9c5db,d0e41bf891254ba0872f1641139f84f6
f8ebc027345b4689839fa22c303c1bbc,e06d08ff594a4acbac12edf579743fcf,403835bbf2f1447188bcc78e062b0028,f335a944a27a4504a82ecf70c2d4a5e4,0cdb0f32850f4585a16de4886462bbe0,be8953cc364d46cebbcc2c2da2c348ab,6b7b5d28293d4a5a8075f7f7dd231ddb,7584980704ae4617bb27ca162cc9c5db,5e44915237fc4445b54b037e1c4e29a4,0c889c151e094b948c13b0275e660a9c,d0e41bf891254ba0872f1641139f84f6
a815375295944d72bbd877ca7675981a,f335a944a27a4504a82ecf70c2d4a5e4,e06d08ff594a4acbac12edf579743fcf,0cdb0f32850f4585a16de4886462bbe0,403835bbf2f1447188bcc78e062b0028,be8953cc364d46cebbcc2c2da2c348ab,cd6ce920d00e4d17a6cf04f9f7e550b7,4e22dc65beb7450b9260cf27e50919e4,6b7b5d28293d4a5a8075f7f7dd231ddb,7584980704ae4617bb27ca162cc9c5db,eabdd2813a954f9aa01f0eb8212ee387
a5eb956f41154b2fa05333dc5f91564d,e5a3c8867e44498d9182e8be934e0fce,cf7476d6c96b4dcdb6f025b9291eb62b,f12e9e5805534d719f829332d1ea5d29,daed5458403e49e3aea72f4bcc6dd224,c65af18670ea437c8986884645b3afe9,f1c9c5051bdd4a11a064260bbb9d6d7b,69ac8397e9624bfd8aee237b9f9ea3b5,19a124c6dad14a4fa7864463b081009c,8dfe01febd46475ab5aef97033716ce1,1027a336232c4454a9c4ae450a562788
32ca729048eb46ea82cfabc322b2f07f,cf7476d6c96b4dcdb6f025b9291eb62b,e5a3c8867e44498d9182e8be934e0fce,daed5458403e49e3aea72f4bcc6dd224,f1c9c5051bdd4a11a064260bbb9d6d7b,69ac8397e9624bfd8aee237b9f9ea3b5,f12e9e5805534d719f829332d1ea5d29,27fe100af7884932a33bf30f10dacc55,636c21e19a5845e1b8d69a5fca928030,5cf392f15360460bae6a6b0182bb99b9,c65af18670ea437c8986884645b3afe9
4b03b491a7324ddea5bf28db91e66254,cf7476d6c96b4dcdb6f025b9291eb62b,e5a3c8867e44498d9182e8be934e0fce,daed5458403e49e3aea72f4bcc6dd224,f1c9c5051bdd4a11a064260bbb9d6d7b,f12e9e5805534d719f829332d1ea5d29,69ac8397e9624bfd8aee237b9f9ea3b5,27fe100af7884932a33bf30f10dacc55,5cf392f15360460bae6a6b0182bb99b9,c65af18670ea437c8986884645b3afe9,e12ad1ce8e7940a999b9a4f91a95fab7
6ee636f0481140ed9b0077791aba92b0,e5a3c8867e44498d9182e8be934e0fce,cf7476d6c96b4dcdb6f025b9291eb62b,f12e9e5805534d719f829332d1ea5d29,c65af18670ea437c8986884645b3afe9,daed5458403e49e3aea72f4bcc6dd224,f1c9c5051bdd4a11a064260bbb9d6d7b,69ac8397e9624bfd8aee237b9f9ea3b5,19a124c6dad14a4fa7864463b081009c,1027a336232c4454a9c4ae450a562788,e12ad1ce8e7940a999b9a4f91a95fab7
9e69ec4a3364489c92dd79eb57e83d54,d33407004b9e433a9d4147cfe6584d36,d87bd2402bef4672be17b62cec113ba8,b52468fc0af2435f9ba91939f72bbf6a,a5365055a36a4ec1bf5b0ce2ef949a35,4926607aafe749538c930e108275547e,3f1c2bb09c4e4400b6ba19542fafce18,02e1d712f37e428c998f72e7a7eeb1e6,0c9c05f86aa042abbdd66d2b2d05d374,4e7ee74be72a461fa02fa61bee62bdcc,9094e936e13641cc9bfcc7dc1408d86e
e3d8f037fbe5491eba85d08b7dc5cab4,d33407004b9e433a9d4147cfe6584d36,b52468fc0af2435f9ba91939f72bbf6a,4926607aafe749538c930e108275547e,a5365055a36a4ec1bf5b0ce2ef949a35,3f1c2bb09c4e4400b6ba19542fafce18,0c9c05f86aa042abbdd66d2b2d05d374,9094e936e13641cc9bfcc7dc1408d86e,ca0fe2dd97434e2ca7aecc38d4f1fcd9,e343a998f4df4ac195c84e0fb571a393,c78547bdc2e64ac8935559f7de2efd41
2e92d21d8386472cb7ae95c21ba476ec,5f481b07f9734f518a14853831233b78,ad42c467d0fe43dbb328073f9a16bc4d,e8f18e4bdf054390a1768978dca8e430,b3209c60460a437294e2b30a9e9d3f53,1e376f9d0945477983c8d851e4b2cf5e,ca0fe2dd97434e2ca7aecc38d4f1fcd9,ab57f83304bc4005998bbd6bc063fb4f,3f1c2bb09c4e4400b6ba19542fafce18,01bbbf1caa554d94b5decb69cc1add41,b52468fc0af2435f9ba91939f72bbf6a
d0e2f6816e1d46c4896a92a770a52d13,5f481b07f9734f518a14853831233b78,4152360a4bea4cbbbfbe45ff3bf7f62b,ca0fe2dd97434e2ca7aecc38d4f1fcd9,1e376f9d0945477983c8d851e4b2cf5e,ad42c467d0fe43dbb328073f9a16bc4d,b90d74e80c37486eaee89b6fbab13671,ab57f83304bc4005998bbd6bc063fb4f,71c1a8479b194efca65b44fb7f327afb,b3209c60460a437294e2b30a9e9d3f53,77ce0587a12b46bab8814225ba86753e
9db1e0ae9d1e4b078283f3e4fce188a9,4c36aafaf38f4e9e9e09991737196fe1,54e9bbd0093947a3bda5fef48ef7493d,a0408a6462b24cf18e50a8616359d5ad,408ae6a767874fc782467ec2f054ad15,8746ae2ca7514699b629b4d9b5fe95a7,7d6cdff8c9ac434196df803628fe9f62,e6afe89ff7bc491193141c057083d8a8,dcfb738ebbc24f09bb680fe3a52b702e,21019944fc2c4838a682a6dcdc62c4ef,98fbdf945d0c4206a48a4f7260e56017
b3e9c337e43d4153aebe5720e9cd3974,4c36aafaf38f4e9e9e09991737196fe1,54e9bbd0093947a3bda5fef48ef7493d,a0408a6462b24cf18e50a8616359d5ad,408ae6a767874fc782467ec2f054ad15,7d6cdff8c9ac434196df803628fe9f62,dcfb738ebbc24f09bb680fe3a52b702e,e6afe89ff7bc491193141c057083d8a8,8746ae2ca7514699b629b4d9b5fe95a7,21019944fc2c4838a682a6dcdc62c4ef,98fbdf945d0c4206a48a4f7260e56017
6826037354894b81a24d3dc9a4983acb,4c36aafaf38f4e9e9e09991737196fe1,54e9bbd0093947a3bda5fef48ef7493d,a0408a6462b24cf18e50a8616359d5ad,408ae6a767874fc782467ec2f054ad15,8746ae2ca7514699b629b4d9b5fe95a7,70aa10580bfe4069bdaa5721ae2d29db,dcfb738ebbc24f09bb680fe3a52b702e,7d6cdff8c9ac434196df803628fe9f62,e6afe89ff7bc491193141c057083d8a8,44156e6482884acaaee1938e04d8b6ff
dc99c006397e40808ab1f016fa44006f,b626eb67c2e14afeae2846bb150976f3,7d6122daabe442ffb5e57ece1882e714,1f9cd7f2b7a14e2f8d490a104a56edcd,6732de8994744decbb3306c74aaa7882,b4dadb3ea3a04cc3932094471debce13,7d5c0a2bfccf4255a43d9bd0f84a6d3a,3e4a54908dde405294869e30a92a7623,b00b2395b49949508fade89bb3eac98b,88353d1136d24836816b073de62e5f50,7bbe3c76bcc04d73969f920d43fcc67d
4993ef4ea7ef4074bc9bfda10fc761b9,7d6122daabe442ffb5e57ece1882e714,1f9cd7f2b7a14e2f8d490a104a56edcd,b626eb67c2e14afeae2846bb150976f3,6732de8994744decbb3306c74aaa7882,88353d1136d24836816b073de62e5f50,3e4a54908dde405294869e30a92a7623,b4dadb3ea3a04cc3932094471debce13,7d5c0a2bfccf4255a43d9bd0f84a6d3a,b00b2395b49949508fade89bb3eac98b,2939ef012c5c4a1b94b49df9469dfb3c
c7eab26c996245a3ab077b730a658580,1f9cd7f2b7a14e2f8d490a104a56edcd,7d6122daabe442ffb5e57ece1882e714,b626eb67c2e14afeae2846bb150976f3,6732de8994744decbb3306c74aaa7882,88353d1136d24836816b073de62e5f50,b4dadb3ea3a04cc3932094471debce13,4a7fa5a1bafe4b6995e2920444ac07c4,7bbe3c76bcc04d73969f920d43fcc67d,b00b2395b49949508fade89bb3eac98b,7d5c0a2bfccf4255a43d9bd0f84a6d3a
b675a73977ed4edbbe06ed1ed956190f,b626eb67c2e14afeae2846bb150976f3,7d6122daabe442ffb5e57ece1882e714,1f9cd7f2b7a14e2f8d490a104a56edcd,6732de8994744decbb3306c74aaa7882,b00b2395b49949508fade89bb3eac98b,b4dadb3ea3a04cc3932094471debce13,3e4a54908dde405294869e30a92a7623,7d5c0a2bfccf4255a43d9bd0f84a6d3a,7bbe3c76bcc04d73969f920d43fcc67d,898eabaaa1a047e18aecbb1c5a8decbf
cebedb652e6442cfb5750e4bbec52862,1f9cd7f2b7a14e2f8d490a104a56edcd,7d6122daabe442ffb5e57ece1882e714,b626eb67c2e14afeae2846bb150976f3,6732de8994744decbb3306c74aaa7882,7d5c0a2bfccf4255a43d9bd0f84a6d3a,88353d1136d24836816b073de62e5f50,b4dadb3ea3a04cc3932094471debce13,7bbe3c76bcc04d73969f920d43fcc67d,4a7fa5a1bafe4b6995e2920444ac07c4,b00b2395b49949508fade89bb3eac98b
085ac28270ca429689a32df3a4583773,19b81e71e7f04ebcbfade9daa899ed3d,e429a2e164a24919a12edcc8d4ea8f09,e53dd6188816429ab915de6f9649a026,98b2022b2cb84af09ee8b789db928b13,44b3bc5953364d72a53edcf9fc4f1fed,75801225047a4c019100660c13f1e0f1,3c0f3b44c0844df49b5898406fe9195a,34b736136487439389c10cc6bd4e9f4e,5760084aabef4d8095b2d21902151f64,5e2f1a45f7174f1aa39a194179985876
e03daa7cd69147cf9ffcfe59b6f1ff74,19b81e71e7f04ebcbfade9daa899ed3d,e429a2e164a24919a12edcc8d4ea8f09,e53dd6188816429ab915de6f9649a026,98b2022b2cb84af09ee8b789db928b13,44b3bc5953364d72a53edcf9fc4f1fed,34b736136487439389c10cc6bd4e9f4e,75801225047a4c019100660c13f1e0f1,570f08ce2a1a47978eab16bf7ad16a68,f2ef424352f14dda92691047ee9f15fa,5e2f1a45f7174f1aa39a194179985876
7076a0387a924dc1b928b55750f64916,75801225047a4c019100660c13f1e0f1,e429a2e164a24919a12edcc8d4ea8f09,e53dd6188816429ab915de6f9649a026,2839430464164d5ba00713b42d4d96e4,30578712823948b086e3781343982938,5e2f1a45f7174f1aa39a194179985876,98b2022b2cb84af09ee8b789db928b13,c4b9d7a8d5d342459d2282589b3af293,d361a9e414fb41c1a605200d9cbba496,7e8a4a43e2f84dbb88e41cb24b3fe79f
0da0ce17055e4ce4aad17bba3493ecf3,c4b9d7a8d5d342459d2282589b3af293,e834bfbd30b247e899f0dc029ab9f072,2839430464164d5ba00713b42d4d96e4,f1eecad10a61421eb16b1be7435d9c19,afaf2edba0ee4d58860a5a04e4aabc5c,ad054da7e1704a53931a341173f0605f,66690895454847fea5a000202fbfab2e,98b2022b2cb84af09ee8b789db928b13,e429a2e164a24919a12edcc8d4ea8f09,75801225047a4c019100660c13f1e0f1
a1de5e13c3de409baec25b9625277294,b33a0f5b564a4942b04046ab7a8e2aae,7f0a68d19d2e4850846ffc08c47ed87d,aaab880f032a4e00904cf50566164044,ca1a2a6308834baba3140b5ce8f81320,40f040fd5c824c8e8e710af1fdf70b5f,da88fa5efc674368b593444ca950dff9,beccee3a988f48c1ad207e2380766fa4,10b152bdafe94db8a93f7c374226a071,1b827db6f6cf4ecb850928c2f9e41de2,8fca2e4873e946f7a788af2b846cebd7
59d5b8a0cae447e3aa9d4441af278166,7f0a68d19d2e4850846ffc08c47ed87d,b33a0f5b564a4942b04046ab7a8e2aae,ef60b54aa4b5490890da32d0bb8c9cbf,1f3cf50fe1f947d8a56e02ebca441c4c,3b37a4c34b6e4ca89a04da864e141422,40f040fd5c824c8e8e710af1fdf70b5f,aaab880f032a4e00904cf50566164044,1b827db6f6cf4ecb850928c2f9e41de2,e79ae27b52fa4d54aa37735fd275c66e,8fca2e4873e946f7a788af2b846cebd7
0c4b7eb545d746869c5419772a6e4392,b33a0f5b564a4942b04046ab7a8e2aae,7f0a68d19d2e4850846ffc08c47ed87d,aaab880f032a4e00904cf50566164044,beccee3a988f48c1ad207e2380766fa4,da88fa5efc674368b593444ca950dff9,40f040fd5c824c8e8e710af1fdf70b5f,10b152bdafe94db8a93f7c374226a071,8fca2e4873e946f7a788af2b846cebd7,ca1a2a6308834baba3140b5ce8f81320,ec5fe0d3a2a2426ea4e49a5c0ad44e04
ee5f151fd75d45ea92a20e50b7471a5b,7f0a68d19d2e4850846ffc08c47ed87d,b33a0f5b564a4942b04046ab7a8e2aae,3b37a4c34b6e4ca89a04da864e141422,1b827db6f6cf4ecb850928c2f9e41de2,40f040fd5c824c8e8e710af1fdf70b5f,ef60b54aa4b5490890da32d0bb8c9cbf,0a2c24dead204be9ae36be358e1223f9,1f3cf50fe1f947d8a56e02ebca441c4c,ca1a2a6308834baba3140b5ce8f81320,aaab880f032a4e00904cf50566164044
2a1dd0d4a81843bea554bae66ecf0521,d87bd2402bef4672be17b62cec113ba8,1da8cc33bb474411ae16db0233210125,13aca0959cc948cabeee0d7255f55a65,f69bf682935e47e1b4c72d237becd13a,ec4820b018a04967a457a9c032a51dc6,6c6de17135be4f8c9423be633eaefcd4,f69855cdf66d4f6887ecfd0ddb9014b5,3c72832689d8406996e80893b719b974,2639b6540bda414f8a9baa3b5cdb612a,6f8d80f8673144dfa7a4e09190442ab3
eccd7d9de8ca4ef5b452f90014314ff9,d87bd2402bef4672be17b62cec113ba8,1da8cc33bb474411ae16db0233210125,13aca0959cc948cabeee0d7255f55a65,f69bf682935e47e1b4c72d237becd13a,ec4820b018a04967a457a9c032a51dc6,6c6de17135be4f8c9423be633eaefcd4,31f80e4c87164e2893375ec7e73b372e,36472797459c462e910846109fa624fc,99dbf0cd0c6343ffbcf97f04efc4143c,b85d652ba8d244f8ab9e941966094f28
53690105d8d9451da2c18448738ecbc1,1da8cc33bb474411ae16db0233210125,d87bd2402bef4672be17b62cec113ba8,ec4820b018a04967a457a9c032a51dc6,6f8d80f8673144dfa7a4e09190442ab3,0ecfdd96e0054841883acba75e83b232,4c8476482736459881e2a3b0509ee103,90b560de76b149c09c7cd6efb3f12cfd,6bedb2d6ace34e18811b7f1206b2d1b0,02641488de414b72b63f62b40200b101,7fe9e665bf41491c9788941aa2894a10
904b4babc35a4e22bf243f52a41e9034,5a9a716f53364389864a4018d9e9c6c0,0d0973762130427eaa2ce9a7a34517db,5605fa1188974644937bbf92fec50e21,1ad0cf33e96243888d5f970195a75586,eee7f32249c5452ea36c8ed3a3540010,ca1a2a6308834baba3140b5ce8f81320,d9b97376c5e44d8786f861a5788af644,fb8c2b83e46441c2aaa7c81d3642e2da,d9b70c4ed8bb4fc5957ecebf102528ee,22d9d5ad33e947fd857c5c4a8b7dfae1
4ec8d6459f8e4b49af04fd8199016f22,0d0973762130427eaa2ce9a7a34517db,5a9a716f53364389864a4018d9e9c6c0,b69c17a10a55494d8caa56c33e8f4a56,fb8c2b83e46441c2aaa7c81d3642e2da,d9b97376c5e44d8786f861a5788af644,5b588e34588940788a22036b775ecc2f,268f8ec9f2734029a8e75857db56ccb3,73f684f538ea452cbb4fbecc2e8126a4,db0c3a952e454b90aa4a68feb6a50e87,6f57d1175ad243edada61643d01fcd54
c50dedd60aba419c9533edaeaa3946ce,0d0973762130427eaa2ce9a7a34517db,5a9a716f53364389864a4018d9e9c6c0,b69c17a10a55494d8caa56c33e8f4a56,6f57d1175ad243edada61643d01fcd54,d9b97376c5e44d8786f861a5788af644,fb8c2b83e46441c2aaa7c81d3642e2da,f59a3ee5387440d981754b6595e8664c,7ec1584e9a5b49eab9ef249143d9bb86,174581fc299840e18e827432c0cce4dc,5b588e34588940788a22036b775ecc2f
e4692df5d1fc4cccbb1af7348c9844e7,5a9a716f53364389864a4018d9e9c6c0,5605fa1188974644937bbf92fec50e21,0d0973762130427eaa2ce9a7a34517db,1ad0cf33e96243888d5f970195a75586,ca1a2a6308834baba3140b5ce8f81320,d9b70c4ed8bb4fc5957ecebf102528ee,eee7f32249c5452ea36c8ed3a3540010,d7c9dafddaf547159d366dacf7b68a7e,73f684f538ea452cbb4fbecc2e8126a4,e79ae27b52fa4d54aa37735fd275c66e
0acc73aefb2c4bd4ac88e33303c8f082,8d595c7da42545c88052e7b213b6c97c,8f0e477fc779414e9b47995c0b25a87d,fbfaa119f55a477984e42d80498f54d3,984058b7165d4c6385bec3c94afa9fb2,dee9eddb2eac41bfaf36d3279d43674a,b90d74e80c37486eaee89b6fbab13671,9c69642fab6749848e7ea7f5406a6da4,5537ddec608a4ec586ea068fa27547ca,e511c40ca6324803b5021e47b4e777f8,34b736136487439389c10cc6bd4e9f4e
c3b65a8844a544c6a4819d750555f39c,8d595c7da42545c88052e7b213b6c97c,984058b7165d4c6385bec3c94afa9fb2,dee9eddb2eac41bfaf36d3279d43674a,fbfaa119f55a477984e42d80498f54d3,8f0e477fc779414e9b47995c0b25a87d,b90d74e80c37486eaee89b6fbab13671,9c69642fab6749848e7ea7f5406a6da4,97959d02a64f4a3fbbebe7cbece6c012,34b736136487439389c10cc6bd4e9f4e,99a52c93a3304ec18dab9206f98f2a8b
3ec39a285da042a1bb003186e6c26bdc,19593c97fef0474dbe6051e28338f1e9,4422777ed51142a99aacf05f446cfea1,f69dcaceb6074ddebfe1dc7e5978fcff,ffc5805e29a74be0a55b40318aa321d7,de6ac628a786435f9925c8cc1d707d6b,30578712823948b086e3781343982938,1aef014473b84ef9a0f799114fe516c9,d8b3ad3b5c4e474db41a671ab286424f,6400e3f6a14c492ba399bd414faca075,77ce0587a12b46bab8814225ba86753e
7abfc7f5744b4188b357bacc5c42c49e,de6ac628a786435f9925c8cc1d707d6b,ffc5805e29a74be0a55b40318aa321d7,5537ddec608a4ec586ea068fa27547ca,1aef014473b84ef9a0f799114fe516c9,f69dcaceb6074ddebfe1dc7e5978fcff,4422777ed51142a99aacf05f446cfea1,19593c97fef0474dbe6051e28338f1e9,30578712823948b086e3781343982938,6400e3f6a14c492ba399bd414faca075,8f0e477fc779414e9b47995c0b25a87d
9405bc1ec9c249e080970a1f105edabe,ed4449952a9e45339b76fc5f123cb917,599feb1e512c43ad8c0a1845922acf78,78d0265d47df4f4cb7153da919763730,df0c94234d9d4890b5b4b95c441b3e9a,5605fa1188974644937bbf92fec50e21,b52468fc0af2435f9ba91939f72bbf6a,79721c9bb6a54ecdb3d0a0f4011762c1,9daaefe080b34656a0c7a54d2d6a1713,e7ee85dd47ca43eeb2fdcd70b802f0ec,b0d2e6c4b2384950b3696c4414870282
1fe6a337c9114514b3e8dd154c2bda5b,599feb1e512c43ad8c0a1845922acf78,ed4449952a9e45339b76fc5f123cb917,b0d2e6c4b2384950b3696c4414870282,e7ee85dd47ca43eeb2fdcd70b802f0ec,df0c94234d9d4890b5b4b95c441b3e9a,78d0265d47df4f4cb7153da919763730,8a9dc60359ba49cd8ac170cfb4ac3913,f1c9c5051bdd4a11a064260bbb9d6d7b,268f8ec9f2734029a8e75857db56ccb3,d87e5facd03b45f9829e8a1cd0fe0190
31557bdb4eee40258e47e89e445b788a,ed4449952a9e45339b76fc5f123cb917,599feb1e512c43ad8c0a1845922acf78,5605fa1188974644937bbf92fec50e21,78d0265d47df4f4cb7153da919763730,79721c9bb6a54ecdb3d0a0f4011762c1,df0c94234d9d4890b5b4b95c441b3e9a,59f62d35b1ad451397b700b3dad25448,268f8ec9f2734029a8e75857db56ccb3,e7ee85dd47ca43eeb2fdcd70b802f0ec,b0d2e6c4b2384950b3696c4414870282
73dbecd0253544b594d72bdfb45f3f7e,599feb1e512c43ad8c0a1845922acf78,ed4449952a9e45339b76fc5f123cb917,df0c94234d9d4890b5b4b95c441b3e9a,b0d2e6c4b2384950b3696c4414870282,268f8ec9f2734029a8e75857db56ccb3,e7ee85dd47ca43eeb2fdcd70b802f0ec,d87e5facd03b45f9829e8a1cd0fe0190,78d0265d47df4f4cb7153da919763730,79721c9bb6a54ecdb3d0a0f4011762c1,9bf3b77eb9874f5f9e006a9cff111ea9
e6d9f19b6de24f86aa66f9c5fd05e823,e1c63000ace94c1d9381d82389fe6afd,99ba4cc9355f4d79a68bc69ac12a716f,0c9c05f86aa042abbdd66d2b2d05d374,230b9ef63ea240e9b61a18f41473f942,1232f20e710b448e8c0538b9e84dab1c,66690895454847fea5a000202fbfab2e,f1eecad10a61421eb16b1be7435d9c19,93dc50abd35349f7923100dca2f41002,13cda6e8f2d948eeb5508288a172e76f,cd764fbfae774d068af7549c648a02c9
81cace07bfd24a26846b03e46c6ad161,99ba4cc9355f4d79a68bc69ac12a716f,e1c63000ace94c1d9381d82389fe6afd,a64f6232ee1e4357937008a327a63cf4,230b9ef63ea240e9b61a18f41473f942,0c9c05f86aa042abbdd66d2b2d05d374,2b039224b54142d185a406b31fe01de2,342aaa81ed004635bbf9cbc2592cd7b6,f5d09519cf7647f8a107cd8fadd322e5,13cda6e8f2d948eeb5508288a172e76f,701ac1447f5a414e81156a56c3593a31
90e717813d404c9f925935c7cfaf747d,99ba4cc9355f4d79a68bc69ac12a716f,e1c63000ace94c1d9381d82389fe6afd,a64f6232ee1e4357937008a327a63cf4,230b9ef63ea240e9b61a18f41473f942,0c9c05f86aa042abbdd66d2b2d05d374,2b039224b54142d185a406b31fe01de2,342aaa81ed004635bbf9cbc2592cd7b6,13cda6e8f2d948eeb5508288a172e76f,f5d09519cf7647f8a107cd8fadd322e5,7ab9086baf99475d8c93862a7dd36344
e5fa255c55ca4255a1a6ad8c11fe54a0,230b9ef63ea240e9b61a18f41473f942,0c9c05f86aa042abbdd66d2b2d05d374,99ba4cc9355f4d79a68bc69ac12a716f,31cf7db26a3249c5a6205b005662ddcf,e1c63000ace94c1d9381d82389fe6afd,a64f6232ee1e4357937008a327a63cf4,701ac1447f5a414e81156a56c3593a31,cd764fbfae774d068af7549c648a02c9,f5d09519cf7647f8a107cd8fadd322e5,342aaa81ed004635bbf9cbc2592cd7b6
e62461979ead477d9cc7f369964f28d9,e1c63000ace94c1d9381d82389fe6afd,99ba4cc9355f4d79a68bc69ac12a716f,0c9c05f86aa042abbdd66d2b2d05d374,230b9ef63ea240e9b61a18f41473f942,a64f6232ee1e4357937008a327a63cf4,0e8487b2e6a2439b9e6623a1e2e5e19d,701ac1447f5a414e81156a56c3593a31,13cda6e8f2d948eeb5508288a172e76f,66690895454847fea5a000202fbfab2e,f1eecad10a61421eb16b1be7435d9c19
5a783edaf5cc4401bef507ec0bf50b74,724a3f6551e74ad585bdeac9a75fd639,19098957d8c24cab95daa30c2baefd8f,04fa591263664fb0a6868552ebd3590b,8b038cd0dafd45d8b1ce75177ca3a76b,0eb119aabc884795a4768c6d3e677ea1,98fbdf945d0c4206a48a4f7260e56017,db69f22fe72246ea85d33991961a649a,f92d16d3a970487094292439c3e00923,b675be39e8ff421aa59811f146da945b,24c55bb5cd694770ba895c7401da2ba5
07ede7933f83489091e7ac09e75bd135,724a3f6551e74ad585bdeac9a75fd639,19098957d8c24cab95daa30c2baefd8f,8b038cd0dafd45d8b1ce75177ca3a76b,04fa591263664fb0a6868552ebd3590b,0eb119aabc884795a4768c6d3e677ea1,db69f22fe72246ea85d33991961a649a,f92d16d3a970487094292439c3e00923,98fbdf945d0c4206a48a4f7260e56017,a4af9472683c4df0a86f9400c99c2b61,b675be39e8ff421aa59811f146da945b
e0a1bb27279d4bb8ac27a733753d7c54,9500823cb050427696343b1ea5cf8881,5455e62f52ae4e03b2a5d0e8b9899506,039a871609044cb1b69f70c082fe61d8,be70e49b76c24527b4fddfb6b78b6d8d,3f23eafbd9cc4e209aca631fd6fc9dfd,f69855cdf66d4f6887ecfd0ddb9014b5,5f65785004054c67a618fe43b6a30f56,35c5a560ecdc4d6a9d20f057ed1fa0e6,521004289ebc4e6da6623381d40a5e73,44f41e6e6faa4facb0bb9a72205229f8
8d21526a81804f01b67fc9c7431368d4,9500823cb050427696343b1ea5cf8881,5455e62f52ae4e03b2a5d0e8b9899506,039a871609044cb1b69f70c082fe61d8,be70e49b76c24527b4fddfb6b78b6d8d,3f23eafbd9cc4e209aca631fd6fc9dfd,f69855cdf66d4f6887ecfd0ddb9014b5,521004289ebc4e6da6623381d40a5e73,5f65785004054c67a618fe43b6a30f56,35c5a560ecdc4d6a9d20f057ed1fa0e6,44f41e6e6faa4facb0bb9a72205229f8
e099db4616e745afa30336180e470463,039a871609044cb1b69f70c082fe61d8,5455e62f52ae4e03b2a5d0e8b9899506,be70e49b76c24527b4fddfb6b78b6d8d,9500823cb050427696343b1ea5cf8881,f69855cdf66d4f6887ecfd0ddb9014b5,3f23eafbd9cc4e209aca631fd6fc9dfd,521004289ebc4e6da6623381d40a5e73,5f65785004054c67a618fe43b6a30f56,3675c688960a4f3b9f82c4ccf4049e93,35c5a560ecdc4d6a9d20f057ed1fa0e6
4d9da4498edb406687e88c877d40d0b5,af648fa7ac6c4c50a246de470329cd83,afac6ae28fac41dabae96696990c5555,fc70a4c2c4834e0eba1a14470f563b03,d7618b61a65a4bc1a0d0f2cc1bddc448,4230775a9d51448396cacb9061f0e5f9,b01fd4d037a84a7aa777e1fc345c73c5,bb6ecabbce1b43d997d00d7acdc95193,a8904adcdd21495f890bc614bfdbf86f,716a15d66b63424a8068da89e75733b4,8c5f38853679436ba434b6a696e43168
1878f6ecc3cd4ae098c87cb8f6d6f75f,af648fa7ac6c4c50a246de470329cd83,afac6ae28fac41dabae96696990c5555,fc70a4c2c4834e0eba1a14470f563b03,d7618b61a65a4bc1a0d0f2cc1bddc448,4230775a9d51448396cacb9061f0e5f9,b01fd4d037a84a7aa777e1fc345c73c5,bb6ecabbce1b43d997d00d7acdc95193,a8904adcdd21495f890bc614bfdbf86f,716a15d66b63424a8068da89e75733b4,8c5f38853679436ba434b6a696e43168
122f81ffea0d4ee8a8e0e80dabd6753a,afac6ae28fac41dabae96696990c5555,d7618b61a65a4bc1a0d0f2cc1bddc448,af648fa7ac6c4c50a246de470329cd83,4230775a9d51448396cacb9061f0e5f9,a8904adcdd21495f890bc614bfdbf86f,b01fd4d037a84a7aa777e1fc345c73c5,716a15d66b63424a8068da89e75733b4,bb6ecabbce1b43d997d00d7acdc95193,8c5f38853679436ba434b6a696e43168,fc70a4c2c4834e0eba1a14470f563b03
341c198c08bf4223af06fe1151b3d336,afac6ae28fac41dabae96696990c5555,d7618b61a65a4bc1a0d0f2cc1bddc448,4230775a9d51448396cacb9061f0e5f9,af648fa7ac6c4c50a246de470329cd83,a8904adcdd21495f890bc614bfdbf86f,b01fd4d037a84a7aa777e1fc345c73c5,716a15d66b63424a8068da89e75733b4,bb6ecabbce1b43d997d00d7acdc95193,8c5f38853679436ba434b6a696e43168,fc70a4c2c4834e0eba1a14470f563b03
6936423214e640f58de191bcbb19cfc0,2ece45504eff42469c104dc2a2d03caf,aa082284f9894b5aa210c179d59999b1,6b7b5d28293d4a5a8075f7f7dd231ddb,eabdd2813a954f9aa01f0eb8212ee387,0c889c151e094b948c13b0275e660a9c,dbf0926f9f344f1d88b114660db4d2eb,403835bbf2f1447188bcc78e062b0028,db620271348d404a9a0b978d96c63f29,be8953cc364d46cebbcc2c2da2c348ab,0cdb0f32850f4585a16de4886462bbe0
c0ca5bae25e84345bcf7f81daaa9a287,2ece45504eff42469c104dc2a2d03caf,aa082284f9894b5aa210c179d59999b1,6b7b5d28293d4a5a8075f7f7dd231ddb,db620271348d404a9a0b978d96c63f29,dbf0926f9f344f1d88b114660db4d2eb,eabdd2813a954f9aa01f0eb8212ee387,6f8d80f8673144dfa7a4e09190442ab3,ec4820b018a04967a457a9c032a51dc6,e06d08ff594a4acbac12edf579743fcf,f335a944a27a4504a82ecf70c2d4a5e4
ca2cd162b500466a989318642fa8e5e8,6f8d80f8673144dfa7a4e09190442ab3,ec4820b018a04967a457a9c032a51dc6,1da8cc33bb474411ae16db0233210125,db620271348d404a9a0b978d96c63f29,aa082284f9894b5aa210c179d59999b1,dbf0926f9f344f1d88b114660db4d2eb,6bde760ad5d4485db9889b1bdc074005,051d304b7139431fb3bff19b4e75aff7,2ece45504eff42469c104dc2a2d03caf,6b7b5d28293d4a5a8075f7f7dd231ddb
5eea07beb98f41d89ef2eb45e27d65dc,6f8d80f8673144dfa7a4e09190442ab3,291130c42a884be2800e026bab5ddf53,051d304b7139431fb3bff19b4e75aff7,db620271348d404a9a0b978d96c63f29,aa082284f9894b5aa210c179d59999b1,2ece45504eff42469c104dc2a2d03caf,dbf0926f9f344f1d88b114660db4d2eb,c4e79c8992e54866b0c6f26c55b1a774,ec4820b018a04967a457a9c032a51dc6,5be48a6bc26044f2a2e4e9b6a223c319
75f3f9e03bd5407ba9a8ed4058d70b42,9c69642fab6749848e7ea7f5406a6da4,6c874292dbcc49ff8bb8bbe5643593a5,52ee59901f3b4de884d7a6720538aed6,d756970269e9443fb9bbf645a96aa84e,590df34aa41f46e9ad13ffc6a98da3b7,b77d8b7bb0114c379139d280a9210e83,5537ddec608a4ec586ea068fa27547ca,daed5458403e49e3aea72f4bcc6dd224,23a16d69ffe848d593a4808907d8aa98,6ea31a945d494834a3d243f1f90af02a
134c16196b09479bb303d2505e8029e3,9c69642fab6749848e7ea7f5406a6da4,52ee59901f3b4de884d7a6720538aed6,590df34aa41f46e9ad13ffc6a98da3b7,6c874292dbcc49ff8bb8bbe5643593a5,d756970269e9443fb9bbf645a96aa84e,daed5458403e49e3aea72f4bcc6dd224,6ea31a945d494834a3d243f1f90af02a,dee9eddb2eac41bfaf36d3279d43674a,23a16d69ffe848d593a4808907d8aa98,c65af18670ea437c8986884645b3afe9
62f621f26198469bbe4acc3c211ac044,52ee59901f3b4de884d7a6720538aed6,9c69642fab6749848e7ea7f5406a6da4,6c874292dbcc49ff8bb8bbe5643593a5,d756970269e9443fb9bbf645a96aa84e,590df34aa41f46e9ad13ffc6a98da3b7,daed5458403e49e3aea72f4bcc6dd224,b52468fc0af2435f9ba91939f72bbf6a,19a124c6dad14a4fa7864463b081009c,c65af18670ea437c8986884645b3afe9,1027a336232c4454a9c4ae450a562788
e9102a403ab3412e96b169e8b54422da,9c69642fab6749848e7ea7f5406a6da4,52ee59901f3b4de884d7a6720538aed6,b52468fc0af2435f9ba91939f72bbf6a,6c874292dbcc49ff8bb8bbe5643593a5,4926607aafe749538c930e108275547e,cb75c6ef71cb4991805920f2894e0e96,590df34aa41f46e9ad13ffc6a98da3b7,23a16d69ffe848d593a4808907d8aa98,eff24b01b2f5428baa4c3fef6cb40d41,d756970269e9443fb9bbf645a96aa84e
dc99976a66254d64893ce4ea5c1381f9,b8995466f0eb4e7ba141e23216e8b974,0092d1d820c64646b8bee9fd14f77acf,c750a2994555414790abb3281572bb42,2ea3b46262e649f79900258cd90cce31,0cc5015848a044b59fa4b290813f859c,64fc9fe3c8d5424ebc005e5cf4a608db,ffe2740eee8c49b39b2ce41f9983bcb4,cd764fbfae774d068af7549c648a02c9,a0b4d283f12a407286dbeaa3a4d128a5,bf789f42ccfc42c5a330a3f6e30ddb83
a837b40016284aef83d53d8096b2f4c1,c750a2994555414790abb3281572bb42,b8995466f0eb4e7ba141e23216e8b974,0092d1d820c64646b8bee9fd14f77acf,2ea3b46262e649f79900258cd90cce31,bf789f42ccfc42c5a330a3f6e30ddb83,64fc9fe3c8d5424ebc005e5cf4a608db,0cc5015848a044b59fa4b290813f859c,ffe2740eee8c49b39b2ce41f9983bcb4,37ae696e40dd42ebb4738722daa3c523,cd764fbfae774d068af7549c648a02c9
066e11859105406c8b337a9c79f27900,c750a2994555414790abb3281572bb42,b8995466f0eb4e7ba141e23216e8b974,0092d1d820c64646b8bee9fd14f77acf,2ea3b46262e649f79900258cd90cce31,bf789f42ccfc42c5a330a3f6e30ddb83,37ae696e40dd42ebb4738722daa3c523,cd764fbfae774d068af7549c648a02c9,64fc9fe3c8d5424ebc005e5cf4a608db,0cc5015848a044b59fa4b290813f859c,c66c6f1449d44728a2ef72de53dd6d5e
eacbaee168e04572a043403932038ea4,d361a9e414fb41c1a605200d9cbba496,c74557a980e2428a9ffcc245278df692,5e2f1a45f7174f1aa39a194179985876,016e634d566b49c199d07357aae9bf33,75801225047a4c019100660c13f1e0f1,43ee0103cba54b4e9d165717735ca0f6,e53dd6188816429ab915de6f9649a026,e3854d75221c4e38879a6106bb5c1941,7e8a4a43e2f84dbb88e41cb24b3fe79f,e429a2e164a24919a12edcc8d4ea8f09
87525176aae14b4594b3cc3538652572,43ee0103cba54b4e9d165717735ca0f6,016e634d566b49c199d07357aae9bf33,984058b7165d4c6385bec3c94afa9fb2,23199e1859544647893a97ea365c5c83,31cf7db26a3249c5a6205b005662ddcf,64fc9fe3c8d5424ebc005e5cf4a608db,d361a9e414fb41c1a605200d9cbba496,7e8a4a43e2f84dbb88e41cb24b3fe79f,b277101390e1465685ef79bf3519f8d7,e3854d75221c4e38879a6106bb5c1941
6f4c5ace8efc459ea9630b048d4f0f65,da14e9dc2c3d4963b725de8102de5028,ba8d0208e32e42969bd4349cf24f6ed1,a055f8188384479a8bad418f7dffd9a5,f8e7f9688fd546829da579434180ffee,0b57f893483647c3aed811775a4c4c04,2070754bb5dd4a248be9c2a6a1a9d381,d9096650c434432c871effeca9acd5c6,f2cfa68a47ce4a43a0fe1cc7dc860418,4d5cbe57c3094d01843e4f950a280b50,baad022010b44fad8d8410869d909fd1
492fe644141442369b9490599c32871c,baad022010b44fad8d8410869d909fd1,2070754bb5dd4a248be9c2a6a1a9d381,f2cfa68a47ce4a43a0fe1cc7dc860418,4d5cbe57c3094d01843e4f950a280b50,0b57f893483647c3aed811775a4c4c04,f8e7f9688fd546829da579434180ffee,d9096650c434432c871effeca9acd5c6,a055f8188384479a8bad418f7dffd9a5,f7f600880b064920ab59b907d26aedc6,da14e9dc2c3d4963b725de8102de5028
c5430389b16b4cef9f052e00355bb0bd,da14e9dc2c3d4963b725de8102de5028,ba8d0208e32e42969bd4349cf24f6ed1,a055f8188384479a8bad418f7dffd9a5,f8e7f9688fd546829da579434180ffee,0b57f893483647c3aed811775a4c4c04,2070754bb5dd4a248be9c2a6a1a9d381,f2cfa68a47ce4a43a0fe1cc7dc860418,d9096650c434432c871effeca9acd5c6,baad022010b44fad8d8410869d909fd1,4d5cbe57c3094d01843e4f950a280b50
fe4ef0b1b959405da9233fffe5a1a8ba,baad022010b44fad8d8410869d909fd1,2070754bb5dd4a248be9c2a6a1a9d381,f8e7f9688fd546829da579434180ffee,f2cfa68a47ce4a43a0fe1cc7dc860418,4d5cbe57c3094d01843e4f950a280b50,f7f600880b064920ab59b907d26aedc6,a055f8188384479a8bad418f7dffd9a5,0b57f893483647c3aed811775a4c4c04,d9096650c434432c871effeca9acd5c6,da14e9dc2c3d4963b725de8102de5028
8b45a559d8f643aabfc6ce1311e615f6,c588868fc3fd4e87a7cddf1ceb00b022,e4fcd30261804b089efa940359057ba2,d65e3a3657ae455e954b6d7221afc84c,e6afe89ff7bc491193141c057083d8a8,14ca42308d3141fba50b774042144343,ca0fe2dd97434e2ca7aecc38d4f1fcd9,a35d7304347a4f81b1ccfb086956921c,2c3599a1611644f4908562f8fb8870d3,384f94503bcd4f4c863056ad69f45b43,0433768f874042a5b2d2e37ad9deae13
923cdbcba1f440f0b8e680f9bbe84bc0,2c3599a1611644f4908562f8fb8870d3,9fd4c00672d84215b3e21812aef3d6ac,b8da01ceddcb45a491a288ddbc658e90,9dd98c9126c44642a20711729f2e731e,8a9dc60359ba49cd8ac170cfb4ac3913,1578afd6ce694d46ab6e24f965f51fd6,d65e3a3657ae455e954b6d7221afc84c,e86a0aae846a4e44bf967ab4972c977c,a9d82bb43410405ca21b44a5e82e22b6,b00b2395b49949508fade89bb3eac98b
ce803c95614a408cbf9b99166b3a9db0,2c3599a1611644f4908562f8fb8870d3,b8da01ceddcb45a491a288ddbc658e90,9fd4c00672d84215b3e21812aef3d6ac,1578afd6ce694d46ab6e24f965f51fd6,d65e3a3657ae455e954b6d7221afc84c,9dd98c9126c44642a20711729f2e731e,e86a0aae846a4e44bf967ab4972c977c,a9d82bb43410405ca21b44a5e82e22b6,796eade2ee4f466781d9f6669db43e48,b00b2395b49949508fade89bb3eac98b
4a9f5a00cf914c0cb76a4ee585a73675,c588868fc3fd4e87a7cddf1ceb00b022,e4fcd30261804b089efa940359057ba2,ca0fe2dd97434e2ca7aecc38d4f1fcd9,d65e3a3657ae455e954b6d7221afc84c,a35d7304347a4f81b1ccfb086956921c,14ca42308d3141fba50b774042144343,e6afe89ff7bc491193141c057083d8a8,0433768f874042a5b2d2e37ad9deae13,77ce0587a12b46bab8814225ba86753e,384f94503bcd4f4c863056ad69f45b43
61251687d2444fe8b74dce9025233ead,0c9c05f86aa042abbdd66d2b2d05d374,230b9ef63ea240e9b61a18f41473f942,99ba4cc9355f4d79a68bc69ac12a716f,e1c63000ace94c1d9381d82389fe6afd,a64f6232ee1e4357937008a327a63cf4,701ac1447f5a414e81156a56c3593a31,342aaa81ed004635bbf9cbc2592cd7b6,f5d09519cf7647f8a107cd8fadd322e5,2b039224b54142d185a406b31fe01de2,cd764fbfae774d068af7549c648a02c9
42f90bf7d5ef47d8b2f88399cb0f3a2e,0c9c05f86aa042abbdd66d2b2d05d374,230b9ef63ea240e9b61a18f41473f942,99ba4cc9355f4d79a68bc69ac12a716f,e1c63000ace94c1d9381d82389fe6afd,a64f6232ee1e4357937008a327a63cf4,701ac1447f5a414e81156a56c3593a31,342aaa81ed004635bbf9cbc2592cd7b6,f5d09519cf7647f8a107cd8fadd322e5,13cda6e8f2d948eeb5508288a172e76f,cd764fbfae774d068af7549c648a02c9
b3c99c83d4e34424adca9ea35f3016b4,a64f6232ee1e4357937008a327a63cf4,99ba4cc9355f4d79a68bc69ac12a716f,0c9c05f86aa042abbdd66d2b2d05d374,2b039224b54142d185a406b31fe01de2,e1c63000ace94c1d9381d82389fe6afd,342aaa81ed004635bbf9cbc2592cd7b6,701ac1447f5a414e81156a56c3593a31,f5d09519cf7647f8a107cd8fadd322e5,7ab9086baf99475d8c93862a7dd36344,230b9ef63ea240e9b61a18f41473f942
cc2355a9c26249c0b3722824339d73f5,a64f6232ee1e4357937008a327a63cf4,99ba4cc9355f4d79a68bc69ac12a716f,342aaa81ed004635bbf9cbc2592cd7b6,2b039224b54142d185a406b31fe01de2,f5d09519cf7647f8a107cd8fadd322e5,e1c63000ace94c1d9381d82389fe6afd,701ac1447f5a414e81156a56c3593a31,0c9c05f86aa042abbdd66d2b2d05d374,7ab9086baf99475d8c93862a7dd36344,3e6a4b65a1004c08a6f3f570cf986c2f
7e2f96b3e0ce428cb02c7ab9d85a8cca,898eabaaa1a047e18aecbb1c5a8decbf,7f5b658239034d35b7f4cf1c63cb388c,b83013f4c5524232814efa0f8651867f,27fe100af7884932a33bf30f10dacc55,10b152bdafe94db8a93f7c374226a071,beccee3a988f48c1ad207e2380766fa4,ec5fe0d3a2a2426ea4e49a5c0ad44e04,40f040fd5c824c8e8e710af1fdf70b5f,aaab880f032a4e00904cf50566164044,d2a03ea4b2d3439ca3dc6fe056ab0f04
c1de7b286d874eeab76f13a3c0d2f90f,7f5b658239034d35b7f4cf1c63cb388c,898eabaaa1a047e18aecbb1c5a8decbf,b83013f4c5524232814efa0f8651867f,27fe100af7884932a33bf30f10dacc55,10b152bdafe94db8a93f7c374226a071,beccee3a988f48c1ad207e2380766fa4,ec5fe0d3a2a2426ea4e49a5c0ad44e04,93bf0b86be094f68a9d308ca5ecfb4e3,aaab880f032a4e00904cf50566164044,5e199f7727cc4910ad88dbd81ed1ec82
e61649949748401a9d06187bc97c8b58,7f5b658239034d35b7f4cf1c63cb388c,898eabaaa1a047e18aecbb1c5a8decbf,b83013f4c5524232814efa0f8651867f,27fe100af7884932a33bf30f10dacc55,10b152bdafe94db8a93f7c374226a071,93bf0b86be094f68a9d308ca5ecfb4e3,beccee3a988f48c1ad207e2380766fa4,ec5fe0d3a2a2426ea4e49a5c0ad44e04,5e199f7727cc4910ad88dbd81ed1ec82,aaab880f032a4e00904cf50566164044
b81b07771bcd450f9d8eaba7182f30c7,898eabaaa1a047e18aecbb1c5a8decbf,7f5b658239034d35b7f4cf1c63cb388c,b83013f4c5524232814efa0f8651867f,27fe100af7884932a33bf30f10dacc55,10b152bdafe94db8a93f7c374226a071,beccee3a988f48c1ad207e2380766fa4,ec5fe0d3a2a2426ea4e49a5c0ad44e04,40f040fd5c824c8e8e710af1fdf70b5f,aaab880f032a4e00904cf50566164044,93bf0b86be094f68a9d308ca5ecfb4e3
10477b255a0f4b31bdc6941e131708f6,444fa28d9ed54c82a522699041eae592,ec580ac6dd7149fb8a0a5a5d8b0f5b08,d9b97376c5e44d8786f861a5788af644,cc78a6c92dfe4af49c2bd93f15e4f870,22d9d5ad33e947fd857c5c4a8b7dfae1,fb8c2b83e46441c2aaa7c81d3642e2da,c14e45f5201b4038bdddddb238d888a3,b69c17a10a55494d8caa56c33e8f4a56,db0c3a952e454b90aa4a68feb6a50e87,0568345606fa4a2c84ed4ea6c74639ee
98224d85c5a5408b97fc3f91e37c6172,444fa28d9ed54c82a522699041eae592,ec580ac6dd7149fb8a0a5a5d8b0f5b08,eb21a4e2b7bd43efbdf0c365415e7fef,a70909d3ce0d4235913b5ce6a138dcce,c14e45f5201b4038bdddddb238d888a3,22d9d5ad33e947fd857c5c4a8b7dfae1,64e74af099b0485f8b6e71ac73aa2cb8,66f4c650b7ca48f1bc27f9daff8d312a,d9b97376c5e44d8786f861a5788af644,b23a9c50eada4286a4f7ce8668b92db1
9cde6cf03d36463a9fa125c9a5d8579b,ec580ac6dd7149fb8a0a5a5d8b0f5b08,444fa28d9ed54c82a522699041eae592,b23a9c50eada4286a4f7ce8668b92db1,c14e45f5201b4038bdddddb238d888a3,033f1514c78b49dd82148b94f6bcbeba,f1eecad10a61421eb16b1be7435d9c19,66f4c650b7ca48f1bc27f9daff8d312a,ad054da7e1704a53931a341173f0605f,d9b97376c5e44d8786f861a5788af644,250d411ae270441085be3501b7b55d86
97496eac7339419799091685c1a6c966,444fa28d9ed54c82a522699041eae592,ec580ac6dd7149fb8a0a5a5d8b0f5b08,eb21a4e2b7bd43efbdf0c365415e7fef,64e74af099b0485f8b6e71ac73aa2cb8,434551fdf9e443ed91679a9557ae6fd5,22d9d5ad33e947fd857c5c4a8b7dfae1,cc78a6c92dfe4af49c2bd93f15e4f870,66f4c650b7ca48f1bc27f9daff8d312a,b23a9c50eada4286a4f7ce8668b92db1,ad42c467d0fe43dbb328073f9a16bc4d
308e1406bba647a6afa6645b35e09bbd,98b2022b2cb84af09ee8b789db928b13,e429a2e164a24919a12edcc8d4ea8f09,75801225047a4c019100660c13f1e0f1,2839430464164d5ba00713b42d4d96e4,c4b9d7a8d5d342459d2282589b3af293,e834bfbd30b247e899f0dc029ab9f072,5e2f1a45f7174f1aa39a194179985876,e53dd6188816429ab915de6f9649a026,c74557a980e2428a9ffcc245278df692,7e8a4a43e2f84dbb88e41cb24b3fe79f
eaae15d0cec34edcba4d16f18e51feeb,e53dd6188816429ab915de6f9649a026,511fe9c8b20b4fda94969745238c9474,643fbbdd6b764ba9904a4ee67a86b9fd,7d0190486da540718e4dc4ca4bd1f573,19b81e71e7f04ebcbfade9daa899ed3d,5b588e34588940788a22036b775ecc2f,4254f6eaaed746bea797c3522036fc12,44156e6482884acaaee1938e04d8b6ff,e834bfbd30b247e899f0dc029ab9f072,99ba4cc9355f4d79a68bc69ac12a716f
2fa2158b5d3142e1a336b9938e7ec3e4,b702b2b61ce048c6bf5af3c4dca18b1a,215f3d275db14601a0383885cbaad86e,0accd1d0138b49049d437c0d9b1c23c3,d75a52d716984f318f976bbfc7bee787,570f08ce2a1a47978eab16bf7ad16a68,b3a022950e444682a113cec5a0537f6a,06b7dd1b701544ac80dd7ca54ed707cf,97959d02a64f4a3fbbebe7cbece6c012,7070715ef90743da8691dd4ad134eb0c,f4474150010f4021a4620372062f3797
b3e94875f12a46d49a18038edf575672,b702b2b61ce048c6bf5af3c4dca18b1a,215f3d275db14601a0383885cbaad86e,0accd1d0138b49049d437c0d9b1c23c3,d75a52d716984f318f976bbfc7bee787,570f08ce2a1a47978eab16bf7ad16a68,b3a022950e444682a113cec5a0537f6a,06b7dd1b701544ac80dd7ca54ed707cf,97959d02a64f4a3fbbebe7cbece6c012,7070715ef90743da8691dd4ad134eb0c,bcfa4a4177d44d8b8cda17b7a23196b0
bb76a200223d446492dbeb01f3dcd83c,f65c7f50929f431dbf31b441d87616d0,105ad424733e4cffa7c474b51e3980aa,07958f43551e459eb30638b632e3cd64,99dbf0cd0c6343ffbcf97f04efc4143c,57bcda73abab44ee930b20cdaee9d24b,77cecb221149474896d9b2eb848bf150,c84deec0ecf843c39f52d4cb8e7300f8,97959d02a64f4a3fbbebe7cbece6c012,039f8e63b273472d8f1d99d9a5de5cf5,35d06fce2df446569702778e2250bd82
249ef4fd3a32489e875b8ff944f609e3,f65c7f50929f431dbf31b441d87616d0,57bcda73abab44ee930b20cdaee9d24b,105ad424733e4cffa7c474b51e3980aa,0accd1d0138b49049d437c0d9b1c23c3,07958f43551e459eb30638b632e3cd64,99dbf0cd0c6343ffbcf97f04efc4143c,01ffceddb5b34406a08bb982b424b3cf,77cecb221149474896d9b2eb848bf150,c84deec0ecf843c39f52d4cb8e7300f8,35d06fce2df446569702778e2250bd82
08a04363ed37468191357b12b4afa016,0e28ed072d6c444aa6f02e64955b44c6,08ecf89bc10942a4bd894482f6fcdfa7,d445ccdb4cda497e9f0343a3298022d2,00fb3a55134242769182c520d55681a2,e0d8aee46b1d4d998858cd05027251b6,595e438d2b394bb3a3259f47efd37ae8,2d812431f07c44f1a56a71c72766e0b0,7ee65b33f8f44852ada468b1fed83433,41047823f2cb4194ba1e0709443c719a,384b14b18c3c43b1a4dc1aa2f661e076
62e089fa066d404daadaf7ab2e75f3c4,d445ccdb4cda497e9f0343a3298022d2,08ecf89bc10942a4bd894482f6fcdfa7,77c8b175ca9d411b8d28d1ed0dc40304,77d8e01a914d4f4a8b87d407e0d741aa,d2bcc978e7aa49908919d9fc40138b27,0e28ed072d6c444aa6f02e64955b44c6,595e438d2b394bb3a3259f47efd37ae8,2d812431f07c44f1a56a71c72766e0b0,29088685e31a4d86b60b514e98117361,384b14b18c3c43b1a4dc1aa2f661e076
772aba18a7014577b8975d8f66f55383,215f3d275db14601a0383885cbaad86e,b702b2b61ce048c6bf5af3c4dca18b1a,d75a52d716984f318f976bbfc7bee787,570f08ce2a1a47978eab16bf7ad16a68,b3a022950e444682a113cec5a0537f6a,06b7dd1b701544ac80dd7ca54ed707cf,97959d02a64f4a3fbbebe7cbece6c012,bcfa4a4177d44d8b8cda17b7a23196b0,7070715ef90743da8691dd4ad134eb0c,f4474150010f4021a4620372062f3797
222088ceffe04fd9a94096cfb805d9aa,215f3d275db14601a0383885cbaad86e,b702b2b61ce048c6bf5af3c4dca18b1a,d75a52d716984f318f976bbfc7bee787,570f08ce2a1a47978eab16bf7ad16a68,b3a022950e444682a113cec5a0537f6a,06b7dd1b701544ac80dd7ca54ed707cf,bcfa4a4177d44d8b8cda17b7a23196b0,7070715ef90743da8691dd4ad134eb0c,f4474150010f4021a4620372062f3797,97959d02a64f4a3fbbebe7cbece6c012
215fa8886dc743ea866c55c92e55275a,105ad424733e4cffa7c474b51e3980aa,c84deec0ecf843c39f52d4cb8e7300f8,97959d02a64f4a3fbbebe7cbece6c012,039f8e63b273472d8f1d99d9a5de5cf5,77cecb221149474896d9b2eb848bf150,07958f43551e459eb30638b632e3cd64,e7aaa514f6f64a258a640ea341aa1a18,f65c7f50929f431dbf31b441d87616d0,35d06fce2df446569702778e2250bd82,34b736136487439389c10cc6bd4e9f4e
c15e316f43844831a8809cd85924e3b1,8dfbb6a204a0441492c35baca6190969,0971af4212484a958eb0f60f93d1dfe0,97959d02a64f4a3fbbebe7cbece6c012,33e2a95109e647cbb4ba2687631b169a,d476be2399b7424a88d242b771c32041,215f3d275db14601a0383885cbaad86e,2acbd3ec289a47f7b4108896ec632585,02a3cd76ce534d188b4d5ac4778bd652,fbfaa119f55a477984e42d80498f54d3,35d06fce2df446569702778e2250bd82
fb89d31587634cee9cf443d998d56245,105ad424733e4cffa7c474b51e3980aa,97959d02a64f4a3fbbebe7cbece6c012,35d06fce2df446569702778e2250bd82,c84deec0ecf843c39f52d4cb8e7300f8,039f8e63b273472d8f1d99d9a5de5cf5,f65c7f50929f431dbf31b441d87616d0,77cecb221149474896d9b2eb848bf150,07958f43551e459eb30638b632e3cd64,f4474150010f4021a4620372062f3797,e7aaa514f6f64a258a640ea341aa1a18
a9c15421f19d4bfca5a2210dbafbd327,b4dadb3ea3a04cc3932094471debce13,7bbe3c76bcc04d73969f920d43fcc67d,4a7fa5a1bafe4b6995e2920444ac07c4,88353d1136d24836816b073de62e5f50,e88ce4cd350f43398a5c0ab8629cee72,25afb6f7e9314af09008644bca5955b9,26b18153216b48d793b75598ddb54d77,7879fa4d4db046a2a8d195311b6e5789,ef511457ee7c490c8e10eccf6e18fef6,1ade4365590a4ac7865100d8c791e340
405c71393da6481db0f9c471e6ff0b9f,b4dadb3ea3a04cc3932094471debce13,7bbe3c76bcc04d73969f920d43fcc67d,4a7fa5a1bafe4b6995e2920444ac07c4,88353d1136d24836816b073de62e5f50,e88ce4cd350f43398a5c0ab8629cee72,25afb6f7e9314af09008644bca5955b9,26b18153216b48d793b75598ddb54d77,7879fa4d4db046a2a8d195311b6e5789,ef511457ee7c490c8e10eccf6e18fef6,1ade4365590a4ac7865100d8c791e340
10672c8813224cd19e1b65d21bfbf3fc,e88ce4cd350f43398a5c0ab8629cee72,7bbe3c76bcc04d73969f920d43fcc67d,25afb6f7e9314af09008644bca5955b9,4a7fa5a1bafe4b6995e2920444ac07c4,26b18153216b48d793b75598ddb54d77,b4dadb3ea3a04cc3932094471debce13,8c7c9eaae41a44a3a4ebe39ce167d300,40a95697730046dcbb0d7ba1fe2109a6,b834c0b0c10b471b87ad3f11468de619,1ade4365590a4ac7865100d8c791e340
380188fc5ffb4a8db6256661aefa22ee,7bbe3c76bcc04d73969f920d43fcc67d,b4dadb3ea3a04cc3932094471debce13,4a7fa5a1bafe4b6995e2920444ac07c4,e88ce4cd350f43398a5c0ab8629cee72,88353d1136d24836816b073de62e5f50,25afb6f7e9314af09008644bca5955b9,26b18153216b48d793b75598ddb54d77,7879fa4d4db046a2a8d195311b6e5789,ef511457ee7c490c8e10eccf6e18fef6,bb84a4cf60c84a8d8e23276b1863d293
78bedef4e219493c8b9a059437b0c690,7bbe3c76bcc04d73969f920d43fcc67d,b4dadb3ea3a04cc3932094471debce13,e88ce4cd350f43398a5c0ab8629cee72,4a7fa5a1bafe4b6995e2920444ac07c4,26b18153216b48d793b75598ddb54d77,25afb6f7e9314af09008644bca5955b9,88353d1136d24836816b073de62e5f50,7879fa4d4db046a2a8d195311b6e5789,ef511457ee7c490c8e10eccf6e18fef6,bb84a4cf60c84a8d8e23276b1863d293
a73bf22ed53e478bbdb05661b2bb34bb,b23a9c50eada4286a4f7ce8668b92db1,64e74af099b0485f8b6e71ac73aa2cb8,ec580ac6dd7149fb8a0a5a5d8b0f5b08,66f4c650b7ca48f1bc27f9daff8d312a,1393dac7d34b4c34b1a8091a5bea3663,434551fdf9e443ed91679a9557ae6fd5,444fa28d9ed54c82a522699041eae592,ad42c467d0fe43dbb328073f9a16bc4d,e0ff5d4ae0ec4871a49041d550cdcaa9,22d9d5ad33e947fd857c5c4a8b7dfae1
f8807fdc0c904075885c336e24827732,1393dac7d34b4c34b1a8091a5bea3663,64e74af099b0485f8b6e71ac73aa2cb8,b69c17a10a55494d8caa56c33e8f4a56,7f23e27e5652406784fdc2dea3918125,99830b8da7c24f909914f7bb167f3ea6,ee7c00877ae64dac87123a3d75251530,b23a9c50eada4286a4f7ce8668b92db1,ac5a760b45c146ec840193371cfb2d30,29fb30a75c57451a85f310aa6423a662,e0ff5d4ae0ec4871a49041d550cdcaa9
c21fcb50e9a24b558b8fcc3a2d0f2042,64e74af099b0485f8b6e71ac73aa2cb8,1393dac7d34b4c34b1a8091a5bea3663,b23a9c50eada4286a4f7ce8668b92db1,99830b8da7c24f909914f7bb167f3ea6,e0ff5d4ae0ec4871a49041d550cdcaa9,c24e3823376b436c8eb46eaeebbc7718,c14e45f5201b4038bdddddb238d888a3,7f23e27e5652406784fdc2dea3918125,444fa28d9ed54c82a522699041eae592,250d411ae270441085be3501b7b55d86
0e4f6fd8c126417aad3dfe97ea1dee56,ec5fe0d3a2a2426ea4e49a5c0ad44e04,beccee3a988f48c1ad207e2380766fa4,10b152bdafe94db8a93f7c374226a071,aaab880f032a4e00904cf50566164044,40f040fd5c824c8e8e710af1fdf70b5f,898eabaaa1a047e18aecbb1c5a8decbf,b83013f4c5524232814efa0f8651867f,7f5b658239034d35b7f4cf1c63cb388c,27fe100af7884932a33bf30f10dacc55,acbf8eae7e064c11bab7adf66f216990
11fd1036e3764df2a694b62f3f7a04ca,beccee3a988f48c1ad207e2380766fa4,ec5fe0d3a2a2426ea4e49a5c0ad44e04,aaab880f032a4e00904cf50566164044,10b152bdafe94db8a93f7c374226a071,40f040fd5c824c8e8e710af1fdf70b5f,b83013f4c5524232814efa0f8651867f,898eabaaa1a047e18aecbb1c5a8decbf,7f5b658239034d35b7f4cf1c63cb388c,27fe100af7884932a33bf30f10dacc55,acbf8eae7e064c11bab7adf66f216990
16f482cec0e0411f8a1d2610a2aacb63,beccee3a988f48c1ad207e2380766fa4,aaab880f032a4e00904cf50566164044,ec5fe0d3a2a2426ea4e49a5c0ad44e04,40f040fd5c824c8e8e710af1fdf70b5f,10b152bdafe94db8a93f7c374226a071,898eabaaa1a047e18aecbb1c5a8decbf,b83013f4c5524232814efa0f8651867f,7f5b658239034d35b7f4cf1c63cb388c,27fe100af7884932a33bf30f10dacc55,acbf8eae7e064c11bab7adf66f216990
cd59d2d18bf04a6a901a0110f5fc4b13,ec5fe0d3a2a2426ea4e49a5c0ad44e04,beccee3a988f48c1ad207e2380766fa4,10b152bdafe94db8a93f7c374226a071,aaab880f032a4e00904cf50566164044,40f040fd5c824c8e8e710af1fdf70b5f,898eabaaa1a047e18aecbb1c5a8decbf,b83013f4c5524232814efa0f8651867f,7f5b658239034d35b7f4cf1c63cb388c,27fe100af7884932a33bf30f10dacc55,acbf8eae7e064c11bab7adf66f216990
a3447d7a1b25452ab7eb7228d9426dbb,887e323cc38f4cf8adc5970617f1c286,8ad1f345ca194b29bde0a924f27b2de5,fe363cef357840fcb35f320fe7c27e4e,36472797459c462e910846109fa624fc,13aca0959cc948cabeee0d7255f55a65,116f6c1f0cb54312986a0a729508a33e,8af25c7ae8e14435a6e27a5671968f50,91f0da6d71574ababd8e868bddec9310,1c6bbf19b3d2498696a5baf0f53a0f18,d7618b61a65a4bc1a0d0f2cc1bddc448
bc979d6c4eac47c3bd21510ffe22054c,91f0da6d71574ababd8e868bddec9310,8af25c7ae8e14435a6e27a5671968f50,116f6c1f0cb54312986a0a729508a33e,13aca0959cc948cabeee0d7255f55a65,fe363cef357840fcb35f320fe7c27e4e,8ad1f345ca194b29bde0a924f27b2de5,887e323cc38f4cf8adc5970617f1c286,36472797459c462e910846109fa624fc,1c6bbf19b3d2498696a5baf0f53a0f18,a8904adcdd21495f890bc614bfdbf86f
8033dc78a96946859252dbe5da10286d,d695b7afdc3841a28a56df578e56afce,6ea31a945d494834a3d243f1f90af02a,e12ad1ce8e7940a999b9a4f91a95fab7,f1c9c5051bdd4a11a064260bbb9d6d7b,f12e9e5805534d719f829332d1ea5d29,8dfe01febd46475ab5aef97033716ce1,daed5458403e49e3aea72f4bcc6dd224,ccb62901750b4d13a922fc161b607f83,87fc1d6a57ea488786caaec8599c3b8b,7226603f024c45c6a6e44b00e52e8aad
01ac48c3001b4c44a7b582ac608de711,e12ad1ce8e7940a999b9a4f91a95fab7,f1c9c5051bdd4a11a064260bbb9d6d7b,d695b7afdc3841a28a56df578e56afce,ccb62901750b4d13a922fc161b607f83,7226603f024c45c6a6e44b00e52e8aad,6866efc8987a4ec8b04b7abd28fb5777,f12e9e5805534d719f829332d1ea5d29,6ea31a945d494834a3d243f1f90af02a,8dfe01febd46475ab5aef97033716ce1,daed5458403e49e3aea72f4bcc6dd224
7c0d5434c5bc489793133ad27a07f74e,e12ad1ce8e7940a999b9a4f91a95fab7,f1c9c5051bdd4a11a064260bbb9d6d7b,d695b7afdc3841a28a56df578e56afce,ccb62901750b4d13a922fc161b607f83,6866efc8987a4ec8b04b7abd28fb5777,7226603f024c45c6a6e44b00e52e8aad,f12e9e5805534d719f829332d1ea5d29,87fc1d6a57ea488786caaec8599c3b8b,6ea31a945d494834a3d243f1f90af02a,a7077a82d2c74518b96fb45e35f6e150
37c59c24c4b344198d9d5abcdf597519,d695b7afdc3841a28a56df578e56afce,e12ad1ce8e7940a999b9a4f91a95fab7,f1c9c5051bdd4a11a064260bbb9d6d7b,f12e9e5805534d719f829332d1ea5d29,8dfe01febd46475ab5aef97033716ce1,6ea31a945d494834a3d243f1f90af02a,daed5458403e49e3aea72f4bcc6dd224,7226603f024c45c6a6e44b00e52e8aad,ccb62901750b4d13a922fc161b607f83,87fc1d6a57ea488786caaec8599c3b8b
70b93f2c45f0428a89fc7fd8ce0b6106,6ea31a945d494834a3d243f1f90af02a,d695b7afdc3841a28a56df578e56afce,daed5458403e49e3aea72f4bcc6dd224,8dfe01febd46475ab5aef97033716ce1,f12e9e5805534d719f829332d1ea5d29,e12ad1ce8e7940a999b9a4f91a95fab7,f1c9c5051bdd4a11a064260bbb9d6d7b,ad3d372fbf054ea1ad06cfcb7490df4b,6c874292dbcc49ff8bb8bbe5643593a5,ccb62901750b4d13a922fc161b607f83
b1b978d0d5a04bd69d56ef30d2af57e3,eb21a4e2b7bd43efbdf0c365415e7fef,22d9d5ad33e947fd857c5c4a8b7dfae1,268f8ec9f2734029a8e75857db56ccb3,245212a659504b9b9cdbaf1ab1d040ff,f69dcaceb6074ddebfe1dc7e5978fcff,7f23e27e5652406784fdc2dea3918125,444fa28d9ed54c82a522699041eae592,e0ff5d4ae0ec4871a49041d550cdcaa9,c14e45f5201b4038bdddddb238d888a3,cc78a6c92dfe4af49c2bd93f15e4f870
c63f586816974c308053ab40652e867f,eb21a4e2b7bd43efbdf0c365415e7fef,245212a659504b9b9cdbaf1ab1d040ff,22d9d5ad33e947fd857c5c4a8b7dfae1,b77d8b7bb0114c379139d280a9210e83,f69dcaceb6074ddebfe1dc7e5978fcff,268f8ec9f2734029a8e75857db56ccb3,9094e936e13641cc9bfcc7dc1408d86e,e79ae27b52fa4d54aa37735fd275c66e,70558882c04e46bd99d15e9786468418,30578712823948b086e3781343982938
6ea9898485944849b1119856b900eee9,eb21a4e2b7bd43efbdf0c365415e7fef,b69c17a10a55494d8caa56c33e8f4a56,25109e3a7df549e5b380aae716d71366,250d411ae270441085be3501b7b55d86,444fa28d9ed54c82a522699041eae592,22d9d5ad33e947fd857c5c4a8b7dfae1,e0ff5d4ae0ec4871a49041d550cdcaa9,db0c3a952e454b90aa4a68feb6a50e87,99830b8da7c24f909914f7bb167f3ea6,c14e45f5201b4038bdddddb238d888a3
e3fbe9aa3f674b32824114cc216c78ae,a5365055a36a4ec1bf5b0ce2ef949a35,4152360a4bea4cbbbfbe45ff3bf7f62b,f69dcaceb6074ddebfe1dc7e5978fcff,033f1514c78b49dd82148b94f6bcbeba,511fe9c8b20b4fda94969745238c9474,f5b766ea6abe4b5fb27d49cc3bc06020,93dc50abd35349f7923100dca2f41002,3b7d56c26da14b3a9b1cd52b5b35891b,9ffa09a2b9bd4da0ba98fc537ca68802,36ac84a73ad34261ad45cf569edb60af
db1e964f321c4227b0b29f870ee1f47e,f69dcaceb6074ddebfe1dc7e5978fcff,4422777ed51142a99aacf05f446cfea1,19593c97fef0474dbe6051e28338f1e9,de6ac628a786435f9925c8cc1d707d6b,a5365055a36a4ec1bf5b0ce2ef949a35,ffc5805e29a74be0a55b40318aa321d7,5537ddec608a4ec586ea068fa27547ca,e0ff5d4ae0ec4871a49041d550cdcaa9,033f1514c78b49dd82148b94f6bcbeba,8f0e477fc779414e9b47995c0b25a87d
8b132fbf58574d90aa4cf5ddc704b658,f69dcaceb6074ddebfe1dc7e5978fcff,19593c97fef0474dbe6051e28338f1e9,4422777ed51142a99aacf05f446cfea1,a5365055a36a4ec1bf5b0ce2ef949a35,ffc5805e29a74be0a55b40318aa321d7,de6ac628a786435f9925c8cc1d707d6b,e0ff5d4ae0ec4871a49041d550cdcaa9,033f1514c78b49dd82148b94f6bcbeba,cb75c6ef71cb4991805920f2894e0e96,9094e936e13641cc9bfcc7dc1408d86e
8cb387b1679843169efe77577286098c,ffc5805e29a74be0a55b40318aa321d7,de6ac628a786435f9925c8cc1d707d6b,19593c97fef0474dbe6051e28338f1e9,1aef014473b84ef9a0f799114fe516c9,f69dcaceb6074ddebfe1dc7e5978fcff,30578712823948b086e3781343982938,4422777ed51142a99aacf05f446cfea1,61d2391e8bc548b6bfa08f1ef2a0c47a,6400e3f6a14c492ba399bd414faca075,5537ddec608a4ec586ea068fa27547ca
bd22a678c6cc469fbcd9725604a12326,ffc5805e29a74be0a55b40318aa321d7,19593c97fef0474dbe6051e28338f1e9,de6ac628a786435f9925c8cc1d707d6b,30578712823948b086e3781343982938,f69dcaceb6074ddebfe1dc7e5978fcff,1aef014473b84ef9a0f799114fe516c9,4422777ed51142a99aacf05f446cfea1,6400e3f6a14c492ba399bd414faca075,033f1514c78b49dd82148b94f6bcbeba,9094e936e13641cc9bfcc7dc1408d86e
ee15d39bccb6404eb47fcb884d906454,bc607fd6000b43108e49b3d05688fe90,3e6a4b65a1004c08a6f3f570cf986c2f,f5d09519cf7647f8a107cd8fadd322e5,701ac1447f5a414e81156a56c3593a31,7e8a4a43e2f84dbb88e41cb24b3fe79f,31cf7db26a3249c5a6205b005662ddcf,a64f6232ee1e4357937008a327a63cf4,f879b316413f45d2b64bb25e3f45a667,7ab9086baf99475d8c93862a7dd36344,75801225047a4c019100660c13f1e0f1
ccb86f144be341ac9a6ff07647fc1e2f,31cf7db26a3249c5a6205b005662ddcf,f879b316413f45d2b64bb25e3f45a667,230b9ef63ea240e9b61a18f41473f942,701ac1447f5a414e81156a56c3593a31,f5d09519cf7647f8a107cd8fadd322e5,7ab9086baf99475d8c93862a7dd36344,43ee0103cba54b4e9d165717735ca0f6,cd764fbfae774d068af7549c648a02c9,3e6a4b65a1004c08a6f3f570cf986c2f,2b039224b54142d185a406b31fe01de2
de734ca5438c4b22a9e1d7e170c3c57c,7e8a4a43e2f84dbb88e41cb24b3fe79f,c74557a980e2428a9ffcc245278df692,5e2f1a45f7174f1aa39a194179985876,75801225047a4c019100660c13f1e0f1,bc607fd6000b43108e49b3d05688fe90,8b4e9e3d234e4eec99a7651e246bbfa3,e429a2e164a24919a12edcc8d4ea8f09,3e923b6e3ceb4901b77c9a18729546eb,5e0a2bc284cf4002914ae4e6aaef41e8,31cf7db26a3249c5a6205b005662ddcf
1b14bef50f7c4e24afcc755f17cc10df,7e8a4a43e2f84dbb88e41cb24b3fe79f,5e2f1a45f7174f1aa39a194179985876,3e923b6e3ceb4901b77c9a18729546eb,bc607fd6000b43108e49b3d05688fe90,31cf7db26a3249c5a6205b005662ddcf,c74557a980e2428a9ffcc245278df692,5e0a2bc284cf4002914ae4e6aaef41e8,8b4e9e3d234e4eec99a7651e246bbfa3,f5d09519cf7647f8a107cd8fadd322e5,75801225047a4c019100660c13f1e0f1
18283806841d46c39db8e7fd20713c52,36472797459c462e910846109fa624fc,887e323cc38f4cf8adc5970617f1c286,8ad1f345ca194b29bde0a924f27b2de5,91f0da6d71574ababd8e868bddec9310,fe363cef357840fcb35f320fe7c27e4e,d7618b61a65a4bc1a0d0f2cc1bddc448,13aca0959cc948cabeee0d7255f55a65,8af25c7ae8e14435a6e27a5671968f50,116f6c1f0cb54312986a0a729508a33e,8c5f38853679436ba434b6a696e43168
5e304e02eba04f73a50005680ad397d9,36472797459c462e910846109fa624fc,8ad1f345ca194b29bde0a924f27b2de5,887e323cc38f4cf8adc5970617f1c286,13aca0959cc948cabeee0d7255f55a65,fe363cef357840fcb35f320fe7c27e4e,91f0da6d71574ababd8e868bddec9310,8af25c7ae8e14435a6e27a5671968f50,116f6c1f0cb54312986a0a729508a33e,d7618b61a65a4bc1a0d0f2cc1bddc448,9a500a20b1ff4694acc31339a8d1349e
17746de5e371420092452c78a59017b4,7879fa4d4db046a2a8d195311b6e5789,bb84a4cf60c84a8d8e23276b1863d293,b64cef9df31c4e92a7b7ecd42f74f396,ef511457ee7c490c8e10eccf6e18fef6,88353d1136d24836816b073de62e5f50,b4dadb3ea3a04cc3932094471debce13,25afb6f7e9314af09008644bca5955b9,51c6049a18b84ee381d0512e40b67c0e,66cba49431224a3788f914d6a80165e1,76e41369a6794714a9fab6968839bfe6
496cf23a51bc496da75e8ef2f4847bd2,bb84a4cf60c84a8d8e23276b1863d293,7879fa4d4db046a2a8d195311b6e5789,b64cef9df31c4e92a7b7ecd42f74f396,6b4676aba2a746b3ab778315afc8ee82,66cba49431224a3788f914d6a80165e1,ef511457ee7c490c8e10eccf6e18fef6,51c6049a18b84ee381d0512e40b67c0e,76e41369a6794714a9fab6968839bfe6,ee89670285c74e27aa174dadf39fbca7,25afb6f7e9314af09008644bca5955b9
62d8c95fb6f24a1db3cd303bb5b85396,7879fa4d4db046a2a8d195311b6e5789,bb84a4cf60c84a8d8e23276b1863d293,b64cef9df31c4e92a7b7ecd42f74f396,ef511457ee7c490c8e10eccf6e18fef6,d2a03ea4b2d3439ca3dc6fe056ab0f04,b4dadb3ea3a04cc3932094471debce13,66cba49431224a3788f914d6a80165e1,ee89670285c74e27aa174dadf39fbca7,76e41369a6794714a9fab6968839bfe6,25afb6f7e9314af09008644bca5955b9
fa8048c81669437cb087918eab24b02b,be42a43f5186434db4f2815f768a9991,1c2b01416e3943e3b3c575e53c3f1d16,18ab15fbf00f42f7a410ec75f7592bea,d60986f4025d443ea58adba0e3d224a1,009be1c3430743ff9b054bdfcd6228d6,097c30a7f39a4a3abf6da2ca80cad3a5,236c362d8b664c93b41882c119df9706,e9428816b054499298745b742f128f65,bb5c7d03a54647d08b8c62deeb803271,36ee1613abf245cdbe93fef69b5f981f
b7d522798dc7498da4a40704cbb65a53,bb5c7d03a54647d08b8c62deeb803271,097c30a7f39a4a3abf6da2ca80cad3a5,47eb17da319d440aa52da8008c26327a,36ee1613abf245cdbe93fef69b5f981f,3574ab91c29940b3afc62354ae06b73b,009be1c3430743ff9b054bdfcd6228d6,be42a43f5186434db4f2815f768a9991,18ab15fbf00f42f7a410ec75f7592bea,236c362d8b664c93b41882c119df9706,6af17cec494c4373a95865d270a29171
23701e1499d04d6f890fffb1a8d95746,bb5c7d03a54647d08b8c62deeb803271,097c30a7f39a4a3abf6da2ca80cad3a5,47eb17da319d440aa52da8008c26327a,36ee1613abf245cdbe93fef69b5f981f,3574ab91c29940b3afc62354ae06b73b,be42a43f5186434db4f2815f768a9991,009be1c3430743ff9b054bdfcd6228d6,18ab15fbf00f42f7a410ec75f7592bea,236c362d8b664c93b41882c119df9706,6af17cec494c4373a95865d270a29171
d8e490c2dc4e457291f1e7bb4ca941f2,be42a43f5186434db4f2815f768a9991,18ab15fbf00f42f7a410ec75f7592bea,1c2b01416e3943e3b3c575e53c3f1d16,d60986f4025d443ea58adba0e3d224a1,009be1c3430743ff9b054bdfcd6228d6,bb5c7d03a54647d08b8c62deeb803271,097c30a7f39a4a3abf6da2ca80cad3a5,236c362d8b664c93b41882c119df9706,36ee1613abf245cdbe93fef69b5f981f,47eb17da319d440aa52da8008c26327a
e2c006dd97304dc5b599c8334ea91da4,f69bf682935e47e1b4c72d237becd13a,563043f180e54e238ad4876974e5db4c,de72d25d08da4b03ac6f6411ce30e07c,d53fa54d5536463ab0d87648dfc5fd78,42b6af4853fc465f83ec054f8f8289a4,6c6de17135be4f8c9423be633eaefcd4,5760084aabef4d8095b2d21902151f64,b44645c11ece4326a45f50fdc5d45dcf,52f20bd7eb50430c95f0916727880a1b,174581fc299840e18e827432c0cce4dc
180a003741a9400fb647528c1b5bcccf,42b6af4853fc465f83ec054f8f8289a4,563043f180e54e238ad4876974e5db4c,7d0190486da540718e4dc4ca4bd1f573,6c6de17135be4f8c9423be633eaefcd4,de72d25d08da4b03ac6f6411ce30e07c,f5b766ea6abe4b5fb27d49cc3bc06020,f69bf682935e47e1b4c72d237becd13a,7e8a4a43e2f84dbb88e41cb24b3fe79f,6c51b4f57ba0415f994756e944b11cee,5760084aabef4d8095b2d21902151f64
d9c92c59d5aa4726b77e009485c2ea31,42b6af4853fc465f83ec054f8f8289a4,563043f180e54e238ad4876974e5db4c,7d0190486da540718e4dc4ca4bd1f573,6c6de17135be4f8c9423be633eaefcd4,de72d25d08da4b03ac6f6411ce30e07c,6c51b4f57ba0415f994756e944b11cee,19b81e71e7f04ebcbfade9daa899ed3d,f69bf682935e47e1b4c72d237becd13a,f5b766ea6abe4b5fb27d49cc3bc06020,f6207eb593394ff78e2cb35057477422
11ce9ba7b6bc4478a9c51c05eeca19e6,94ed54abfdc74b04b0dcb19c278e66f4,2d43cf91509846e29ab4febd7781919f,c36ef11228124c438ed3256c9822b03d,86179aff3df24ff59b11e9a34974a3f4,0accd1d0138b49049d437c0d9b1c23c3,3766b26b53874893ae48693880e1942c,3aa003c1e31b476e999c3a808a1d5dc6,59f62d35b1ad451397b700b3dad25448,8350ea8cd6514c2c8d7b625abe7e895b,f69bf682935e47e1b4c72d237becd13a
95a503cfa55a48d6a01d293cc25399c0,2d43cf91509846e29ab4febd7781919f,94ed54abfdc74b04b0dcb19c278e66f4,86179aff3df24ff59b11e9a34974a3f4,59f62d35b1ad451397b700b3dad25448,65e30dd62cfa4dccb9ea4d908a9d6fab,27a0d24dc1e14b28a1f18456b29c93f1,059a284910e849efbbc7073b8681409f,68aefc97056440af874039a28497cf98,2fcf4a04d3654ffb9a5c1dfa3799e4f0,84ff5144597241bba5cbd3d0b21d220d
fdd0fecc1fbd4f8da6683ae92d766e3f,94ed54abfdc74b04b0dcb19c278e66f4,2d43cf91509846e29ab4febd7781919f,3766b26b53874893ae48693880e1942c,c36ef11228124c438ed3256c9822b03d,59f62d35b1ad451397b700b3dad25448,e7ee85dd47ca43eeb2fdcd70b802f0ec,b585a2970e9f421da236241f603883f2,0accd1d0138b49049d437c0d9b1c23c3,86179aff3df24ff59b11e9a34974a3f4,8350ea8cd6514c2c8d7b625abe7e895b
a63b30ed19774ee7bd8c65b80994011f,2d43cf91509846e29ab4febd7781919f,94ed54abfdc74b04b0dcb19c278e66f4,86179aff3df24ff59b11e9a34974a3f4,59f62d35b1ad451397b700b3dad25448,059a284910e849efbbc7073b8681409f,68aefc97056440af874039a28497cf98,cb550e5ff4694fe9a19eaa6588cef250,65e30dd62cfa4dccb9ea4d908a9d6fab,2fcf4a04d3654ffb9a5c1dfa3799e4f0,27a0d24dc1e14b28a1f18456b29c93f1
b7ee6050d7ff433da190380cbf6c568b,55c0b899937042c98162389b209aca7f,df0c94234d9d4890b5b4b95c441b3e9a,30f654c6e69e48888f9f42dd95ab3c77,78d0265d47df4f4cb7153da919763730,7dd5e88dfdd24cafab2c765939757354,5605fa1188974644937bbf92fec50e21,7199f2fe77824236a392e1f00a5bdfc3,db0c3a952e454b90aa4a68feb6a50e87,af532d6e5090478ba520505d5f9107f2,0568345606fa4a2c84ed4ea6c74639ee
9f79b85612a8457c9560f5188ba8de80,ed4449952a9e45339b76fc5f123cb917,5605fa1188974644937bbf92fec50e21,df0c94234d9d4890b5b4b95c441b3e9a,5a9a716f53364389864a4018d9e9c6c0,9094e936e13641cc9bfcc7dc1408d86e,79721c9bb6a54ecdb3d0a0f4011762c1,599feb1e512c43ad8c0a1845922acf78,01930613ce7d4a5f90ccf78d1e92a55d,3aaea7fa41fd43cdb88f8ef59062c5df,ff276acede2f4c14876ef47257758ae8
92842816932b4cedaf43f4075a7295f8,df0c94234d9d4890b5b4b95c441b3e9a,55c0b899937042c98162389b209aca7f,5605fa1188974644937bbf92fec50e21,78d0265d47df4f4cb7153da919763730,30f654c6e69e48888f9f42dd95ab3c77,ed4449952a9e45339b76fc5f123cb917,79721c9bb6a54ecdb3d0a0f4011762c1,7dd5e88dfdd24cafab2c765939757354,599feb1e512c43ad8c0a1845922acf78,7199f2fe77824236a392e1f00a5bdfc3
0ba88aef47574c8397c6bafc945b9a6d,7daa434073604cb98a04fefb55468dda,361f2b7f3f044907b3a331872fb18755,d43b0f94627d45918e18a80be127aa2c,3d3e8565d2f84e0cad5ae622f2909765,e8927e14983a43da900edd926dd35adb,6d3b4c95066e4dd8a6ad1c66b1c1ea4f,f91157bb8fca4a8e98db33591a76be9a,1ade4365590a4ac7865100d8c791e340,fc430b7683934be2aba12468b2409bb8,d716ea165223433a8d49b93e96989482
908bfd5077a44b398cdda1f6b068ef55,7daa434073604cb98a04fefb55468dda,361f2b7f3f044907b3a331872fb18755,3d3e8565d2f84e0cad5ae622f2909765,d43b0f94627d45918e18a80be127aa2c,e8927e14983a43da900edd926dd35adb,6d3b4c95066e4dd8a6ad1c66b1c1ea4f,fc430b7683934be2aba12468b2409bb8,d716ea165223433a8d49b93e96989482,dbb3fe11ad004895b302a84e7c066fcc,39e2b00e1cbd471488cf56f31d2cec7f
a165443e0d954522807ce0ab172fcdc5,361f2b7f3f044907b3a331872fb18755,7daa434073604cb98a04fefb55468dda,d43b0f94627d45918e18a80be127aa2c,d716ea165223433a8d49b93e96989482,e8927e14983a43da900edd926dd35adb,dbb3fe11ad004895b302a84e7c066fcc,059a284910e849efbbc7073b8681409f,f32f4607b4714e378831f924c5e6084d,fc430b7683934be2aba12468b2409bb8,6d3b4c95066e4dd8a6ad1c66b1c1ea4f
f9f0efaa4a6142a7919a132744822ef4,dd77b570036f40de9fdf49011bb9e2d8,39a08a87897f47d3bdbbdc5ed8c9cd7f,b5f237fefb38465bb6a068c9cf75ba31,3aa003c1e31b476e999c3a808a1d5dc6,26869cc099c44c4a86f6043476ab4890,65e30dd62cfa4dccb9ea4d908a9d6fab,cffbff4deb374fcf850c679899c6e3f8,7ef653f7e5f64e1b8bba73b9518b87b7,78809cb3c6b841a9b8b132133dd6bb96,8683a3ad55d84a78834fabe20cde5269
a1022ebe11dc4f2888d2400773e35559,b5f237fefb38465bb6a068c9cf75ba31,016e634d566b49c199d07357aae9bf33,cae139b6e4914ce7b0ef1e68b8b857eb,243dbbcdc67c42bfa6f32c47477adf6d,5537ddec608a4ec586ea068fa27547ca,2acbd3ec289a47f7b4108896ec632585,b90d74e80c37486eaee89b6fbab13671,8f0e477fc779414e9b47995c0b25a87d,71d4b4036e594d7399506e6fd9b88063,e3854d75221c4e38879a6106bb5c1941
095cc723607c4786bac59694c8e22fac,39a08a87897f47d3bdbbdc5ed8c9cd7f,26869cc099c44c4a86f6043476ab4890,dd77b570036f40de9fdf49011bb9e2d8,b277101390e1465685ef79bf3519f8d7,984058b7165d4c6385bec3c94afa9fb2,b5f237fefb38465bb6a068c9cf75ba31,f532294d68604bc2aa9ad8804a8c6d5f,02a3cd76ce534d188b4d5ac4778bd652,65e30dd62cfa4dccb9ea4d908a9d6fab,2acbd3ec289a47f7b4108896ec632585
f975925d733d40bd99cdc31b176a5add,26869cc099c44c4a86f6043476ab4890,39a08a87897f47d3bdbbdc5ed8c9cd7f,dd77b570036f40de9fdf49011bb9e2d8,2acbd3ec289a47f7b4108896ec632585,0daf8d5687b54d158f7f752884c42334,7ef653f7e5f64e1b8bba73b9518b87b7,02a3cd76ce534d188b4d5ac4778bd652,b5f237fefb38465bb6a068c9cf75ba31,24c55bb5cd694770ba895c7401da2ba5,bbdf9065122d499d9d8f80ad3e0ef6f3
f71566d731d04b0fa7d5306ca6d5d1a3,39a08a87897f47d3bdbbdc5ed8c9cd7f,26869cc099c44c4a86f6043476ab4890,dd77b570036f40de9fdf49011bb9e2d8,984058b7165d4c6385bec3c94afa9fb2,b277101390e1465685ef79bf3519f8d7,2acbd3ec289a47f7b4108896ec632585,b5f237fefb38465bb6a068c9cf75ba31,f532294d68604bc2aa9ad8804a8c6d5f,02a3cd76ce534d188b4d5ac4778bd652,7ef653f7e5f64e1b8bba73b9518b87b7
6e42a161c552498789623a17244a874b,ca544e6629b14e8fab5f7cb40d1ac88e,02a3cd76ce534d188b4d5ac4778bd652,e2e0c8c96aff4c00896ac6986bbb20c2,eeb3b60f34af40de850e065b475d8180,4c293487c809486585d65ed10b2cb1e4,5c09482fc8dc45bdbf7919f00dd540e0,0a2c24dead204be9ae36be358e1223f9,e0d8aee46b1d4d998858cd05027251b6,26b18153216b48d793b75598ddb54d77,24c55bb5cd694770ba895c7401da2ba5
947c873b63474e1c81b5f7d75177694b,e79ae27b52fa4d54aa37735fd275c66e,df7ea50171af48df81584ab7e8107d15,9094e936e13641cc9bfcc7dc1408d86e,5605fa1188974644937bbf92fec50e21,32aaca2a732f4272b237374d3cdeec90,b77d8b7bb0114c379139d280a9210e83,de6ac628a786435f9925c8cc1d707d6b,22d9d5ad33e947fd857c5c4a8b7dfae1,19593c97fef0474dbe6051e28338f1e9,ffc5805e29a74be0a55b40318aa321d7
1869a01128ef42e787aac2c1e61067fd,ca544e6629b14e8fab5f7cb40d1ac88e,bb84a4cf60c84a8d8e23276b1863d293,25afb6f7e9314af09008644bca5955b9,02a3cd76ce534d188b4d5ac4778bd652,88353d1136d24836816b073de62e5f50,7e17bbd109dc486c8f0a76f913782180,7879fa4d4db046a2a8d195311b6e5789,26b18153216b48d793b75598ddb54d77,04d24d1cf42b4f7787d8d300cbad6d50,ef511457ee7c490c8e10eccf6e18fef6
4e741c03bcf2485b841a422cf7af28e7,ca544e6629b14e8fab5f7cb40d1ac88e,04d24d1cf42b4f7787d8d300cbad6d50,bb84a4cf60c84a8d8e23276b1863d293,7e17bbd109dc486c8f0a76f913782180,dd36cc0867b94d55a43b82c1c9a0e95c,02a3cd76ce534d188b4d5ac4778bd652,e2e0c8c96aff4c00896ac6986bbb20c2,31a2675a2e944a1ab3b810cfb92ebd34,d0b6e9c1cc5341faba9e03c17767bc2e,5c09482fc8dc45bdbf7919f00dd540e0
3b718c2254b44a6b98577df37cfcf2e6,19098957d8c24cab95daa30c2baefd8f,0eb119aabc884795a4768c6d3e677ea1,8b038cd0dafd45d8b1ce75177ca3a76b,04fa591263664fb0a6868552ebd3590b,f92d16d3a970487094292439c3e00923,724a3f6551e74ad585bdeac9a75fd639,1419b2c686f44896a0ae2a43e93b5402,50a2129b83404b94889a01f4688ebafd,24c55bb5cd694770ba895c7401da2ba5,a4af9472683c4df0a86f9400c99c2b61
5c555c29b0864fed9559512fc8b56e7e,8b038cd0dafd45d8b1ce75177ca3a76b,19098957d8c24cab95daa30c2baefd8f,0eb119aabc884795a4768c6d3e677ea1,04fa591263664fb0a6868552ebd3590b,724a3f6551e74ad585bdeac9a75fd639,40a95697730046dcbb0d7ba1fe2109a6,e2e0c8c96aff4c00896ac6986bbb20c2,e88ce4cd350f43398a5c0ab8629cee72,a4af9472683c4df0a86f9400c99c2b61,50a2129b83404b94889a01f4688ebafd
62c7211abab24fcca853aeb2813a880d,9460474d89704a68aaa6ccb62310ae3d,191b01e1728e4583a8ead5a86db27370,e511c40ca6324803b5021e47b4e777f8,b40d3c588ad647ff85e397a6bc5f9d8b,bc13c2b0221744a29a8ddf56aa015df9,6c51b4f57ba0415f994756e944b11cee,89e983dca0a34b768e17b3871b9cea1e,99a52c93a3304ec18dab9206f98f2a8b,c1d504dfeded4b8bb3c07777b7c7abde,c78547bdc2e64ac8935559f7de2efd41
0883118ad1b2497ab0b9df2a1e2b16b9,9460474d89704a68aaa6ccb62310ae3d,e511c40ca6324803b5021e47b4e777f8,b40d3c588ad647ff85e397a6bc5f9d8b,bc13c2b0221744a29a8ddf56aa015df9,191b01e1728e4583a8ead5a86db27370,89e983dca0a34b768e17b3871b9cea1e,b3209c60460a437294e2b30a9e9d3f53,7326afe68eb64b63993b3dae022c645d,c1d504dfeded4b8bb3c07777b7c7abde,99a52c93a3304ec18dab9206f98f2a8b
f79a2bf431ab4c86b494e19d1845d00c,c66c6f1449d44728a2ef72de53dd6d5e,191b01e1728e4583a8ead5a86db27370,0592b57e490d4206a3f12eb004a0afe0,c78547bdc2e64ac8935559f7de2efd41,b40d3c588ad647ff85e397a6bc5f9d8b,ff276acede2f4c14876ef47257758ae8,3aaea7fa41fd43cdb88f8ef59062c5df,7199f2fe77824236a392e1f00a5bdfc3,01930613ce7d4a5f90ccf78d1e92a55d,b2992fe473124dd0b895cf81f59f6db6
a57e9b989c854296a345aa9dea1c5cb4,3f1c2bb09c4e4400b6ba19542fafce18,999a2b52a5004ee984e587d5a1327b23,9948a890ef25479e834f70944cb42eae,e8f18e4bdf054390a1768978dca8e430,7862a63720b34104abf5bfa44bc8178d,d476be2399b7424a88d242b771c32041,1e376f9d0945477983c8d851e4b2cf5e,b3209c60460a437294e2b30a9e9d3f53,eb21a4e2b7bd43efbdf0c365415e7fef,2e7836ee5e5144f5b63e6629b969a362
8c894f4ececa48fe8b64acf34a77674e,c66c6f1449d44728a2ef72de53dd6d5e,191b01e1728e4583a8ead5a86db27370,0592b57e490d4206a3f12eb004a0afe0,c78547bdc2e64ac8935559f7de2efd41,b40d3c588ad647ff85e397a6bc5f9d8b,01930613ce7d4a5f90ccf78d1e92a55d,ff276acede2f4c14876ef47257758ae8,3aaea7fa41fd43cdb88f8ef59062c5df,7199f2fe77824236a392e1f00a5bdfc3,b2992fe473124dd0b895cf81f59f6db6
8257521498a64a9fb7b41143b713373b,1027a336232c4454a9c4ae450a562788,19a124c6dad14a4fa7864463b081009c,c65af18670ea437c8986884645b3afe9,eff24b01b2f5428baa4c3fef6cb40d41,7199f2fe77824236a392e1f00a5bdfc3,1232f20e710b448e8c0538b9e84dab1c,52ee59901f3b4de884d7a6720538aed6,cf7476d6c96b4dcdb6f025b9291eb62b,6c874292dbcc49ff8bb8bbe5643593a5,69ac8397e9624bfd8aee237b9f9ea3b5
78188b8c0642428fb591262e5d86ce6d,19a124c6dad14a4fa7864463b081009c,c65af18670ea437c8986884645b3afe9,1027a336232c4454a9c4ae450a562788,f1c9c5051bdd4a11a064260bbb9d6d7b,84581d81d46d44bc99ffb8f871646a7a,6c874292dbcc49ff8bb8bbe5643593a5,9daaefe080b34656a0c7a54d2d6a1713,eff24b01b2f5428baa4c3fef6cb40d41,cf7476d6c96b4dcdb6f025b9291eb62b,b52468fc0af2435f9ba91939f72bbf6a
03d5ce4601154cbdad2bd459235427ad,1027a336232c4454a9c4ae450a562788,19a124c6dad14a4fa7864463b081009c,c65af18670ea437c8986884645b3afe9,1232f20e710b448e8c0538b9e84dab1c,7199f2fe77824236a392e1f00a5bdfc3,52ee59901f3b4de884d7a6720538aed6,eff24b01b2f5428baa4c3fef6cb40d41,69ac8397e9624bfd8aee237b9f9ea3b5,daed5458403e49e3aea72f4bcc6dd224,5a6f4a2f7f6a4b1fa146493472e6d721
e46f5e15b5ba480db90f0be1f5c6b070,c65af18670ea437c8986884645b3afe9,19a124c6dad14a4fa7864463b081009c,1027a336232c4454a9c4ae450a562788,4926607aafe749538c930e108275547e,eff24b01b2f5428baa4c3fef6cb40d41,b52468fc0af2435f9ba91939f72bbf6a,daed5458403e49e3aea72f4bcc6dd224,9daaefe080b34656a0c7a54d2d6a1713,6c874292dbcc49ff8bb8bbe5643593a5,ad42c467d0fe43dbb328073f9a16bc4d
0e8d635cc3e241ddbe108bab5a0f863f,c65af18670ea437c8986884645b3afe9,19a124c6dad14a4fa7864463b081009c,1027a336232c4454a9c4ae450a562788,eff24b01b2f5428baa4c3fef6cb40d41,b52468fc0af2435f9ba91939f72bbf6a,6c874292dbcc49ff8bb8bbe5643593a5,daed5458403e49e3aea72f4bcc6dd224,9daaefe080b34656a0c7a54d2d6a1713,ad42c467d0fe43dbb328073f9a16bc4d,64e74af099b0485f8b6e71ac73aa2cb8
b6a711f4ec9b4b1bb1bcd06f684f9c22,24c55bb5cd694770ba895c7401da2ba5,50a2129b83404b94889a01f4688ebafd,cdd73e0289aa4e2b87cd14e6ff5bd75e,0eb119aabc884795a4768c6d3e677ea1,097f2ce3b88c4d008488b9908076497e,1419b2c686f44896a0ae2a43e93b5402,e0d8aee46b1d4d998858cd05027251b6,04fa591263664fb0a6868552ebd3590b,8b038cd0dafd45d8b1ce75177ca3a76b,3e59b61eb70146308db2308b988b54cf
10346a6c05be419ba2fd6398a619c44e,24c55bb5cd694770ba895c7401da2ba5,50a2129b83404b94889a01f4688ebafd,cdd73e0289aa4e2b87cd14e6ff5bd75e,097f2ce3b88c4d008488b9908076497e,0eb119aabc884795a4768c6d3e677ea1,e2e0c8c96aff4c00896ac6986bbb20c2,7ef653f7e5f64e1b8bba73b9518b87b7,3e59b61eb70146308db2308b988b54cf,14f4db886cca4104877ac7d1d7a64133,7359a1cc20d54f96aeea121d7247b88d
c2b5ae1e1c2c49d39e7b25d5660dfc10,24c55bb5cd694770ba895c7401da2ba5,cdd73e0289aa4e2b87cd14e6ff5bd75e,50a2129b83404b94889a01f4688ebafd,0eb119aabc884795a4768c6d3e677ea1,e0d8aee46b1d4d998858cd05027251b6,097f2ce3b88c4d008488b9908076497e,14f4db886cca4104877ac7d1d7a64133,3e59b61eb70146308db2308b988b54cf,1419b2c686f44896a0ae2a43e93b5402,04fa591263664fb0a6868552ebd3590b
4a7c88e745974776bdca788eeafcb775,24c55bb5cd694770ba895c7401da2ba5,cdd73e0289aa4e2b87cd14e6ff5bd75e,50a2129b83404b94889a01f4688ebafd,0eb119aabc884795a4768c6d3e677ea1,3e59b61eb70146308db2308b988b54cf,097f2ce3b88c4d008488b9908076497e,e0d8aee46b1d4d998858cd05027251b6,e2e0c8c96aff4c00896ac6986bbb20c2,14f4db886cca4104877ac7d1d7a64133,19098957d8c24cab95daa30c2baefd8f
350aae48399c41099ec9c648db89df25,0ecfdd96e0054841883acba75e83b232,764b8280445d4023aecaa53cf7758932,90b560de76b149c09c7cd6efb3f12cfd,7fe9e665bf41491c9788941aa2894a10,d25e6f2fc8154dd7816f8f7a41bee12b,2839430464164d5ba00713b42d4d96e4,4a3d4daed4b24a1898551f0fd1ba44f1,7960902edf4b47d686f704441aa56b0e,6f8d80f8673144dfa7a4e09190442ab3,1da8cc33bb474411ae16db0233210125
09b37860da4b43c98172983e0ca57104,764b8280445d4023aecaa53cf7758932,f1eecad10a61421eb16b1be7435d9c19,c4b9d7a8d5d342459d2282589b3af293,ad054da7e1704a53931a341173f0605f,afaf2edba0ee4d58860a5a04e4aabc5c,66690895454847fea5a000202fbfab2e,2839430464164d5ba00713b42d4d96e4,1232f20e710b448e8c0538b9e84dab1c,d25e6f2fc8154dd7816f8f7a41bee12b,04537eabb0434eb2804d1220770b85a0
1a78505b4d0640aa9f35eb528818e54d,764b8280445d4023aecaa53cf7758932,0ecfdd96e0054841883acba75e83b232,7fe9e665bf41491c9788941aa2894a10,105ad424733e4cffa7c474b51e3980aa,ffe2740eee8c49b39b2ce41f9983bcb4,d25e6f2fc8154dd7816f8f7a41bee12b,61d2391e8bc548b6bfa08f1ef2a0c47a,c4b9d7a8d5d342459d2282589b3af293,6f8d80f8673144dfa7a4e09190442ab3,6c6de17135be4f8c9423be633eaefcd4
b2decece9a254aa29e885325d7e10a91,764b8280445d4023aecaa53cf7758932,7fe9e665bf41491c9788941aa2894a10,0ecfdd96e0054841883acba75e83b232,d25e6f2fc8154dd7816f8f7a41bee12b,189a3b686ad14c24b5e1a495f76dd239,2839430464164d5ba00713b42d4d96e4,105ad424733e4cffa7c474b51e3980aa,90b560de76b149c09c7cd6efb3f12cfd,c4b9d7a8d5d342459d2282589b3af293,ffe2740eee8c49b39b2ce41f9983bcb4
1ba78638d99a453298a17f233049c981,c1d504dfeded4b8bb3c07777b7c7abde,7d0190486da540718e4dc4ca4bd1f573,6c51b4f57ba0415f994756e944b11cee,babbeca1f6a244a2a11ea77a3855e70f,19b81e71e7f04ebcbfade9daa899ed3d,f5b766ea6abe4b5fb27d49cc3bc06020,b40d3c588ad647ff85e397a6bc5f9d8b,9460474d89704a68aaa6ccb62310ae3d,e511c40ca6324803b5021e47b4e777f8,42b6af4853fc465f83ec054f8f8289a4
e796ebb3bb6040dfb158ab774e2073f5,ab57f83304bc4005998bbd6bc063fb4f,b40d3c588ad647ff85e397a6bc5f9d8b,b3209c60460a437294e2b30a9e9d3f53,191b01e1728e4583a8ead5a86db27370,89e983dca0a34b768e17b3871b9cea1e,e511c40ca6324803b5021e47b4e777f8,0592b57e490d4206a3f12eb004a0afe0,99a52c93a3304ec18dab9206f98f2a8b,7326afe68eb64b63993b3dae022c645d,c78547bdc2e64ac8935559f7de2efd41
1ee672ab946e4272a171ede24ff00adb,c1d504dfeded4b8bb3c07777b7c7abde,b40d3c588ad647ff85e397a6bc5f9d8b,9460474d89704a68aaa6ccb62310ae3d,e511c40ca6324803b5021e47b4e777f8,babbeca1f6a244a2a11ea77a3855e70f,191b01e1728e4583a8ead5a86db27370,6c51b4f57ba0415f994756e944b11cee,ab57f83304bc4005998bbd6bc063fb4f,bc13c2b0221744a29a8ddf56aa015df9,19b81e71e7f04ebcbfade9daa899ed3d
b38d1801df8a4cad9d5ac01b703946cd,643fbbdd6b764ba9904a4ee67a86b9fd,b3209c60460a437294e2b30a9e9d3f53,89e983dca0a34b768e17b3871b9cea1e,b40d3c588ad647ff85e397a6bc5f9d8b,99a52c93a3304ec18dab9206f98f2a8b,e511c40ca6324803b5021e47b4e777f8,191b01e1728e4583a8ead5a86db27370,ab57f83304bc4005998bbd6bc063fb4f,8d595c7da42545c88052e7b213b6c97c,0592b57e490d4206a3f12eb004a0afe0
c93b2527aefe464c88f83b2c5c05a5f3,ab57f83304bc4005998bbd6bc063fb4f,b40d3c588ad647ff85e397a6bc5f9d8b,b3209c60460a437294e2b30a9e9d3f53,e511c40ca6324803b5021e47b4e777f8,89e983dca0a34b768e17b3871b9cea1e,99a52c93a3304ec18dab9206f98f2a8b,0592b57e490d4206a3f12eb004a0afe0,7326afe68eb64b63993b3dae022c645d,191b01e1728e4583a8ead5a86db27370,45f4192f485a49d9a75219ae4d0c41ee
6ba0f16f8a794139aa559865c689f392,de6ac628a786435f9925c8cc1d707d6b,ffc5805e29a74be0a55b40318aa321d7,61d2391e8bc548b6bfa08f1ef2a0c47a,19593c97fef0474dbe6051e28338f1e9,4422777ed51142a99aacf05f446cfea1,1aef014473b84ef9a0f799114fe516c9,30578712823948b086e3781343982938,f69dcaceb6074ddebfe1dc7e5978fcff,6400e3f6a14c492ba399bd414faca075,72a7e2ce22d045efbdbbab9c68f5d026
011e2395f6a74299aafef3ad4c6e1bd5,4422777ed51142a99aacf05f446cfea1,f69dcaceb6074ddebfe1dc7e5978fcff,19593c97fef0474dbe6051e28338f1e9,de6ac628a786435f9925c8cc1d707d6b,ffc5805e29a74be0a55b40318aa321d7,1aef014473b84ef9a0f799114fe516c9,e903085a3f944ad2a41c37306b4e6ab4,6400e3f6a14c492ba399bd414faca075,7d3d751215194e649a03457226f599d7,cb75c6ef71cb4991805920f2894e0e96
fbcfef1ef1bc43e3bf9e78155f27de0e,de6ac628a786435f9925c8cc1d707d6b,4422777ed51142a99aacf05f446cfea1,ffc5805e29a74be0a55b40318aa321d7,19593c97fef0474dbe6051e28338f1e9,30578712823948b086e3781343982938,1aef014473b84ef9a0f799114fe516c9,6400e3f6a14c492ba399bd414faca075,72a7e2ce22d045efbdbbab9c68f5d026,61d2391e8bc548b6bfa08f1ef2a0c47a,f69dcaceb6074ddebfe1dc7e5978fcff
e213427aa5fa426b826fb892aee20bcd,984058b7165d4c6385bec3c94afa9fb2,b277101390e1465685ef79bf3519f8d7,23199e1859544647893a97ea365c5c83,5537ddec608a4ec586ea068fa27547ca,39a08a87897f47d3bdbbdc5ed8c9cd7f,092cb872c8724c7681c50da9c6cfa252,26e55eb4d910464497d700bfdf5a36ca,cb75c6ef71cb4991805920f2894e0e96,a94cb58f1ca8456b96e39b5b1ebfb7ea,34b736136487439389c10cc6bd4e9f4e
4d0df524bcae4a17b817d5eb1edde03d,984058b7165d4c6385bec3c94afa9fb2,b277101390e1465685ef79bf3519f8d7,23199e1859544647893a97ea365c5c83,39a08a87897f47d3bdbbdc5ed8c9cd7f,8d595c7da42545c88052e7b213b6c97c,26e55eb4d910464497d700bfdf5a36ca,5537ddec608a4ec586ea068fa27547ca,a94cb58f1ca8456b96e39b5b1ebfb7ea,092cb872c8724c7681c50da9c6cfa252,17b5eb6fab65476f827dd355b4a20a55
2382285186b14233b2a574461eead3a9,b277101390e1465685ef79bf3519f8d7,984058b7165d4c6385bec3c94afa9fb2,23199e1859544647893a97ea365c5c83,39a08a87897f47d3bdbbdc5ed8c9cd7f,6400e3f6a14c492ba399bd414faca075,9c69642fab6749848e7ea7f5406a6da4,092cb872c8724c7681c50da9c6cfa252,43ee0103cba54b4e9d165717735ca0f6,5537ddec608a4ec586ea068fa27547ca,17b5eb6fab65476f827dd355b4a20a55
91918319e16747aa9a1d9dd6b13b960e,b277101390e1465685ef79bf3519f8d7,984058b7165d4c6385bec3c94afa9fb2,6400e3f6a14c492ba399bd414faca075,a94cb58f1ca8456b96e39b5b1ebfb7ea,ef8c056ecb524439a48c881089537951,cb75c6ef71cb4991805920f2894e0e96,39a08a87897f47d3bdbbdc5ed8c9cd7f,f6207eb593394ff78e2cb35057477422,016e634d566b49c199d07357aae9bf33,092cb872c8724c7681c50da9c6cfa252
de360956bf524b1783abb303a77d92b5,9daaefe080b34656a0c7a54d2d6a1713,b52468fc0af2435f9ba91939f72bbf6a,0592b57e490d4206a3f12eb004a0afe0,ad42c467d0fe43dbb328073f9a16bc4d,c78547bdc2e64ac8935559f7de2efd41,7326afe68eb64b63993b3dae022c645d,9460474d89704a68aaa6ccb62310ae3d,b40d3c588ad647ff85e397a6bc5f9d8b,5605fa1188974644937bbf92fec50e21,eff24b01b2f5428baa4c3fef6cb40d41
18eca8b91ef14435a8d3dc3cf888e60d,0592b57e490d4206a3f12eb004a0afe0,191b01e1728e4583a8ead5a86db27370,b40d3c588ad647ff85e397a6bc5f9d8b,7326afe68eb64b63993b3dae022c645d,c78547bdc2e64ac8935559f7de2efd41,9daaefe080b34656a0c7a54d2d6a1713,89e983dca0a34b768e17b3871b9cea1e,99a52c93a3304ec18dab9206f98f2a8b,ab57f83304bc4005998bbd6bc063fb4f,63ba014f9cc747ac87013da6be0ceab9
71a406ea72c94b068788a3f7435fb47e,0592b57e490d4206a3f12eb004a0afe0,191b01e1728e4583a8ead5a86db27370,b40d3c588ad647ff85e397a6bc5f9d8b,c78547bdc2e64ac8935559f7de2efd41,89e983dca0a34b768e17b3871b9cea1e,99a52c93a3304ec18dab9206f98f2a8b,63ba014f9cc747ac87013da6be0ceab9,7326afe68eb64b63993b3dae022c645d,ab57f83304bc4005998bbd6bc063fb4f,b3209c60460a437294e2b30a9e9d3f53
d67d3ded66fd47dcbd06a4e0d110046a,0cdb0f32850f4585a16de4886462bbe0,403835bbf2f1447188bcc78e062b0028,f335a944a27a4504a82ecf70c2d4a5e4,be8953cc364d46cebbcc2c2da2c348ab,e06d08ff594a4acbac12edf579743fcf,5e44915237fc4445b54b037e1c4e29a4,0c889c151e094b948c13b0275e660a9c,eabdd2813a954f9aa01f0eb8212ee387,cd6ce920d00e4d17a6cf04f9f7e550b7,d0e41bf891254ba0872f1641139f84f6
a1ee60380a8341b4a22b01efc9c91484,0cdb0f32850f4585a16de4886462bbe0,403835bbf2f1447188bcc78e062b0028,f335a944a27a4504a82ecf70c2d4a5e4,e06d08ff594a4acbac12edf579743fcf,be8953cc364d46cebbcc2c2da2c348ab,5e44915237fc4445b54b037e1c4e29a4,eabdd2813a954f9aa01f0eb8212ee387,0c889c151e094b948c13b0275e660a9c,7584980704ae4617bb27ca162cc9c5db,aa082284f9894b5aa210c179d59999b1
0ba701552aa94bf68368b5382edfd973,c3502ff31ce6459a96164c934f297562,0c889c151e094b948c13b0275e660a9c,13e659415ac84c7a81fc769111d43417,5537ddec608a4ec586ea068fa27547ca,1aef014473b84ef9a0f799114fe516c9,d0e41bf891254ba0872f1641139f84f6,dd77b570036f40de9fdf49011bb9e2d8,097f2ce3b88c4d008488b9908076497e,bdb0d45caa2a4943959f8f501e51132b,84ff5144597241bba5cbd3d0b21d220d
d80469792ba1435797dbbd8c826c4dcc,0c889c151e094b948c13b0275e660a9c,d0e41bf891254ba0872f1641139f84f6,076e2669c305401fb3afcfafdd6c79c7,cd6ce920d00e4d17a6cf04f9f7e550b7,403835bbf2f1447188bcc78e062b0028,be8953cc364d46cebbcc2c2da2c348ab,c3502ff31ce6459a96164c934f297562,0cdb0f32850f4585a16de4886462bbe0,eabdd2813a954f9aa01f0eb8212ee387,6b7b5d28293d4a5a8075f7f7dd231ddb
a2c9e517dc6d4e6bbbfc226aa45adb37,403835bbf2f1447188bcc78e062b0028,be8953cc364d46cebbcc2c2da2c348ab,e06d08ff594a4acbac12edf579743fcf,0cdb0f32850f4585a16de4886462bbe0,5e44915237fc4445b54b037e1c4e29a4,6b7b5d28293d4a5a8075f7f7dd231ddb,0c889c151e094b948c13b0275e660a9c,7584980704ae4617bb27ca162cc9c5db,d0e41bf891254ba0872f1641139f84f6,f335a944a27a4504a82ecf70c2d4a5e4
94e80e2185c943e49ef7d81012376cbc,3356a8a8c6ee4f30bc2b028e360d4471,5a6f4a2f7f6a4b1fa146493472e6d721,4a3d4daed4b24a1898551f0fd1ba44f1,3138244ae91040948d5bd6772e4075ea,19a124c6dad14a4fa7864463b081009c,d476be2399b7424a88d242b771c32041,70558882c04e46bd99d15e9786468418,0971af4212484a958eb0f60f93d1dfe0,b23a9c50eada4286a4f7ce8668b92db1,1027a336232c4454a9c4ae450a562788
dc79be5806cf4fa1b7fdf18adcb8af3d,4a3d4daed4b24a1898551f0fd1ba44f1,5a6f4a2f7f6a4b1fa146493472e6d721,3356a8a8c6ee4f30bc2b028e360d4471,0971af4212484a958eb0f60f93d1dfe0,5f65785004054c67a618fe43b6a30f56,ef60b54aa4b5490890da32d0bb8c9cbf,c3a741d302d94ee294bb6e4090fd2da9,5455e62f52ae4e03b2a5d0e8b9899506,fadf133e0e684a24ac79b5fa9515bac2,434551fdf9e443ed91679a9557ae6fd5
7301669f98674b658396f1d96eaf98d3,5a6f4a2f7f6a4b1fa146493472e6d721,3356a8a8c6ee4f30bc2b028e360d4471,4a3d4daed4b24a1898551f0fd1ba44f1,b23a9c50eada4286a4f7ce8668b92db1,70558882c04e46bd99d15e9786468418,ec580ac6dd7149fb8a0a5a5d8b0f5b08,434551fdf9e443ed91679a9557ae6fd5,444fa28d9ed54c82a522699041eae592,d476be2399b7424a88d242b771c32041,3138244ae91040948d5bd6772e4075ea
8d37ca8985e84bd297602e977ec9487a,4a3d4daed4b24a1898551f0fd1ba44f1,5a6f4a2f7f6a4b1fa146493472e6d721,3356a8a8c6ee4f30bc2b028e360d4471,0971af4212484a958eb0f60f93d1dfe0,5f65785004054c67a618fe43b6a30f56,ef60b54aa4b5490890da32d0bb8c9cbf,434551fdf9e443ed91679a9557ae6fd5,c3a741d302d94ee294bb6e4090fd2da9,57430214baf045cb92fa3b3b70a4ca3f,b33a0f5b564a4942b04046ab7a8e2aae
d7577481d2284677970ac7a876a6d295,3356a8a8c6ee4f30bc2b028e360d4471,5a6f4a2f7f6a4b1fa146493472e6d721,4a3d4daed4b24a1898551f0fd1ba44f1,0971af4212484a958eb0f60f93d1dfe0,70558882c04e46bd99d15e9786468418,3138244ae91040948d5bd6772e4075ea,434551fdf9e443ed91679a9557ae6fd5,19a124c6dad14a4fa7864463b081009c,d476be2399b7424a88d242b771c32041,1027a336232c4454a9c4ae450a562788
499f89e2519849bfbdcfb7f09d470c08,44156e6482884acaaee1938e04d8b6ff,dcfb738ebbc24f09bb680fe3a52b702e,44b3bc5953364d72a53edcf9fc4f1fed,7d6cdff8c9ac434196df803628fe9f62,21019944fc2c4838a682a6dcdc62c4ef,e4ee90d625d44a6d9adc138390eef0f8,408ae6a767874fc782467ec2f054ad15,70aa10580bfe4069bdaa5721ae2d29db,54e9bbd0093947a3bda5fef48ef7493d,e22e1ad3c1fc4493bcb7c9b923566ff7
1e4b598167924e35b74d3da0df1f2de1,796eade2ee4f466781d9f6669db43e48,b8da01ceddcb45a491a288ddbc658e90,2c3599a1611644f4908562f8fb8870d3,14ca42308d3141fba50b774042144343,dd9e8283197b473d8ffd502561bdaaec,a9d82bb43410405ca21b44a5e82e22b6,e4fcd30261804b089efa940359057ba2,ca0fe2dd97434e2ca7aecc38d4f1fcd9,189a3b686ad14c24b5e1a495f76dd239,f676e16c6a134bd5a7bbeee4590adcfe
c7bd4b551343446fb8edc262aec1a374,796eade2ee4f466781d9f6669db43e48,b8da01ceddcb45a491a288ddbc658e90,2c3599a1611644f4908562f8fb8870d3,a9d82bb43410405ca21b44a5e82e22b6,dd9e8283197b473d8ffd502561bdaaec,e4fcd30261804b089efa940359057ba2,1578afd6ce694d46ab6e24f965f51fd6,14ca42308d3141fba50b774042144343,9dd98c9126c44642a20711729f2e731e,d65e3a3657ae455e954b6d7221afc84c
219b73b7828646f9bb608aec046837ee,44156e6482884acaaee1938e04d8b6ff,dcfb738ebbc24f09bb680fe3a52b702e,44b3bc5953364d72a53edcf9fc4f1fed,7d6cdff8c9ac434196df803628fe9f62,21019944fc2c4838a682a6dcdc62c4ef,408ae6a767874fc782467ec2f054ad15,70aa10580bfe4069bdaa5721ae2d29db,8746ae2ca7514699b629b4d9b5fe95a7,54e9bbd0093947a3bda5fef48ef7493d,e4ee90d625d44a6d9adc138390eef0f8
9d11ca9aa5d24f68aab627b9e93e698b,3138244ae91040948d5bd6772e4075ea,70558882c04e46bd99d15e9786468418,3356a8a8c6ee4f30bc2b028e360d4471,0971af4212484a958eb0f60f93d1dfe0,5a6f4a2f7f6a4b1fa146493472e6d721,52ee59901f3b4de884d7a6720538aed6,9d09e3cd382c4d0ea0f6f50261e3e4c8,19a124c6dad14a4fa7864463b081009c,a70909d3ce0d4235913b5ce6a138dcce,25109e3a7df549e5b380aae716d71366
cc89d7fa93924af1a154d57f1f1cfbc3,70558882c04e46bd99d15e9786468418,3138244ae91040948d5bd6772e4075ea,b77d8b7bb0114c379139d280a9210e83,eb21a4e2b7bd43efbdf0c365415e7fef,1f3cf50fe1f947d8a56e02ebca441c4c,3356a8a8c6ee4f30bc2b028e360d4471,5a6f4a2f7f6a4b1fa146493472e6d721,19a124c6dad14a4fa7864463b081009c,0971af4212484a958eb0f60f93d1dfe0,6c874292dbcc49ff8bb8bbe5643593a5
a3a0aa5e67f44552af621d1abeb18c13,3138244ae91040948d5bd6772e4075ea,70558882c04e46bd99d15e9786468418,0971af4212484a958eb0f60f93d1dfe0,3356a8a8c6ee4f30bc2b028e360d4471,52ee59901f3b4de884d7a6720538aed6,25109e3a7df549e5b380aae716d71366,eb21a4e2b7bd43efbdf0c365415e7fef,d476be2399b7424a88d242b771c32041,5a6f4a2f7f6a4b1fa146493472e6d721,c750a2994555414790abb3281572bb42
2832c5b8870946c69ac69731c0ec1d68,70558882c04e46bd99d15e9786468418,3138244ae91040948d5bd6772e4075ea,fbfaa119f55a477984e42d80498f54d3,b77d8b7bb0114c379139d280a9210e83,0971af4212484a958eb0f60f93d1dfe0,cae139b6e4914ce7b0ef1e68b8b857eb,8f0e477fc779414e9b47995c0b25a87d,016e634d566b49c199d07357aae9bf33,b5f237fefb38465bb6a068c9cf75ba31,52ee59901f3b4de884d7a6720538aed6
1403f18946f64e94915e337242ec189f,556743bab70d4b75bafcf192fef95b16,be9e713988ba4bbba869885cad419259,db69f22fe72246ea85d33991961a649a,878e5c41be5c477e9f660ca361fdd727,0daf8d5687b54d158f7f752884c42334,a35fecee62a9432da0c413f65e895e8c,2fcf4a04d3654ffb9a5c1dfa3799e4f0,7359a1cc20d54f96aeea121d7247b88d,f4b7e6e902e344859cb041126b69ce3c,74de04f31db94a99b757685c91779412
104c41a52ade420c9d3dac7c3c0aaf80,be9e713988ba4bbba869885cad419259,556743bab70d4b75bafcf192fef95b16,f4b7e6e902e344859cb041126b69ce3c,7f0b453cc8c14156802497f5cbae9d62,db69f22fe72246ea85d33991961a649a,11e9586d6c7a443c8025278f8ef53b6d,b7f5c165ea2242709a2fb71f3a3f1bcb,ae3f42d57b3046a3821026173286a43e,878e5c41be5c477e9f660ca361fdd727,415641aa43724ed9bc4710302b77edc3
e8a3dc97d68d46b6b42514168c735abb,be9e713988ba4bbba869885cad419259,556743bab70d4b75bafcf192fef95b16,878e5c41be5c477e9f660ca361fdd727,8c674a7b65e24114a45dd3c861a7ccfc,8683a3ad55d84a78834fabe20cde5269,11e9586d6c7a443c8025278f8ef53b6d,f4b7e6e902e344859cb041126b69ce3c,0433768f874042a5b2d2e37ad9deae13,db69f22fe72246ea85d33991961a649a,4c67cc7a1ccc496db132636e3f4853a2
d93d116f2e364d0c956fe7f93f434129,cd6ce920d00e4d17a6cf04f9f7e550b7,403835bbf2f1447188bcc78e062b0028,d0e41bf891254ba0872f1641139f84f6,0cdb0f32850f4585a16de4886462bbe0,f335a944a27a4504a82ecf70c2d4a5e4,076e2669c305401fb3afcfafdd6c79c7,0c889c151e094b948c13b0275e660a9c,6b7b5d28293d4a5a8075f7f7dd231ddb,e06d08ff594a4acbac12edf579743fcf,5fc200cab89346658c9c91cce27e85fe
8b13db18ea734cf391e49a434b75757e,6b7b5d28293d4a5a8075f7f7dd231ddb,403835bbf2f1447188bcc78e062b0028,e06d08ff594a4acbac12edf579743fcf,be8953cc364d46cebbcc2c2da2c348ab,f335a944a27a4504a82ecf70c2d4a5e4,0c889c151e094b948c13b0275e660a9c,5e44915237fc4445b54b037e1c4e29a4,0cdb0f32850f4585a16de4886462bbe0,cd6ce920d00e4d17a6cf04f9f7e550b7,6bde760ad5d4485db9889b1bdc074005
89345620586f45b098d21a0c401cf8d7,cd6ce920d00e4d17a6cf04f9f7e550b7,403835bbf2f1447188bcc78e062b0028,6b7b5d28293d4a5a8075f7f7dd231ddb,0c889c151e094b948c13b0275e660a9c,d0e41bf891254ba0872f1641139f84f6,076e2669c305401fb3afcfafdd6c79c7,f335a944a27a4504a82ecf70c2d4a5e4,0cdb0f32850f4585a16de4886462bbe0,e06d08ff594a4acbac12edf579743fcf,6bde760ad5d4485db9889b1bdc074005
8169f7fd48544fa082dae25d882a787a,6b7b5d28293d4a5a8075f7f7dd231ddb,403835bbf2f1447188bcc78e062b0028,0c889c151e094b948c13b0275e660a9c,be8953cc364d46cebbcc2c2da2c348ab,5e44915237fc4445b54b037e1c4e29a4,e06d08ff594a4acbac12edf579743fcf,6bde760ad5d4485db9889b1bdc074005,2c8eafa0ff26437a862dc2224ab57073,d0e41bf891254ba0872f1641139f84f6,eabdd2813a954f9aa01f0eb8212ee387
7de9406e3c12409081f8c0ebc2127441,a35d7304347a4f81b1ccfb086956921c,2f0401170d104b47b0a8f087f69dee88,0433768f874042a5b2d2e37ad9deae13,b675be39e8ff421aa59811f146da945b,f92d16d3a970487094292439c3e00923,0daf8d5687b54d158f7f752884c42334,a5d5fb459a1844088e93ae557ab34afe,7359a1cc20d54f96aeea121d7247b88d,910827a15eac4e4b9005d8e46ad71f6e,0eb119aabc884795a4768c6d3e677ea1
d5f199eff49445b491565e80e55f8e53,b675be39e8ff421aa59811f146da945b,f92d16d3a970487094292439c3e00923,2f0401170d104b47b0a8f087f69dee88,a35d7304347a4f81b1ccfb086956921c,7359a1cc20d54f96aeea121d7247b88d,724a3f6551e74ad585bdeac9a75fd639,0433768f874042a5b2d2e37ad9deae13,98fbdf945d0c4206a48a4f7260e56017,42805d29975b400ea7c570fc45ec4938,14f4db886cca4104877ac7d1d7a64133
70e5632cb4e64b128fb44a897571245c,a35d7304347a4f81b1ccfb086956921c,2f0401170d104b47b0a8f087f69dee88,0433768f874042a5b2d2e37ad9deae13,b675be39e8ff421aa59811f146da945b,f92d16d3a970487094292439c3e00923,7359a1cc20d54f96aeea121d7247b88d,e6afe89ff7bc491193141c057083d8a8,0eb119aabc884795a4768c6d3e677ea1,a5d5fb459a1844088e93ae557ab34afe,0daf8d5687b54d158f7f752884c42334
aa61f461ceef43859129c5b33e8bd9a5,2f0401170d104b47b0a8f087f69dee88,b675be39e8ff421aa59811f146da945b,f92d16d3a970487094292439c3e00923,a35d7304347a4f81b1ccfb086956921c,0433768f874042a5b2d2e37ad9deae13,7359a1cc20d54f96aeea121d7247b88d,cdd73e0289aa4e2b87cd14e6ff5bd75e,0eb119aabc884795a4768c6d3e677ea1,0daf8d5687b54d158f7f752884c42334,dbb3fe11ad004895b302a84e7c066fcc
4095895ca5d6432d8c9ca23b6431250c,1ad0cf33e96243888d5f970195a75586,ca1a2a6308834baba3140b5ce8f81320,13cda6e8f2d948eeb5508288a172e76f,5a9a716f53364389864a4018d9e9c6c0,1aaf8edc37ea412b85e3d1b5c5317051,eee7f32249c5452ea36c8ed3a3540010,1b827db6f6cf4ecb850928c2f9e41de2,93dc50abd35349f7923100dca2f41002,ce4fdd5499f8498793c11e586f7da70c,da88fa5efc674368b593444ca950dff9
04d06c5defde4dbf85a0c11fdd459eb8,1ad0cf33e96243888d5f970195a75586,ca1a2a6308834baba3140b5ce8f81320,13cda6e8f2d948eeb5508288a172e76f,1aaf8edc37ea412b85e3d1b5c5317051,5a9a716f53364389864a4018d9e9c6c0,ce4fdd5499f8498793c11e586f7da70c,93dc50abd35349f7923100dca2f41002,da88fa5efc674368b593444ca950dff9,eee7f32249c5452ea36c8ed3a3540010,1b827db6f6cf4ecb850928c2f9e41de2
eef8e982ee854ffa9e9c5af62e17c155,ca1a2a6308834baba3140b5ce8f81320,1ad0cf33e96243888d5f970195a75586,5a9a716f53364389864a4018d9e9c6c0,93dc50abd35349f7923100dca2f41002,13cda6e8f2d948eeb5508288a172e76f,da88fa5efc674368b593444ca950dff9,6fc7a2cf0684475a82f6ff9be2c8e850,eee7f32249c5452ea36c8ed3a3540010,1b827db6f6cf4ecb850928c2f9e41de2,da61d9bc8f024a4aba18d5c3072b7838
5a7d3f99251048e2ac81d5ea8c49c767,eeb3b60f34af40de850e065b475d8180,1d70bc69b2f84bef9aa5fb0d9917e38d,e2e0c8c96aff4c00896ac6986bbb20c2,02a3cd76ce534d188b4d5ac4778bd652,ca544e6629b14e8fab5f7cb40d1ac88e,db69f22fe72246ea85d33991961a649a,24c55bb5cd694770ba895c7401da2ba5,5c09482fc8dc45bdbf7919f00dd540e0,5c644b51b1394a7b8fa0a9a6275c422d,0daf8d5687b54d158f7f752884c42334
eca00c36492249e08f99875a5e115d84,eeb3b60f34af40de850e065b475d8180,1d70bc69b2f84bef9aa5fb0d9917e38d,e2e0c8c96aff4c00896ac6986bbb20c2,5c09482fc8dc45bdbf7919f00dd540e0,02a3cd76ce534d188b4d5ac4778bd652,ca544e6629b14e8fab5f7cb40d1ac88e,24c55bb5cd694770ba895c7401da2ba5,db69f22fe72246ea85d33991961a649a,5c644b51b1394a7b8fa0a9a6275c422d,0daf8d5687b54d158f7f752884c42334
92e3b7a540a547d8ba02bddf82f83380,1d70bc69b2f84bef9aa5fb0d9917e38d,eeb3b60f34af40de850e065b475d8180,5c09482fc8dc45bdbf7919f00dd540e0,e2e0c8c96aff4c00896ac6986bbb20c2,2471f23cb9b64d35a72deed09c9c8975,dd36cc0867b94d55a43b82c1c9a0e95c,db69f22fe72246ea85d33991961a649a,04d24d1cf42b4f7787d8d300cbad6d50,24c55bb5cd694770ba895c7401da2ba5,02a3cd76ce534d188b4d5ac4778bd652
d5bfa4fffcc249fe89deb2d4410919b6,1d70bc69b2f84bef9aa5fb0d9917e38d,eeb3b60f34af40de850e065b475d8180,5c09482fc8dc45bdbf7919f00dd540e0,e2e0c8c96aff4c00896ac6986bbb20c2,2471f23cb9b64d35a72deed09c9c8975,dd36cc0867b94d55a43b82c1c9a0e95c,db69f22fe72246ea85d33991961a649a,097f2ce3b88c4d008488b9908076497e,24c55bb5cd694770ba895c7401da2ba5,5d5baf5ce88b4b529e28ab9c7c114148
578d9258cbf8456ba7d9f83130e02184,88353d1136d24836816b073de62e5f50,4a7fa5a1bafe4b6995e2920444ac07c4,7bbe3c76bcc04d73969f920d43fcc67d,6732de8994744decbb3306c74aaa7882,b4dadb3ea3a04cc3932094471debce13,26b18153216b48d793b75598ddb54d77,6fbdacd3d8814ea2a13e81ee1ec128f2,7879fa4d4db046a2a8d195311b6e5789,e88ce4cd350f43398a5c0ab8629cee72,ca544e6629b14e8fab5f7cb40d1ac88e
281e458eef7b4d77b67d424744237fbc,88353d1136d24836816b073de62e5f50,4a7fa5a1bafe4b6995e2920444ac07c4,7bbe3c76bcc04d73969f920d43fcc67d,b4dadb3ea3a04cc3932094471debce13,6732de8994744decbb3306c74aaa7882,7879fa4d4db046a2a8d195311b6e5789,26b18153216b48d793b75598ddb54d77,65e52d14d4d64d4fbad3de6ad319e745,e88ce4cd350f43398a5c0ab8629cee72,6fbdacd3d8814ea2a13e81ee1ec128f2
7f6fdd98bfc5410fb6c4afa8786e0b48,452d645d5bf4485185e996dcec9523e5,06a5f0cec6ce4170a02dad0ad4c55b1c,60e87368fe334a92b57088b03cccbfc1,655a618282cd4fa39a26f0967c033f4b,1419b2c686f44896a0ae2a43e93b5402,2b3ecf8be2b242f3b8a1e714390749fb,0eb119aabc884795a4768c6d3e677ea1,910827a15eac4e4b9005d8e46ad71f6e,595e438d2b394bb3a3259f47efd37ae8,a865b8d581b44104afe7c8508e3486f5
cb84a0b8bd52401daa4762d7975d4fc7,655a618282cd4fa39a26f0967c033f4b,595e438d2b394bb3a3259f47efd37ae8,60e87368fe334a92b57088b03cccbfc1,452d645d5bf4485185e996dcec9523e5,06a5f0cec6ce4170a02dad0ad4c55b1c,e0d8aee46b1d4d998858cd05027251b6,19098957d8c24cab95daa30c2baefd8f,0eb119aabc884795a4768c6d3e677ea1,1419b2c686f44896a0ae2a43e93b5402,2d812431f07c44f1a56a71c72766e0b0
05021100f4bb4885a338db368a83cc95,452d645d5bf4485185e996dcec9523e5,06a5f0cec6ce4170a02dad0ad4c55b1c,60e87368fe334a92b57088b03cccbfc1,1419b2c686f44896a0ae2a43e93b5402,655a618282cd4fa39a26f0967c033f4b,2b3ecf8be2b242f3b8a1e714390749fb,595e438d2b394bb3a3259f47efd37ae8,0eb119aabc884795a4768c6d3e677ea1,e0d8aee46b1d4d998858cd05027251b6,29088685e31a4d86b60b514e98117361
f7ad8b57414846b993e2ca44f3962ff1,06a5f0cec6ce4170a02dad0ad4c55b1c,452d645d5bf4485185e996dcec9523e5,e0d8aee46b1d4d998858cd05027251b6,655a618282cd4fa39a26f0967c033f4b,595e438d2b394bb3a3259f47efd37ae8,60e87368fe334a92b57088b03cccbfc1,1419b2c686f44896a0ae2a43e93b5402,2b3ecf8be2b242f3b8a1e714390749fb,cdd73e0289aa4e2b87cd14e6ff5bd75e,2d812431f07c44f1a56a71c72766e0b0
750cd38aa39e4281ad616eddc8f5a983,48c31b1e2ce94de8968fab433813fa91,c235728f290a44d6a5fc2e14111ae02e,ad054da7e1704a53931a341173f0605f,f1eecad10a61421eb16b1be7435d9c19,ec580ac6dd7149fb8a0a5a5d8b0f5b08,afaf2edba0ee4d58860a5a04e4aabc5c,66690895454847fea5a000202fbfab2e,9677dd2a3aae457a8079087ce4177e14,0e8487b2e6a2439b9e6623a1e2e5e19d,74bd120b8f714d03bc9dd1a703fe4d7f
c81df43d512e4bcb85b00b5f6763f6cc,c235728f290a44d6a5fc2e14111ae02e,48c31b1e2ce94de8968fab433813fa91,f1eecad10a61421eb16b1be7435d9c19,ad054da7e1704a53931a341173f0605f,66690895454847fea5a000202fbfab2e,afaf2edba0ee4d58860a5a04e4aabc5c,1232f20e710b448e8c0538b9e84dab1c,9677dd2a3aae457a8079087ce4177e14,74bd120b8f714d03bc9dd1a703fe4d7f,c14e45f5201b4038bdddddb238d888a3
a282371ee5c74dd98f0cada75271b7a7,48c31b1e2ce94de8968fab433813fa91,c235728f290a44d6a5fc2e14111ae02e,ad054da7e1704a53931a341173f0605f,f1eecad10a61421eb16b1be7435d9c19,0e8487b2e6a2439b9e6623a1e2e5e19d,66690895454847fea5a000202fbfab2e,afaf2edba0ee4d58860a5a04e4aabc5c,ec580ac6dd7149fb8a0a5a5d8b0f5b08,9677dd2a3aae457a8079087ce4177e14,74bd120b8f714d03bc9dd1a703fe4d7f
0dedf21ad5ea4607b710bc0cccbcc7b9,c235728f290a44d6a5fc2e14111ae02e,48c31b1e2ce94de8968fab433813fa91,f1eecad10a61421eb16b1be7435d9c19,ad054da7e1704a53931a341173f0605f,66690895454847fea5a000202fbfab2e,ec580ac6dd7149fb8a0a5a5d8b0f5b08,74bd120b8f714d03bc9dd1a703fe4d7f,9677dd2a3aae457a8079087ce4177e14,c14e45f5201b4038bdddddb238d888a3,1232f20e710b448e8c0538b9e84dab1c
aebc45203e45452db8eee17826ef2c46,e22e1ad3c1fc4493bcb7c9b923566ff7,8228c9eb29a542ba98c8b9b854eadaa4,e4ee90d625d44a6d9adc138390eef0f8,21019944fc2c4838a682a6dcdc62c4ef,7d6cdff8c9ac434196df803628fe9f62,dcfb738ebbc24f09bb680fe3a52b702e,b3a022950e444682a113cec5a0537f6a,54e9bbd0093947a3bda5fef48ef7493d,44156e6482884acaaee1938e04d8b6ff,c2b49382e2f34b1c90013236a5fbaef0
3e10372aff9641bb88682abca29e907e,8228c9eb29a542ba98c8b9b854eadaa4,e22e1ad3c1fc4493bcb7c9b923566ff7,21019944fc2c4838a682a6dcdc62c4ef,e4ee90d625d44a6d9adc138390eef0f8,dcfb738ebbc24f09bb680fe3a52b702e,7d6cdff8c9ac434196df803628fe9f62,c2b49382e2f34b1c90013236a5fbaef0,54e9bbd0093947a3bda5fef48ef7493d,b3a022950e444682a113cec5a0537f6a,35d06fce2df446569702778e2250bd82
9dce4a0759174753b62b3cb51b8fb679,d2a03ea4b2d3439ca3dc6fe056ab0f04,b0236c76ae244fd8aacbea7da10e55ca,7f5b658239034d35b7f4cf1c63cb388c,898eabaaa1a047e18aecbb1c5a8decbf,5e199f7727cc4910ad88dbd81ed1ec82,b64cef9df31c4e92a7b7ecd42f74f396,7879fa4d4db046a2a8d195311b6e5789,93bf0b86be094f68a9d308ca5ecfb4e3,a2612682d9854a30a7684c91c8619ec9,b83013f4c5524232814efa0f8651867f
5596e047713c4a59b1e70561fa034e37,b0236c76ae244fd8aacbea7da10e55ca,d2a03ea4b2d3439ca3dc6fe056ab0f04,bbdf9065122d499d9d8f80ad3e0ef6f3,74de04f31db94a99b757685c91779412,b4dadb3ea3a04cc3932094471debce13,b64cef9df31c4e92a7b7ecd42f74f396,ef511457ee7c490c8e10eccf6e18fef6,5e199f7727cc4910ad88dbd81ed1ec82,7f5b658239034d35b7f4cf1c63cb388c,04d24d1cf42b4f7787d8d300cbad6d50
6c348ea51c8b4750b956383a3b9a84c5,d2a03ea4b2d3439ca3dc6fe056ab0f04,b0236c76ae244fd8aacbea7da10e55ca,7f5b658239034d35b7f4cf1c63cb388c,898eabaaa1a047e18aecbb1c5a8decbf,5e199f7727cc4910ad88dbd81ed1ec82,b83013f4c5524232814efa0f8651867f,b64cef9df31c4e92a7b7ecd42f74f396,93bf0b86be094f68a9d308ca5ecfb4e3,ee89670285c74e27aa174dadf39fbca7,10b152bdafe94db8a93f7c374226a071
c56449c78d8549cd9d227e4693e51c7e,b0236c76ae244fd8aacbea7da10e55ca,d2a03ea4b2d3439ca3dc6fe056ab0f04,bbdf9065122d499d9d8f80ad3e0ef6f3,b64cef9df31c4e92a7b7ecd42f74f396,7f5b658239034d35b7f4cf1c63cb388c,74de04f31db94a99b757685c91779412,b4dadb3ea3a04cc3932094471debce13,898eabaaa1a047e18aecbb1c5a8decbf,ef511457ee7c490c8e10eccf6e18fef6,5e199f7727cc4910ad88dbd81ed1ec82
8a4a2cf4736e43f8b21f72daeffc76ee,29fb30a75c57451a85f310aa6423a662,73f684f538ea452cbb4fbecc2e8126a4,3c0f3b44c0844df49b5898406fe9195a,1393dac7d34b4c34b1a8091a5bea3663,b44645c11ece4326a45f50fdc5d45dcf,ee7c00877ae64dac87123a3d75251530,211ef3181e524685866fb8574d9bf456,67dd23cfd20f46dc82acc82c108a1dc6,ac5a760b45c146ec840193371cfb2d30,6bedb2d6ace34e18811b7f1206b2d1b0
f6bdc5e4c3894a41897ace2fe9061a90,73f684f538ea452cbb4fbecc2e8126a4,29fb30a75c57451a85f310aa6423a662,3c0f3b44c0844df49b5898406fe9195a,211ef3181e524685866fb8574d9bf456,67dd23cfd20f46dc82acc82c108a1dc6,ee7c00877ae64dac87123a3d75251530,b44645c11ece4326a45f50fdc5d45dcf,6bedb2d6ace34e18811b7f1206b2d1b0,1aaf8edc37ea412b85e3d1b5c5317051,66cba49431224a3788f914d6a80165e1
bf133adcf34f4470ae9ab34f8bcac84b,29fb30a75c57451a85f310aa6423a662,73f684f538ea452cbb4fbecc2e8126a4,1393dac7d34b4c34b1a8091a5bea3663,ee7c00877ae64dac87123a3d75251530,3c0f3b44c0844df49b5898406fe9195a,b44645c11ece4326a45f50fdc5d45dcf,ac5a760b45c146ec840193371cfb2d30,67dd23cfd20f46dc82acc82c108a1dc6,211ef3181e524685866fb8574d9bf456,02641488de414b72b63f62b40200b101
198ce01eda8e4bc0b31c457e65ddc39b,73f684f538ea452cbb4fbecc2e8126a4,29fb30a75c57451a85f310aa6423a662,3c0f3b44c0844df49b5898406fe9195a,ee7c00877ae64dac87123a3d75251530,211ef3181e524685866fb8574d9bf456,67dd23cfd20f46dc82acc82c108a1dc6,ce4fdd5499f8498793c11e586f7da70c,1aaf8edc37ea412b85e3d1b5c5317051,66cba49431224a3788f914d6a80165e1,6bedb2d6ace34e18811b7f1206b2d1b0
442c28225ce642b182163c39ab4c776b,31f80e4c87164e2893375ec7e73b372e,b85d652ba8d244f8ab9e941966094f28,c4e79c8992e54866b0c6f26c55b1a774,59e4dcf2794943b18fb902a6eb475ff8,52f20bd7eb50430c95f0916727880a1b,03df72bcf3504272a27f4bbaea89118a,664da77d25e74df693eaad44a5e7617f,4385ac4645b34f3c8a44c4676ebcd8be,b44645c11ece4326a45f50fdc5d45dcf,f9fe93fae6084350b81964d354e2130f
bc44523c44214d88ac687d8e05a28a8a,31f80e4c87164e2893375ec7e73b372e,b85d652ba8d244f8ab9e941966094f28,c4e79c8992e54866b0c6f26c55b1a774,59e4dcf2794943b18fb902a6eb475ff8,4385ac4645b34f3c8a44c4676ebcd8be,03df72bcf3504272a27f4bbaea89118a,52f20bd7eb50430c95f0916727880a1b,db2466dc7da64ac5a2a21c20ace67856,664da77d25e74df693eaad44a5e7617f,db620271348d404a9a0b978d96c63f29
e41cc56f88244ce7a26e583bd54f506f,b85d652ba8d244f8ab9e941966094f28,31f80e4c87164e2893375ec7e73b372e,c4e79c8992e54866b0c6f26c55b1a774,59e4dcf2794943b18fb902a6eb475ff8,52f20bd7eb50430c95f0916727880a1b,03df72bcf3504272a27f4bbaea89118a,664da77d25e74df693eaad44a5e7617f,4385ac4645b34f3c8a44c4676ebcd8be,f9fe93fae6084350b81964d354e2130f,db2466dc7da64ac5a2a21c20ace67856
b6cd550fbc9a48008039483d12ad44eb,b85d652ba8d244f8ab9e941966094f28,31f80e4c87164e2893375ec7e73b372e,c4e79c8992e54866b0c6f26c55b1a774,664da77d25e74df693eaad44a5e7617f,b44645c11ece4326a45f50fdc5d45dcf,f9fe93fae6084350b81964d354e2130f,52f20bd7eb50430c95f0916727880a1b,59e4dcf2794943b18fb902a6eb475ff8,03df72bcf3504272a27f4bbaea89118a,4385ac4645b34f3c8a44c4676ebcd8be
d425f86b0d264c76a6ff6edbbb718fd8,f7f600880b064920ab59b907d26aedc6,f9fe93fae6084350b81964d354e2130f,af532d6e5090478ba520505d5f9107f2,361f2b7f3f044907b3a331872fb18755,c4e79c8992e54866b0c6f26c55b1a774,37ae696e40dd42ebb4738722daa3c523,77d8e01a914d4f4a8b87d407e0d741aa,bc607fd6000b43108e49b3d05688fe90,5be48a6bc26044f2a2e4e9b6a223c319,597aab8bb15240f89fd1b24a8e38258d
a0ef1a7a1e304bfe91a8c12abf972c6c,d9096650c434432c871effeca9acd5c6,ba8d0208e32e42969bd4349cf24f6ed1,0b57f893483647c3aed811775a4c4c04,da14e9dc2c3d4963b725de8102de5028,a055f8188384479a8bad418f7dffd9a5,4d5cbe57c3094d01843e4f950a280b50,f8e7f9688fd546829da579434180ffee,baad022010b44fad8d8410869d909fd1,f532294d68604bc2aa9ad8804a8c6d5f,f7f600880b064920ab59b907d26aedc6
d8ec79e0dcba49fcaa2e32c4a56d98fe,7f23e27e5652406784fdc2dea3918125,ee7c00877ae64dac87123a3d75251530,1393dac7d34b4c34b1a8091a5bea3663,b69c17a10a55494d8caa56c33e8f4a56,fb8c2b83e46441c2aaa7c81d3642e2da,268f8ec9f2734029a8e75857db56ccb3,0d0973762130427eaa2ce9a7a34517db,e0ff5d4ae0ec4871a49041d550cdcaa9,22d9d5ad33e947fd857c5c4a8b7dfae1,cc78a6c92dfe4af49c2bd93f15e4f870
88e851f978154b16a0a01f8df5255703,b69c17a10a55494d8caa56c33e8f4a56,0d0973762130427eaa2ce9a7a34517db,1393dac7d34b4c34b1a8091a5bea3663,fb8c2b83e46441c2aaa7c81d3642e2da,db0c3a952e454b90aa4a68feb6a50e87,7f23e27e5652406784fdc2dea3918125,174581fc299840e18e827432c0cce4dc,268f8ec9f2734029a8e75857db56ccb3,99830b8da7c24f909914f7bb167f3ea6,0568345606fa4a2c84ed4ea6c74639ee
3ad82a6c3cc7421199dabde4d1c630d1,7f23e27e5652406784fdc2dea3918125,1393dac7d34b4c34b1a8091a5bea3663,b69c17a10a55494d8caa56c33e8f4a56,e0ff5d4ae0ec4871a49041d550cdcaa9,99830b8da7c24f909914f7bb167f3ea6,0d0973762130427eaa2ce9a7a34517db,d87e5facd03b45f9829e8a1cd0fe0190,250d411ae270441085be3501b7b55d86,fb8c2b83e46441c2aaa7c81d3642e2da,30f654c6e69e48888f9f42dd95ab3c77
957fd0aaa98b49cd8b0aeeeff8fe554a,7f23e27e5652406784fdc2dea3918125,ee7c00877ae64dac87123a3d75251530,1393dac7d34b4c34b1a8091a5bea3663,fb8c2b83e46441c2aaa7c81d3642e2da,b69c17a10a55494d8caa56c33e8f4a56,e0ff5d4ae0ec4871a49041d550cdcaa9,cc78a6c92dfe4af49c2bd93f15e4f870,22d9d5ad33e947fd857c5c4a8b7dfae1,66f4c650b7ca48f1bc27f9daff8d312a,268f8ec9f2734029a8e75857db56ccb3
3ae64cd8d99e463d84ad390f0770863a,8dfbb6a204a0441492c35baca6190969,57430214baf045cb92fa3b3b70a4ca3f,44f41e6e6faa4facb0bb9a72205229f8,ad3d372fbf054ea1ad06cfcb7490df4b,eafb3480db704d7baa8216ce857d1610,ef60b54aa4b5490890da32d0bb8c9cbf,d476be2399b7424a88d242b771c32041,5f65785004054c67a618fe43b6a30f56,bdb0d45caa2a4943959f8f501e51132b,0971af4212484a958eb0f60f93d1dfe0
83caabc655aa413fa28ce75908fc82c3,8dfbb6a204a0441492c35baca6190969,57430214baf045cb92fa3b3b70a4ca3f,44f41e6e6faa4facb0bb9a72205229f8,ad3d372fbf054ea1ad06cfcb7490df4b,eafb3480db704d7baa8216ce857d1610,d476be2399b7424a88d242b771c32041,2acbd3ec289a47f7b4108896ec632585,5f65785004054c67a618fe43b6a30f56,0971af4212484a958eb0f60f93d1dfe0,ef60b54aa4b5490890da32d0bb8c9cbf
b2a8b82d886042029e4d7b75f606d3f7,57430214baf045cb92fa3b3b70a4ca3f,8dfbb6a204a0441492c35baca6190969,5f65785004054c67a618fe43b6a30f56,ad3d372fbf054ea1ad06cfcb7490df4b,44f41e6e6faa4facb0bb9a72205229f8,ef60b54aa4b5490890da32d0bb8c9cbf,eafb3480db704d7baa8216ce857d1610,d476be2399b7424a88d242b771c32041,5a6f4a2f7f6a4b1fa146493472e6d721,2acbd3ec289a47f7b4108896ec632585
5ed3368f73bb44e6b4ad520a68661e92,57430214baf045cb92fa3b3b70a4ca3f,8dfbb6a204a0441492c35baca6190969,5f65785004054c67a618fe43b6a30f56,44f41e6e6faa4facb0bb9a72205229f8,ad3d372fbf054ea1ad06cfcb7490df4b,ef60b54aa4b5490890da32d0bb8c9cbf,0971af4212484a958eb0f60f93d1dfe0,eafb3480db704d7baa8216ce857d1610,2acbd3ec289a47f7b4108896ec632585,d476be2399b7424a88d242b771c32041
55b8c9724a3a454c9e37de654b24d293,4926607aafe749538c930e108275547e,f5b766ea6abe4b5fb27d49cc3bc06020,2e7836ee5e5144f5b63e6629b969a362,c65af18670ea437c8986884645b3afe9,eff24b01b2f5428baa4c3fef6cb40d41,78809cb3c6b841a9b8b132133dd6bb96,d87bd2402bef4672be17b62cec113ba8,de72d25d08da4b03ac6f6411ce30e07c,5cfb876eeb4f410aa1282cc279f0e546,3cb231e1167e45f9bf5771a4e0074092
515bbdb925064e5080053f5a3bfa72c2,f5b766ea6abe4b5fb27d49cc3bc06020,64fc9fe3c8d5424ebc005e5cf4a608db,c1d504dfeded4b8bb3c07777b7c7abde,4926607aafe749538c930e108275547e,7d0190486da540718e4dc4ca4bd1f573,36ac84a73ad34261ad45cf569edb60af,42b6af4853fc465f83ec054f8f8289a4,19b81e71e7f04ebcbfade9daa899ed3d,b2992fe473124dd0b895cf81f59f6db6,de72d25d08da4b03ac6f6411ce30e07c
bd68648028064b068d1c788b7b8b35cf,4926607aafe749538c930e108275547e,c65af18670ea437c8986884645b3afe9,19a124c6dad14a4fa7864463b081009c,eff24b01b2f5428baa4c3fef6cb40d41,f5b766ea6abe4b5fb27d49cc3bc06020,b52468fc0af2435f9ba91939f72bbf6a,1027a336232c4454a9c4ae450a562788,2e7836ee5e5144f5b63e6629b969a362,52ee59901f3b4de884d7a6720538aed6,78809cb3c6b841a9b8b132133dd6bb96
191675e5da5649c9ad0e649fba7469fd,f5b766ea6abe4b5fb27d49cc3bc06020,64fc9fe3c8d5424ebc005e5cf4a608db,c1d504dfeded4b8bb3c07777b7c7abde,4926607aafe749538c930e108275547e,baf841bad27c456c9de7227555ea3ef8,babbeca1f6a244a2a11ea77a3855e70f,a5365055a36a4ec1bf5b0ce2ef949a35,36ac84a73ad34261ad45cf569edb60af,033f1514c78b49dd82148b94f6bcbeba,42b6af4853fc465f83ec054f8f8289a4
917a01f6ae4049189b017ae05f4e8282,ef60b54aa4b5490890da32d0bb8c9cbf,c3a741d302d94ee294bb6e4090fd2da9,b33a0f5b564a4942b04046ab7a8e2aae,5f65785004054c67a618fe43b6a30f56,eafb3480db704d7baa8216ce857d1610,44f41e6e6faa4facb0bb9a72205229f8,7f0a68d19d2e4850846ffc08c47ed87d,199647bd1328406c83c5a875154f97d9,ad3d372fbf054ea1ad06cfcb7490df4b,2471f23cb9b64d35a72deed09c9c8975
8099552462944c5483e6c7e77019cd09,ef60b54aa4b5490890da32d0bb8c9cbf,c3a741d302d94ee294bb6e4090fd2da9,b33a0f5b564a4942b04046ab7a8e2aae,eafb3480db704d7baa8216ce857d1610,5f65785004054c67a618fe43b6a30f56,7f0a68d19d2e4850846ffc08c47ed87d,199647bd1328406c83c5a875154f97d9,44f41e6e6faa4facb0bb9a72205229f8,32aaca2a732f4272b237374d3cdeec90,e79ae27b52fa4d54aa37735fd275c66e
a9a932d9787f4b1c9d13926b41d68e8e,ef60b54aa4b5490890da32d0bb8c9cbf,c3a741d302d94ee294bb6e4090fd2da9,eafb3480db704d7baa8216ce857d1610,2471f23cb9b64d35a72deed09c9c8975,199647bd1328406c83c5a875154f97d9,b33a0f5b564a4942b04046ab7a8e2aae,44f41e6e6faa4facb0bb9a72205229f8,5f65785004054c67a618fe43b6a30f56,1f3cf50fe1f947d8a56e02ebca441c4c,5a6f4a2f7f6a4b1fa146493472e6d721
69a7253a5317474a980b4e9538e2df59,cae139b6e4914ce7b0ef1e68b8b857eb,243dbbcdc67c42bfa6f32c47477adf6d,e3854d75221c4e38879a6106bb5c1941,13e659415ac84c7a81fc769111d43417,3cb231e1167e45f9bf5771a4e0074092,476ce3ffff564a5aa985808e7d2cab17,8c674a7b65e24114a45dd3c861a7ccfc,b6c493a3666c4db193e86c79faf099ab,8f0e477fc779414e9b47995c0b25a87d,f65b6fb5b40a49d1896de7a115469d40
54e1f0b191a74c1fbe587bd189dbefde,1232f20e710b448e8c0538b9e84dab1c,ad054da7e1704a53931a341173f0605f,f1eecad10a61421eb16b1be7435d9c19,e1c63000ace94c1d9381d82389fe6afd,66690895454847fea5a000202fbfab2e,b3209c60460a437294e2b30a9e9d3f53,afaf2edba0ee4d58860a5a04e4aabc5c,04537eabb0434eb2804d1220770b85a0,a7077a82d2c74518b96fb45e35f6e150,c235728f290a44d6a5fc2e14111ae02e
eab46b3eacfd4c65a5d3acea93bcd635,cae139b6e4914ce7b0ef1e68b8b857eb,243dbbcdc67c42bfa6f32c47477adf6d,3cb231e1167e45f9bf5771a4e0074092,13e659415ac84c7a81fc769111d43417,e3854d75221c4e38879a6106bb5c1941,8c674a7b65e24114a45dd3c861a7ccfc,476ce3ffff564a5aa985808e7d2cab17,8f0e477fc779414e9b47995c0b25a87d,b5f237fefb38465bb6a068c9cf75ba31,016e634d566b49c199d07357aae9bf33
77ba7373423f4871aa84b0e9e90558da,1232f20e710b448e8c0538b9e84dab1c,f1eecad10a61421eb16b1be7435d9c19,ad054da7e1704a53931a341173f0605f,66690895454847fea5a000202fbfab2e,e1c63000ace94c1d9381d82389fe6afd,afaf2edba0ee4d58860a5a04e4aabc5c,a7077a82d2c74518b96fb45e35f6e150,c235728f290a44d6a5fc2e14111ae02e,04537eabb0434eb2804d1220770b85a0,b3209c60460a437294e2b30a9e9d3f53
ada711f5328244f298daf7e98150c7b2,ffe2740eee8c49b39b2ce41f9983bcb4,0cc5015848a044b59fa4b290813f859c,8b4e9e3d234e4eec99a7651e246bbfa3,64fc9fe3c8d5424ebc005e5cf4a608db,b8995466f0eb4e7ba141e23216e8b974,3e923b6e3ceb4901b77c9a18729546eb,c750a2994555414790abb3281572bb42,0092d1d820c64646b8bee9fd14f77acf,3675c688960a4f3b9f82c4ccf4049e93,7e8a4a43e2f84dbb88e41cb24b3fe79f
b59f7290ee4240fba85223d721d2aefe,ffe2740eee8c49b39b2ce41f9983bcb4,0cc5015848a044b59fa4b290813f859c,8b4e9e3d234e4eec99a7651e246bbfa3,64fc9fe3c8d5424ebc005e5cf4a608db,3e923b6e3ceb4901b77c9a18729546eb,b8995466f0eb4e7ba141e23216e8b974,c750a2994555414790abb3281572bb42,0092d1d820c64646b8bee9fd14f77acf,5e0a2bc284cf4002914ae4e6aaef41e8,d75a52d716984f318f976bbfc7bee787
d8235671d5bc44ea9bb7b027f4c3bb3e,77ce0587a12b46bab8814225ba86753e,71c1a8479b194efca65b44fb7f327afb,d8b3ad3b5c4e474db41a671ab286424f,b2bcb4d9456c4763a0159ffd1f3660bb,b98519f97e424c1389f5553f0869b15a,cb2505b30d8a4dc086c353cf94424b6d,7d3d751215194e649a03457226f599d7,1e376f9d0945477983c8d851e4b2cf5e,0433768f874042a5b2d2e37ad9deae13,70aa10580bfe4069bdaa5721ae2d29db
518f59c8010c4dd48362de2cb03f5167,77ce0587a12b46bab8814225ba86753e,71c1a8479b194efca65b44fb7f327afb,d8b3ad3b5c4e474db41a671ab286424f,b2bcb4d9456c4763a0159ffd1f3660bb,1e376f9d0945477983c8d851e4b2cf5e,0433768f874042a5b2d2e37ad9deae13,f92d16d3a970487094292439c3e00923,a4af9472683c4df0a86f9400c99c2b61,70aa10580bfe4069bdaa5721ae2d29db,fc430b7683934be2aba12468b2409bb8
c313a0d413ec48a6a2cbd1df9d98d820,71c1a8479b194efca65b44fb7f327afb,77ce0587a12b46bab8814225ba86753e,1e376f9d0945477983c8d851e4b2cf5e,b98519f97e424c1389f5553f0869b15a,5f481b07f9734f518a14853831233b78,0433768f874042a5b2d2e37ad9deae13,d8b3ad3b5c4e474db41a671ab286424f,b2bcb4d9456c4763a0159ffd1f3660bb,f92d16d3a970487094292439c3e00923,c588868fc3fd4e87a7cddf1ceb00b022
83661848dd63461885371664f7c4bc51,71c1a8479b194efca65b44fb7f327afb,77ce0587a12b46bab8814225ba86753e,1e376f9d0945477983c8d851e4b2cf5e,b98519f97e424c1389f5553f0869b15a,5f481b07f9734f518a14853831233b78,0433768f874042a5b2d2e37ad9deae13,b2bcb4d9456c4763a0159ffd1f3660bb,cb2505b30d8a4dc086c353cf94424b6d,d8b3ad3b5c4e474db41a671ab286424f,f92d16d3a970487094292439c3e00923
0b47b27e631a492c8956eba727078681,3e59b61eb70146308db2308b988b54cf,14f4db886cca4104877ac7d1d7a64133,50a2129b83404b94889a01f4688ebafd,0eb119aabc884795a4768c6d3e677ea1,a4af9472683c4df0a86f9400c99c2b61,24c55bb5cd694770ba895c7401da2ba5,cdd73e0289aa4e2b87cd14e6ff5bd75e,7359a1cc20d54f96aeea121d7247b88d,98fbdf945d0c4206a48a4f7260e56017,19098957d8c24cab95daa30c2baefd8f
d0e0af0e83ea4c3b855152177e8295c4,a4af9472683c4df0a86f9400c99c2b61,98fbdf945d0c4206a48a4f7260e56017,f92d16d3a970487094292439c3e00923,0eb119aabc884795a4768c6d3e677ea1,724a3f6551e74ad585bdeac9a75fd639,19098957d8c24cab95daa30c2baefd8f,04fa591263664fb0a6868552ebd3590b,0433768f874042a5b2d2e37ad9deae13,b675be39e8ff421aa59811f146da945b,2f0401170d104b47b0a8f087f69dee88
3c7adf3c0f6a48ddae27f1be8bf94c98,98fbdf945d0c4206a48a4f7260e56017,a4af9472683c4df0a86f9400c99c2b61,4c36aafaf38f4e9e9e09991737196fe1,54e9bbd0093947a3bda5fef48ef7493d,724a3f6551e74ad585bdeac9a75fd639,f92d16d3a970487094292439c3e00923,0eb119aabc884795a4768c6d3e677ea1,e6afe89ff7bc491193141c057083d8a8,b675be39e8ff421aa59811f146da945b,04fa591263664fb0a6868552ebd3590b
9ece5d7b95974244a7560e0a5516708d,3e59b61eb70146308db2308b988b54cf,7359a1cc20d54f96aeea121d7247b88d,50a2129b83404b94889a01f4688ebafd,0eb119aabc884795a4768c6d3e677ea1,24c55bb5cd694770ba895c7401da2ba5,cdd73e0289aa4e2b87cd14e6ff5bd75e,14f4db886cca4104877ac7d1d7a64133,e6afe89ff7bc491193141c057083d8a8,1419b2c686f44896a0ae2a43e93b5402,04fa591263664fb0a6868552ebd3590b
6b69e25d73f148c98af914e308e2396e,3e59b61eb70146308db2308b988b54cf,0eb119aabc884795a4768c6d3e677ea1,50a2129b83404b94889a01f4688ebafd,7359a1cc20d54f96aeea121d7247b88d,14f4db886cca4104877ac7d1d7a64133,cdd73e0289aa4e2b87cd14e6ff5bd75e,24c55bb5cd694770ba895c7401da2ba5,8b038cd0dafd45d8b1ce75177ca3a76b,724a3f6551e74ad585bdeac9a75fd639,1419b2c686f44896a0ae2a43e93b5402
f443d2b48e9f48748ed811a3ffbfeeb0,5e44915237fc4445b54b037e1c4e29a4,be8953cc364d46cebbcc2c2da2c348ab,7584980704ae4617bb27ca162cc9c5db,6bde760ad5d4485db9889b1bdc074005,5fc200cab89346658c9c91cce27e85fe,403835bbf2f1447188bcc78e062b0028,6b7b5d28293d4a5a8075f7f7dd231ddb,d0e41bf891254ba0872f1641139f84f6,4e22dc65beb7450b9260cf27e50919e4,076e2669c305401fb3afcfafdd6c79c7
ca49f30627f348ebb9db4ee0577e1d96,4e22dc65beb7450b9260cf27e50919e4,7584980704ae4617bb27ca162cc9c5db,be8953cc364d46cebbcc2c2da2c348ab,5e44915237fc4445b54b037e1c4e29a4,5fc200cab89346658c9c91cce27e85fe,6bde760ad5d4485db9889b1bdc074005,0cdb0f32850f4585a16de4886462bbe0,076e2669c305401fb3afcfafdd6c79c7,f335a944a27a4504a82ecf70c2d4a5e4,e06d08ff594a4acbac12edf579743fcf
3edc2638f7bf459c90061b70e170d78e,4e22dc65beb7450b9260cf27e50919e4,7584980704ae4617bb27ca162cc9c5db,be8953cc364d46cebbcc2c2da2c348ab,5e44915237fc4445b54b037e1c4e29a4,5fc200cab89346658c9c91cce27e85fe,6bde760ad5d4485db9889b1bdc074005,f335a944a27a4504a82ecf70c2d4a5e4,076e2669c305401fb3afcfafdd6c79c7,0cdb0f32850f4585a16de4886462bbe0,e06d08ff594a4acbac12edf579743fcf
4241e3037cc4416b9760a32dc49b4d49,5e44915237fc4445b54b037e1c4e29a4,7584980704ae4617bb27ca162cc9c5db,be8953cc364d46cebbcc2c2da2c348ab,6bde760ad5d4485db9889b1bdc074005,5fc200cab89346658c9c91cce27e85fe,403835bbf2f1447188bcc78e062b0028,076e2669c305401fb3afcfafdd6c79c7,d0e41bf891254ba0872f1641139f84f6,4e22dc65beb7450b9260cf27e50919e4,6b7b5d28293d4a5a8075f7f7dd231ddb
2c1eb27749b548ee9cc13137105c60f9,21019944fc2c4838a682a6dcdc62c4ef,7d6cdff8c9ac434196df803628fe9f62,dcfb738ebbc24f09bb680fe3a52b702e,e4ee90d625d44a6d9adc138390eef0f8,e22e1ad3c1fc4493bcb7c9b923566ff7,8228c9eb29a542ba98c8b9b854eadaa4,44156e6482884acaaee1938e04d8b6ff,54e9bbd0093947a3bda5fef48ef7493d,4c36aafaf38f4e9e9e09991737196fe1,408ae6a767874fc782467ec2f054ad15
879584d5b62041dfb4cfbb779df86357,e4ee90d625d44a6d9adc138390eef0f8,e22e1ad3c1fc4493bcb7c9b923566ff7,21019944fc2c4838a682a6dcdc62c4ef,8228c9eb29a542ba98c8b9b854eadaa4,7d6cdff8c9ac434196df803628fe9f62,dcfb738ebbc24f09bb680fe3a52b702e,200f7fc78e4c403982f61b2894e50bad,54e9bbd0093947a3bda5fef48ef7493d,a0408a6462b24cf18e50a8616359d5ad,4c36aafaf38f4e9e9e09991737196fe1
f21b02728ff6484fb3fd4a60399ab492,e4ee90d625d44a6d9adc138390eef0f8,e22e1ad3c1fc4493bcb7c9b923566ff7,21019944fc2c4838a682a6dcdc62c4ef,8228c9eb29a542ba98c8b9b854eadaa4,dcfb738ebbc24f09bb680fe3a52b702e,7d6cdff8c9ac434196df803628fe9f62,200f7fc78e4c403982f61b2894e50bad,54e9bbd0093947a3bda5fef48ef7493d,a0408a6462b24cf18e50a8616359d5ad,4c36aafaf38f4e9e9e09991737196fe1
d8456095cf7c4204a086a014ff2b3c14,21019944fc2c4838a682a6dcdc62c4ef,7d6cdff8c9ac434196df803628fe9f62,dcfb738ebbc24f09bb680fe3a52b702e,e4ee90d625d44a6d9adc138390eef0f8,e22e1ad3c1fc4493bcb7c9b923566ff7,8228c9eb29a542ba98c8b9b854eadaa4,44156e6482884acaaee1938e04d8b6ff,54e9bbd0093947a3bda5fef48ef7493d,4c36aafaf38f4e9e9e09991737196fe1,408ae6a767874fc782467ec2f054ad15
3afae5ea042d4934b4e05a905c277730,1c6bbf19b3d2498696a5baf0f53a0f18,b2b22c673e554db39c8acdbe42687a6d,116f6c1f0cb54312986a0a729508a33e,5e199f7727cc4910ad88dbd81ed1ec82,8ad1f345ca194b29bde0a924f27b2de5,716a15d66b63424a8068da89e75733b4,fe363cef357840fcb35f320fe7c27e4e,a8904adcdd21495f890bc614bfdbf86f,887e323cc38f4cf8adc5970617f1c286,91f0da6d71574ababd8e868bddec9310
c6c6941b06454b858b384b129f635fbc,b2b22c673e554db39c8acdbe42687a6d,1c6bbf19b3d2498696a5baf0f53a0f18,5e199f7727cc4910ad88dbd81ed1ec82,116f6c1f0cb54312986a0a729508a33e,a297e08effdf4a69a6c4d79a34a0c6ad,93bf0b86be094f68a9d308ca5ecfb4e3,051d304b7139431fb3bff19b4e75aff7,a8904adcdd21495f890bc614bfdbf86f,27fe100af7884932a33bf30f10dacc55,716a15d66b63424a8068da89e75733b4
164fd25714484642abf3c2f90a97a8fd,8a9dc60359ba49cd8ac170cfb4ac3913,9fd4c00672d84215b3e21812aef3d6ac,b00b2395b49949508fade89bb3eac98b,2c3599a1611644f4908562f8fb8870d3,119a6d7b4af3458b951fc1c5ab5e1738,d65e3a3657ae455e954b6d7221afc84c,45e440d874a54bb591862ff441114cd3,e86a0aae846a4e44bf967ab4972c977c,632cc2bc04034dd4848855fe6497262d,e4fcd30261804b089efa940359057ba2
3a05b06fa1e34ff0b02748d47a9e6360,8a9dc60359ba49cd8ac170cfb4ac3913,9fd4c00672d84215b3e21812aef3d6ac,b00b2395b49949508fade89bb3eac98b,45e440d874a54bb591862ff441114cd3,119a6d7b4af3458b951fc1c5ab5e1738,2c3599a1611644f4908562f8fb8870d3,d65e3a3657ae455e954b6d7221afc84c,632cc2bc04034dd4848855fe6497262d,babbeca1f6a244a2a11ea77a3855e70f,e86a0aae846a4e44bf967ab4972c977c
fec5eb7ba2734bf5b777bcb611801028,9fd4c00672d84215b3e21812aef3d6ac,8a9dc60359ba49cd8ac170cfb4ac3913,b00b2395b49949508fade89bb3eac98b,e86a0aae846a4e44bf967ab4972c977c,2c3599a1611644f4908562f8fb8870d3,dd9e8283197b473d8ffd502561bdaaec,d65e3a3657ae455e954b6d7221afc84c,632cc2bc04034dd4848855fe6497262d,a9d82bb43410405ca21b44a5e82e22b6,1578afd6ce694d46ab6e24f965f51fd6
99fd1c486f1c4dd591b9a6ecf8054b7d,9fd4c00672d84215b3e21812aef3d6ac,8a9dc60359ba49cd8ac170cfb4ac3913,b00b2395b49949508fade89bb3eac98b,e86a0aae846a4e44bf967ab4972c977c,2c3599a1611644f4908562f8fb8870d3,dd9e8283197b473d8ffd502561bdaaec,a9d82bb43410405ca21b44a5e82e22b6,d65e3a3657ae455e954b6d7221afc84c,1578afd6ce694d46ab6e24f965f51fd6,632cc2bc04034dd4848855fe6497262d
7613bd74728b4f0baa8eabd0aefbbc29,4a6eba10a02a4ecdbb6b25e8651c3789,eafb3480db704d7baa8216ce857d1610,b77d8b7bb0114c379139d280a9210e83,13cda6e8f2d948eeb5508288a172e76f,d5ecdd142b544edca1b16ee83a9cf908,1ad0cf33e96243888d5f970195a75586,fbfaa119f55a477984e42d80498f54d3,41e657daa20545a588584578bdb4101c,93dc50abd35349f7923100dca2f41002,25109e3a7df549e5b380aae716d71366
4c482b037ef04720a8eafa90efddd03b,eafb3480db704d7baa8216ce857d1610,4a6eba10a02a4ecdbb6b25e8651c3789,ef60b54aa4b5490890da32d0bb8c9cbf,57430214baf045cb92fa3b3b70a4ca3f,8dfbb6a204a0441492c35baca6190969,199647bd1328406c83c5a875154f97d9,1f3cf50fe1f947d8a56e02ebca441c4c,7f0a68d19d2e4850846ffc08c47ed87d,b33a0f5b564a4942b04046ab7a8e2aae,5f65785004054c67a618fe43b6a30f56
596b8b0b72be41a4842150fbbd18aead,4a6eba10a02a4ecdbb6b25e8651c3789,eafb3480db704d7baa8216ce857d1610,13cda6e8f2d948eeb5508288a172e76f,b77d8b7bb0114c379139d280a9210e83,d5ecdd142b544edca1b16ee83a9cf908,1ad0cf33e96243888d5f970195a75586,1f3cf50fe1f947d8a56e02ebca441c4c,1b827db6f6cf4ecb850928c2f9e41de2,fbfaa119f55a477984e42d80498f54d3,43464ed6733f4642a0b90e7d995a5e40
99794362eca94e2ea0536c628c097ee0,eafb3480db704d7baa8216ce857d1610,4a6eba10a02a4ecdbb6b25e8651c3789,ef60b54aa4b5490890da32d0bb8c9cbf,8dfbb6a204a0441492c35baca6190969,57430214baf045cb92fa3b3b70a4ca3f,199647bd1328406c83c5a875154f97d9,b33a0f5b564a4942b04046ab7a8e2aae,7f0a68d19d2e4850846ffc08c47ed87d,1f3cf50fe1f947d8a56e02ebca441c4c,c3a741d302d94ee294bb6e4090fd2da9
517088ff1e71421dbc66c81c7b6d809f,69ac8397e9624bfd8aee237b9f9ea3b5,5be48a6bc26044f2a2e4e9b6a223c319,daed5458403e49e3aea72f4bcc6dd224,4385ac4645b34f3c8a44c4676ebcd8be,15b7b988bba143989cfd98d5c6c4d203,cf7476d6c96b4dcdb6f025b9291eb62b,f12e9e5805534d719f829332d1ea5d29,8dfe01febd46475ab5aef97033716ce1,6ea31a945d494834a3d243f1f90af02a,291130c42a884be2800e026bab5ddf53
67f17a1293154579a1047cd28690d783,5be48a6bc26044f2a2e4e9b6a223c319,15b7b988bba143989cfd98d5c6c4d203,69ac8397e9624bfd8aee237b9f9ea3b5,4385ac4645b34f3c8a44c4676ebcd8be,9d09e3cd382c4d0ea0f6f50261e3e4c8,5cf392f15360460bae6a6b0182bb99b9,f6061b71031b4ddb9384f86c103690a4,051d304b7139431fb3bff19b4e75aff7,8dfe01febd46475ab5aef97033716ce1,daed5458403e49e3aea72f4bcc6dd224
376dc48ffd5842e2b10ce1bfe8617a4f,5be48a6bc26044f2a2e4e9b6a223c319,15b7b988bba143989cfd98d5c6c4d203,69ac8397e9624bfd8aee237b9f9ea3b5,4385ac4645b34f3c8a44c4676ebcd8be,9d09e3cd382c4d0ea0f6f50261e3e4c8,f6061b71031b4ddb9384f86c103690a4,5cf392f15360460bae6a6b0182bb99b9,daed5458403e49e3aea72f4bcc6dd224,a055f8188384479a8bad418f7dffd9a5,8dfe01febd46475ab5aef97033716ce1
e35f15c7fc564b948c6220d15268f95e,69ac8397e9624bfd8aee237b9f9ea3b5,5be48a6bc26044f2a2e4e9b6a223c319,4385ac4645b34f3c8a44c4676ebcd8be,daed5458403e49e3aea72f4bcc6dd224,15b7b988bba143989cfd98d5c6c4d203,8dfe01febd46475ab5aef97033716ce1,cf7476d6c96b4dcdb6f025b9291eb62b,f12e9e5805534d719f829332d1ea5d29,b3f8b4bec0164d0e81997b4f5a277e8f,3f28365e18244eb28cc7d23de8895956
7abc7ac040a84ae88177c3b2d510f7cb,e86a0aae846a4e44bf967ab4972c977c,a9d82bb43410405ca21b44a5e82e22b6,d65e3a3657ae455e954b6d7221afc84c,9fd4c00672d84215b3e21812aef3d6ac,dd9e8283197b473d8ffd502561bdaaec,2c3599a1611644f4908562f8fb8870d3,b00b2395b49949508fade89bb3eac98b,e4fcd30261804b089efa940359057ba2,8a9dc60359ba49cd8ac170cfb4ac3913,1578afd6ce694d46ab6e24f965f51fd6
dc2a5233c1944b37aa2c99dd76665f2b,1e376f9d0945477983c8d851e4b2cf5e,cc78a6c92dfe4af49c2bd93f15e4f870,5f481b07f9734f518a14853831233b78,71c1a8479b194efca65b44fb7f327afb,3f1c2bb09c4e4400b6ba19542fafce18,77ce0587a12b46bab8814225ba86753e,9909a671f7414c19b2727e7d4d4dcf1b,22d9d5ad33e947fd857c5c4a8b7dfae1,66f4c650b7ca48f1bc27f9daff8d312a,fa190e42ce5a47c99bcaa76138dbc615
27b25d301ad34851bd0df3863116a2e2,e86a0aae846a4e44bf967ab4972c977c,a9d82bb43410405ca21b44a5e82e22b6,9fd4c00672d84215b3e21812aef3d6ac,d65e3a3657ae455e954b6d7221afc84c,b00b2395b49949508fade89bb3eac98b,dd9e8283197b473d8ffd502561bdaaec,2c3599a1611644f4908562f8fb8870d3,e4fcd30261804b089efa940359057ba2,1578afd6ce694d46ab6e24f965f51fd6,b8da01ceddcb45a491a288ddbc658e90
2b2bf37314104deaa800c3918ab54a33,1e376f9d0945477983c8d851e4b2cf5e,71c1a8479b194efca65b44fb7f327afb,5f481b07f9734f518a14853831233b78,77ce0587a12b46bab8814225ba86753e,cc78a6c92dfe4af49c2bd93f15e4f870,3f1c2bb09c4e4400b6ba19542fafce18,f2ef424352f14dda92691047ee9f15fa,b98519f97e424c1389f5553f0869b15a,9909a671f7414c19b2727e7d4d4dcf1b,e4fcd30261804b089efa940359057ba2
3c56e94879364377bc8bfb7a92d403d1,a9d82bb43410405ca21b44a5e82e22b6,dd9e8283197b473d8ffd502561bdaaec,e86a0aae846a4e44bf967ab4972c977c,2c3599a1611644f4908562f8fb8870d3,d65e3a3657ae455e954b6d7221afc84c,9fd4c00672d84215b3e21812aef3d6ac,e4fcd30261804b089efa940359057ba2,1578afd6ce694d46ab6e24f965f51fd6,189a3b686ad14c24b5e1a495f76dd239,b00b2395b49949508fade89bb3eac98b
c28224ae63704fec95ee0278f177f277,521004289ebc4e6da6623381d40a5e73,f91157bb8fca4a8e98db33591a76be9a,39e2b00e1cbd471488cf56f31d2cec7f,01930613ce7d4a5f90ccf78d1e92a55d,039a871609044cb1b69f70c082fe61d8,5455e62f52ae4e03b2a5d0e8b9899506,9500823cb050427696343b1ea5cf8881,be70e49b76c24527b4fddfb6b78b6d8d,3f23eafbd9cc4e209aca631fd6fc9dfd,fc430b7683934be2aba12468b2409bb8
2c9175bf65da4030a4bca9f358cadeda,521004289ebc4e6da6623381d40a5e73,f91157bb8fca4a8e98db33591a76be9a,39e2b00e1cbd471488cf56f31d2cec7f,039a871609044cb1b69f70c082fe61d8,5455e62f52ae4e03b2a5d0e8b9899506,be70e49b76c24527b4fddfb6b78b6d8d,9500823cb050427696343b1ea5cf8881,3f23eafbd9cc4e209aca631fd6fc9dfd,3675c688960a4f3b9f82c4ccf4049e93,0f785440b29548e1a1968868262fd42e
7567134f761c40a79567b3f82e31afdc,f91157bb8fca4a8e98db33591a76be9a,d658e3a743af41899183fecff6b2628d,fc430b7683934be2aba12468b2409bb8,521004289ebc4e6da6623381d40a5e73,27a0d24dc1e14b28a1f18456b29c93f1,cb550e5ff4694fe9a19eaa6588cef250,57bcda73abab44ee930b20cdaee9d24b,e8927e14983a43da900edd926dd35adb,7aceed0dbea645b091207f4a53d879f2,dbb3fe11ad004895b302a84e7c066fcc
e95e0daa9ae049ef8be95f459b99d584,e511c40ca6324803b5021e47b4e777f8,bc13c2b0221744a29a8ddf56aa015df9,89e983dca0a34b768e17b3871b9cea1e,99a52c93a3304ec18dab9206f98f2a8b,b40d3c588ad647ff85e397a6bc5f9d8b,c78547bdc2e64ac8935559f7de2efd41,643fbbdd6b764ba9904a4ee67a86b9fd,7326afe68eb64b63993b3dae022c645d,9460474d89704a68aaa6ccb62310ae3d,191b01e1728e4583a8ead5a86db27370
ee401564da1d407da8d97b804a5e3801,643fbbdd6b764ba9904a4ee67a86b9fd,99a52c93a3304ec18dab9206f98f2a8b,b3209c60460a437294e2b30a9e9d3f53,89e983dca0a34b768e17b3871b9cea1e,e511c40ca6324803b5021e47b4e777f8,7326afe68eb64b63993b3dae022c645d,bc13c2b0221744a29a8ddf56aa015df9,b40d3c588ad647ff85e397a6bc5f9d8b,8d595c7da42545c88052e7b213b6c97c,ab57f83304bc4005998bbd6bc063fb4f
77ae6ded0d014f36b371a4153e05c4ed,89e983dca0a34b768e17b3871b9cea1e,99a52c93a3304ec18dab9206f98f2a8b,bc13c2b0221744a29a8ddf56aa015df9,e511c40ca6324803b5021e47b4e777f8,643fbbdd6b764ba9904a4ee67a86b9fd,b40d3c588ad647ff85e397a6bc5f9d8b,c78547bdc2e64ac8935559f7de2efd41,b3209c60460a437294e2b30a9e9d3f53,7326afe68eb64b63993b3dae022c645d,0592b57e490d4206a3f12eb004a0afe0
8a0213e5d51f4d7ca596a5163d04d39b,b40d3c588ad647ff85e397a6bc5f9d8b,99a52c93a3304ec18dab9206f98f2a8b,89e983dca0a34b768e17b3871b9cea1e,e511c40ca6324803b5021e47b4e777f8,ab57f83304bc4005998bbd6bc063fb4f,c78547bdc2e64ac8935559f7de2efd41,0592b57e490d4206a3f12eb004a0afe0,191b01e1728e4583a8ead5a86db27370,7326afe68eb64b63993b3dae022c645d,b3209c60460a437294e2b30a9e9d3f53
49a13f972cb940089aa409b42b7e809b,b425f33c33ad4be89a12da266d131a86,cb32ec9a538a4c0f8462771946ced93b,1a0ac2d40cb04ca993e1db68d787728a,a70909d3ce0d4235913b5ce6a138dcce,14ca42308d3141fba50b774042144343,73f684f538ea452cbb4fbecc2e8126a4,29fb30a75c57451a85f310aa6423a662,1aaf8edc37ea412b85e3d1b5c5317051,8a464aa9e2ee45d0abc7ae6181cd1bda,2c65a898314b42e6b2e93dca66fd15c2
42b7373e7edb4471bd9cd69dd50bf4f1,1a0ac2d40cb04ca993e1db68d787728a,b425f33c33ad4be89a12da266d131a86,cb32ec9a538a4c0f8462771946ced93b,14ca42308d3141fba50b774042144343,29fb30a75c57451a85f310aa6423a662,a70909d3ce0d4235913b5ce6a138dcce,da9cfbdf124143b78bec89393dd5287a,73f684f538ea452cbb4fbecc2e8126a4,2c65a898314b42e6b2e93dca66fd15c2,8a464aa9e2ee45d0abc7ae6181cd1bda
f387e105e9d440d199759eb2c79cd950,1a0ac2d40cb04ca993e1db68d787728a,cb32ec9a538a4c0f8462771946ced93b,b425f33c33ad4be89a12da266d131a86,29fb30a75c57451a85f310aa6423a662,a70909d3ce0d4235913b5ce6a138dcce,434551fdf9e443ed91679a9557ae6fd5,73f684f538ea452cbb4fbecc2e8126a4,2c65a898314b42e6b2e93dca66fd15c2,da9cfbdf124143b78bec89393dd5287a,66cba49431224a3788f914d6a80165e1
a75e0b290bc941358cd4614e21662749,1a0ac2d40cb04ca993e1db68d787728a,b425f33c33ad4be89a12da266d131a86,cb32ec9a538a4c0f8462771946ced93b,a70909d3ce0d4235913b5ce6a138dcce,2c65a898314b42e6b2e93dca66fd15c2,73f684f538ea452cbb4fbecc2e8126a4,29fb30a75c57451a85f310aa6423a662,da9cfbdf124143b78bec89393dd5287a,66cba49431224a3788f914d6a80165e1,14ca42308d3141fba50b774042144343
1c30f9917de0495eae26b471a7cd3e1d,b425f33c33ad4be89a12da266d131a86,cb32ec9a538a4c0f8462771946ced93b,1a0ac2d40cb04ca993e1db68d787728a,a70909d3ce0d4235913b5ce6a138dcce,14ca42308d3141fba50b774042144343,29fb30a75c57451a85f310aa6423a662,73f684f538ea452cbb4fbecc2e8126a4,66f4c650b7ca48f1bc27f9daff8d312a,8a464aa9e2ee45d0abc7ae6181cd1bda,2c65a898314b42e6b2e93dca66fd15c2
57378df73d2a41698b22cc6d6171529d,2acbd3ec289a47f7b4108896ec632585,33e2a95109e647cbb4ba2687631b169a,f532294d68604bc2aa9ad8804a8c6d5f,4230775a9d51448396cacb9061f0e5f9,71d4b4036e594d7399506e6fd9b88063,57430214baf045cb92fa3b3b70a4ca3f,de6ac628a786435f9925c8cc1d707d6b,44f41e6e6faa4facb0bb9a72205229f8,7ef653f7e5f64e1b8bba73b9518b87b7,8dfbb6a204a0441492c35baca6190969
ffa661c1e7484ac0bd1e6fd235a3cc5a,2acbd3ec289a47f7b4108896ec632585,33e2a95109e647cbb4ba2687631b169a,26869cc099c44c4a86f6043476ab4890,f532294d68604bc2aa9ad8804a8c6d5f,71d4b4036e594d7399506e6fd9b88063,7ef653f7e5f64e1b8bba73b9518b87b7,57430214baf045cb92fa3b3b70a4ca3f,8dfbb6a204a0441492c35baca6190969,24c55bb5cd694770ba895c7401da2ba5,39a08a87897f47d3bdbbdc5ed8c9cd7f
b2ab0d60cd84497b8493bee493f63c20,2acbd3ec289a47f7b4108896ec632585,33e2a95109e647cbb4ba2687631b169a,8dfbb6a204a0441492c35baca6190969,7ef653f7e5f64e1b8bba73b9518b87b7,24c55bb5cd694770ba895c7401da2ba5,f532294d68604bc2aa9ad8804a8c6d5f,26869cc099c44c4a86f6043476ab4890,44f41e6e6faa4facb0bb9a72205229f8,57430214baf045cb92fa3b3b70a4ca3f,eafb3480db704d7baa8216ce857d1610
5cbead44a3a74909ab9ed4a89f1396cf,2acbd3ec289a47f7b4108896ec632585,33e2a95109e647cbb4ba2687631b169a,7ef653f7e5f64e1b8bba73b9518b87b7,f532294d68604bc2aa9ad8804a8c6d5f,26869cc099c44c4a86f6043476ab4890,8dfbb6a204a0441492c35baca6190969,24c55bb5cd694770ba895c7401da2ba5,71d4b4036e594d7399506e6fd9b88063,44f41e6e6faa4facb0bb9a72205229f8,57430214baf045cb92fa3b3b70a4ca3f
6e174164c10a49d8a9483ad16d690598,d658e3a743af41899183fecff6b2628d,f91157bb8fca4a8e98db33591a76be9a,d43b0f94627d45918e18a80be127aa2c,e7ee85dd47ca43eeb2fdcd70b802f0ec,c713a0ca69864ee7b240069c98dc44dc,3766b26b53874893ae48693880e1942c,57bcda73abab44ee930b20cdaee9d24b,59f62d35b1ad451397b700b3dad25448,8889c114b071429cbe2418f5b0f2024b,27a0d24dc1e14b28a1f18456b29c93f1
1472ac5adbe24310ac0366a2fb7c4d66,d43b0f94627d45918e18a80be127aa2c,3827ad869b3740278b98db4e65c40e0c,3766b26b53874893ae48693880e1942c,db69f22fe72246ea85d33991961a649a,514537782f6549c488a1b932939b4128,0f52f676197e4d4e92dec0a7bc4c4f7d,eee7f32249c5452ea36c8ed3a3540010,0daf8d5687b54d158f7f752884c42334,35c5a560ecdc4d6a9d20f057ed1fa0e6,556743bab70d4b75bafcf192fef95b16
7df15c3f44244335b645553730704ae6,d43b0f94627d45918e18a80be127aa2c,3766b26b53874893ae48693880e1942c,3827ad869b3740278b98db4e65c40e0c,d658e3a743af41899183fecff6b2628d,db69f22fe72246ea85d33991961a649a,eee7f32249c5452ea36c8ed3a3540010,724a3f6551e74ad585bdeac9a75fd639,d8b3ad3b5c4e474db41a671ab286424f,04fa591263664fb0a6868552ebd3590b,097f2ce3b88c4d008488b9908076497e
d59e2a4a21bf40f9b53614eb370d1190,d658e3a743af41899183fecff6b2628d,f91157bb8fca4a8e98db33591a76be9a,d43b0f94627d45918e18a80be127aa2c,8889c114b071429cbe2418f5b0f2024b,57bcda73abab44ee930b20cdaee9d24b,c713a0ca69864ee7b240069c98dc44dc,e7ee85dd47ca43eeb2fdcd70b802f0ec,3766b26b53874893ae48693880e1942c,27a0d24dc1e14b28a1f18456b29c93f1,59f62d35b1ad451397b700b3dad25448
fa321eafe1a9412bb6e66f46ae22286c,6400e3f6a14c492ba399bd414faca075,72a7e2ce22d045efbdbbab9c68f5d026,cb75c6ef71cb4991805920f2894e0e96,cffbff4deb374fcf850c679899c6e3f8,ef8c056ecb524439a48c881089537951,b277101390e1465685ef79bf3519f8d7,984058b7165d4c6385bec3c94afa9fb2,de6ac628a786435f9925c8cc1d707d6b,19593c97fef0474dbe6051e28338f1e9,1aef014473b84ef9a0f799114fe516c9
503f076c7e794fbca12dae4217643acd,6400e3f6a14c492ba399bd414faca075,cffbff4deb374fcf850c679899c6e3f8,cb75c6ef71cb4991805920f2894e0e96,72a7e2ce22d045efbdbbab9c68f5d026,b277101390e1465685ef79bf3519f8d7,3d3e8565d2f84e0cad5ae622f2909765,de6ac628a786435f9925c8cc1d707d6b,19593c97fef0474dbe6051e28338f1e9,ef8c056ecb524439a48c881089537951,4422777ed51142a99aacf05f446cfea1
14780abe56584d7c820310e42bef8f59,72a7e2ce22d045efbdbbab9c68f5d026,ef8c056ecb524439a48c881089537951,84ff5144597241bba5cbd3d0b21d220d,3c72832689d8406996e80893b719b974,f6207eb593394ff78e2cb35057477422,31a2675a2e944a1ab3b810cfb92ebd34,df7ea50171af48df81584ab7e8107d15,32aaca2a732f4272b237374d3cdeec90,6400e3f6a14c492ba399bd414faca075,78d0265d47df4f4cb7153da919763730
695fbae9ce4c4e3ab42253368b1e2cd2,72a7e2ce22d045efbdbbab9c68f5d026,0568345606fa4a2c84ed4ea6c74639ee,6400e3f6a14c492ba399bd414faca075,bfd1d441da734aad88cfacdab3ee4059,bbdf9065122d499d9d8f80ad3e0ef6f3,7dd5e88dfdd24cafab2c765939757354,bb84a4cf60c84a8d8e23276b1863d293,78d0265d47df4f4cb7153da919763730,ef8c056ecb524439a48c881089537951,7e17bbd109dc486c8f0a76f913782180
c4b6717a4b55444ca077700ab06da875,afaf2edba0ee4d58860a5a04e4aabc5c,66690895454847fea5a000202fbfab2e,f1eecad10a61421eb16b1be7435d9c19,2e7836ee5e5144f5b63e6629b969a362,e834bfbd30b247e899f0dc029ab9f072,04537eabb0434eb2804d1220770b85a0,c4b9d7a8d5d342459d2282589b3af293,ad054da7e1704a53931a341173f0605f,1232f20e710b448e8c0538b9e84dab1c,d361a9e414fb41c1a605200d9cbba496
7ddb092a89824767b09eb8b07c8f67de,afaf2edba0ee4d58860a5a04e4aabc5c,66690895454847fea5a000202fbfab2e,2e7836ee5e5144f5b63e6629b969a362,f1eecad10a61421eb16b1be7435d9c19,e834bfbd30b247e899f0dc029ab9f072,04537eabb0434eb2804d1220770b85a0,c4b9d7a8d5d342459d2282589b3af293,ad054da7e1704a53931a341173f0605f,1232f20e710b448e8c0538b9e84dab1c,d361a9e414fb41c1a605200d9cbba496
21ff6809479e4f828a199d580c8ae4c1,66690895454847fea5a000202fbfab2e,afaf2edba0ee4d58860a5a04e4aabc5c,f1eecad10a61421eb16b1be7435d9c19,ad054da7e1704a53931a341173f0605f,e834bfbd30b247e899f0dc029ab9f072,04537eabb0434eb2804d1220770b85a0,48c31b1e2ce94de8968fab433813fa91,1232f20e710b448e8c0538b9e84dab1c,c235728f290a44d6a5fc2e14111ae02e,c4b9d7a8d5d342459d2282589b3af293
763242c8ded1422bb4439fdb575fad5b,66690895454847fea5a000202fbfab2e,afaf2edba0ee4d58860a5a04e4aabc5c,ad054da7e1704a53931a341173f0605f,f1eecad10a61421eb16b1be7435d9c19,e834bfbd30b247e899f0dc029ab9f072,04537eabb0434eb2804d1220770b85a0,1232f20e710b448e8c0538b9e84dab1c,48c31b1e2ce94de8968fab433813fa91,c4b9d7a8d5d342459d2282589b3af293,c235728f290a44d6a5fc2e14111ae02e
5ebf97c863dd4c5ba61093f8ab07b15d,45f4192f485a49d9a75219ae4d0c41ee,7326afe68eb64b63993b3dae022c645d,ff51ca928cd54f4da620c27983e221f8,3138244ae91040948d5bd6772e4075ea,eff24b01b2f5428baa4c3fef6cb40d41,3675c688960a4f3b9f82c4ccf4049e93,99a52c93a3304ec18dab9206f98f2a8b,0cc5015848a044b59fa4b290813f859c,e511c40ca6324803b5021e47b4e777f8,63eab812f3254cccb9631b09725aec3d
a9852ab7f40a4b35a004ce7c87aac7b6,3675c688960a4f3b9f82c4ccf4049e93,039a871609044cb1b69f70c082fe61d8,be70e49b76c24527b4fddfb6b78b6d8d,5455e62f52ae4e03b2a5d0e8b9899506,eff24b01b2f5428baa4c3fef6cb40d41,521004289ebc4e6da6623381d40a5e73,9500823cb050427696343b1ea5cf8881,0cc5015848a044b59fa4b290813f859c,0f785440b29548e1a1968868262fd42e,d9ac372330a4446886fa19bac0d19877
c8186591409f4404a006b302ed5475d5,45f4192f485a49d9a75219ae4d0c41ee,eff24b01b2f5428baa4c3fef6cb40d41,7326afe68eb64b63993b3dae022c645d,e511c40ca6324803b5021e47b4e777f8,89e983dca0a34b768e17b3871b9cea1e,99a52c93a3304ec18dab9206f98f2a8b,ab57f83304bc4005998bbd6bc063fb4f,b40d3c588ad647ff85e397a6bc5f9d8b,ff51ca928cd54f4da620c27983e221f8,3675c688960a4f3b9f82c4ccf4049e93
afc4b3ff44d1405c9ff0cce76fa55d76,c5486d5e31084ee797da0ebdacb17abc,f2077addeb6142c8b3540916522126e8,0228b1e9e3244da3a727930123ba7bda,9aca522158f443fd8a9caaec38ae5e2c,1004b33e3126472faa78e1929ed974e6,9ffa09a2b9bd4da0ba98fc537ca68802,7c061d36393540b49e20d98086bdb5bd,3b7d56c26da14b3a9b1cd52b5b35891b,022e16490d1949b9ab2fc1de5a837031,56272326c7e94e419ea8c69fb634f610
9df4eaf2213048e4a4ca33f6d817a0b9,f2077addeb6142c8b3540916522126e8,c5486d5e31084ee797da0ebdacb17abc,0228b1e9e3244da3a727930123ba7bda,9aca522158f443fd8a9caaec38ae5e2c,1004b33e3126472faa78e1929ed974e6,9ffa09a2b9bd4da0ba98fc537ca68802,3b7d56c26da14b3a9b1cd52b5b35891b,7c061d36393540b49e20d98086bdb5bd,022e16490d1949b9ab2fc1de5a837031,56272326c7e94e419ea8c69fb634f610
452c8a69dd45447f976e014338d22ae6,1004b33e3126472faa78e1929ed974e6,9ffa09a2b9bd4da0ba98fc537ca68802,3b7d56c26da14b3a9b1cd52b5b35891b,9aca522158f443fd8a9caaec38ae5e2c,0228b1e9e3244da3a727930123ba7bda,f2077addeb6142c8b3540916522126e8,c5486d5e31084ee797da0ebdacb17abc,022e16490d1949b9ab2fc1de5a837031,7c061d36393540b49e20d98086bdb5bd,56272326c7e94e419ea8c69fb634f610
9294a2cddd6848f5a6bc5c647fe94884,c5486d5e31084ee797da0ebdacb17abc,f2077addeb6142c8b3540916522126e8,0228b1e9e3244da3a727930123ba7bda,9aca522158f443fd8a9caaec38ae5e2c,1004b33e3126472faa78e1929ed974e6,7c061d36393540b49e20d98086bdb5bd,9ffa09a2b9bd4da0ba98fc537ca68802,3b7d56c26da14b3a9b1cd52b5b35891b,022e16490d1949b9ab2fc1de5a837031,a5365055a36a4ec1bf5b0ce2ef949a35
eb3962be88734097b437832a832493f0,42805d29975b400ea7c570fc45ec4938,63eab812f3254cccb9631b09725aec3d,092cb872c8724c7681c50da9c6cfa252,199647bd1328406c83c5a875154f97d9,0f785440b29548e1a1968868262fd42e,82d68ea370f8451aa16ea08f4601245c,b675be39e8ff421aa59811f146da945b,84581d81d46d44bc99ffb8f871646a7a,4e4495962a9b4864882397042f1a2b3e,eff24b01b2f5428baa4c3fef6cb40d41
4bb99b51272145f8be128cac5ef3bd65,63eab812f3254cccb9631b09725aec3d,ff51ca928cd54f4da620c27983e221f8,0f785440b29548e1a1968868262fd42e,42805d29975b400ea7c570fc45ec4938,3675c688960a4f3b9f82c4ccf4049e93,eff24b01b2f5428baa4c3fef6cb40d41,d9ac372330a4446886fa19bac0d19877,5abf57d57d84440e94d0d2e2ffb37575,1027a336232c4454a9c4ae450a562788,45f4192f485a49d9a75219ae4d0c41ee
122365aed2d049328715f0fe1b2a43c7,63eab812f3254cccb9631b09725aec3d,ff51ca928cd54f4da620c27983e221f8,0f785440b29548e1a1968868262fd42e,42805d29975b400ea7c570fc45ec4938,3675c688960a4f3b9f82c4ccf4049e93,eff24b01b2f5428baa4c3fef6cb40d41,d9ac372330a4446886fa19bac0d19877,5abf57d57d84440e94d0d2e2ffb37575,45f4192f485a49d9a75219ae4d0c41ee,1027a336232c4454a9c4ae450a562788
742fec743e3e477785a08d04b8407e64,42805d29975b400ea7c570fc45ec4938,63eab812f3254cccb9631b09725aec3d,092cb872c8724c7681c50da9c6cfa252,199647bd1328406c83c5a875154f97d9,0f785440b29548e1a1968868262fd42e,82d68ea370f8451aa16ea08f4601245c,84581d81d46d44bc99ffb8f871646a7a,eff24b01b2f5428baa4c3fef6cb40d41,4e4495962a9b4864882397042f1a2b3e,b675be39e8ff421aa59811f146da945b
c3484b8c5f024854997f34baca483cc0,2d812431f07c44f1a56a71c72766e0b0,7ee65b33f8f44852ada468b1fed83433,af532d6e5090478ba520505d5f9107f2,60e87368fe334a92b57088b03cccbfc1,e0d8aee46b1d4d998858cd05027251b6,595e438d2b394bb3a3259f47efd37ae8,06a5f0cec6ce4170a02dad0ad4c55b1c,33e2a95109e647cbb4ba2687631b169a,6252aa87531748e5bac5f6c65fc87e14,e43d8e7bc32f406b9a692e2604f5b45a
94e0d776b3794ee083e5c1681cef5d04,7ee65b33f8f44852ada468b1fed83433,2d812431f07c44f1a56a71c72766e0b0,af532d6e5090478ba520505d5f9107f2,60e87368fe334a92b57088b03cccbfc1,66f4c650b7ca48f1bc27f9daff8d312a,655a618282cd4fa39a26f0967c033f4b,595e438d2b394bb3a3259f47efd37ae8,452d645d5bf4485185e996dcec9523e5,0e28ed072d6c444aa6f02e64955b44c6,e0d8aee46b1d4d998858cd05027251b6
2b23b46313714edcb7da655ef18a0f03,7ee65b33f8f44852ada468b1fed83433,2d812431f07c44f1a56a71c72766e0b0,af532d6e5090478ba520505d5f9107f2,60e87368fe334a92b57088b03cccbfc1,655a618282cd4fa39a26f0967c033f4b,595e438d2b394bb3a3259f47efd37ae8,e0d8aee46b1d4d998858cd05027251b6,452d645d5bf4485185e996dcec9523e5,06a5f0cec6ce4170a02dad0ad4c55b1c,66f4c650b7ca48f1bc27f9daff8d312a
fad34cbf60564c3f99677bb2e06263aa,af532d6e5090478ba520505d5f9107f2,60e87368fe334a92b57088b03cccbfc1,2d812431f07c44f1a56a71c72766e0b0,7ee65b33f8f44852ada468b1fed83433,452d645d5bf4485185e996dcec9523e5,e43d8e7bc32f406b9a692e2604f5b45a,1419b2c686f44896a0ae2a43e93b5402,655a618282cd4fa39a26f0967c033f4b,e0d8aee46b1d4d998858cd05027251b6,595e438d2b394bb3a3259f47efd37ae8
a47ae5564b854b989994a2a30367bfa4,2d812431f07c44f1a56a71c72766e0b0,7ee65b33f8f44852ada468b1fed83433,af532d6e5090478ba520505d5f9107f2,60e87368fe334a92b57088b03cccbfc1,e0d8aee46b1d4d998858cd05027251b6,595e438d2b394bb3a3259f47efd37ae8,33e2a95109e647cbb4ba2687631b169a,06a5f0cec6ce4170a02dad0ad4c55b1c,452d645d5bf4485185e996dcec9523e5,6252aa87531748e5bac5f6c65fc87e14
9113b0a4a5e24e61aed364a478da29ee,bcfa4a4177d44d8b8cda17b7a23196b0,c1def54262224e23acf67a9870725ce5,b3a022950e444682a113cec5a0537f6a,d75a52d716984f318f976bbfc7bee787,570f08ce2a1a47978eab16bf7ad16a68,f4474150010f4021a4620372062f3797,06b7dd1b701544ac80dd7ca54ed707cf,7070715ef90743da8691dd4ad134eb0c,215f3d275db14601a0383885cbaad86e,35d06fce2df446569702778e2250bd82
b3926611d2914adc8eadda384ed96905,c1def54262224e23acf67a9870725ce5,bcfa4a4177d44d8b8cda17b7a23196b0,b3a022950e444682a113cec5a0537f6a,d75a52d716984f318f976bbfc7bee787,7070715ef90743da8691dd4ad134eb0c,06b7dd1b701544ac80dd7ca54ed707cf,f4474150010f4021a4620372062f3797,570f08ce2a1a47978eab16bf7ad16a68,c2b49382e2f34b1c90013236a5fbaef0,3e923b6e3ceb4901b77c9a18729546eb
36bc21f1eb9547d6acfa87c18625fa92,c1def54262224e23acf67a9870725ce5,bcfa4a4177d44d8b8cda17b7a23196b0,f4474150010f4021a4620372062f3797,b3a022950e444682a113cec5a0537f6a,d75a52d716984f318f976bbfc7bee787,7070715ef90743da8691dd4ad134eb0c,35d06fce2df446569702778e2250bd82,570f08ce2a1a47978eab16bf7ad16a68,06b7dd1b701544ac80dd7ca54ed707cf,c2b49382e2f34b1c90013236a5fbaef0
d7becb5524844f73b41af1cad1c1266b,999a2b52a5004ee984e587d5a1327b23,bcfa4a4177d44d8b8cda17b7a23196b0,c1def54262224e23acf67a9870725ce5,e8f18e4bdf054390a1768978dca8e430,d9b97376c5e44d8786f861a5788af644,570f08ce2a1a47978eab16bf7ad16a68,3f1c2bb09c4e4400b6ba19542fafce18,250d411ae270441085be3501b7b55d86,f1eecad10a61421eb16b1be7435d9c19,fc430b7683934be2aba12468b2409bb8
f63ec53d7383437a8d1e627efc4dd528,bcfa4a4177d44d8b8cda17b7a23196b0,c1def54262224e23acf67a9870725ce5,b3a022950e444682a113cec5a0537f6a,d75a52d716984f318f976bbfc7bee787,570f08ce2a1a47978eab16bf7ad16a68,f4474150010f4021a4620372062f3797,06b7dd1b701544ac80dd7ca54ed707cf,7070715ef90743da8691dd4ad134eb0c,35d06fce2df446569702778e2250bd82,215f3d275db14601a0383885cbaad86e
d76ebc807f524eb9b8f95b523304233d,b3a022950e444682a113cec5a0537f6a,d75a52d716984f318f976bbfc7bee787,570f08ce2a1a47978eab16bf7ad16a68,f4474150010f4021a4620372062f3797,bcfa4a4177d44d8b8cda17b7a23196b0,35d06fce2df446569702778e2250bd82,06b7dd1b701544ac80dd7ca54ed707cf,c1def54262224e23acf67a9870725ce5,7070715ef90743da8691dd4ad134eb0c,215f3d275db14601a0383885cbaad86e
4b8fd90e4d5b4a25a57652c495f66ea5,b3a022950e444682a113cec5a0537f6a,d75a52d716984f318f976bbfc7bee787,570f08ce2a1a47978eab16bf7ad16a68,f4474150010f4021a4620372062f3797,bcfa4a4177d44d8b8cda17b7a23196b0,35d06fce2df446569702778e2250bd82,06b7dd1b701544ac80dd7ca54ed707cf,215f3d275db14601a0383885cbaad86e,c1def54262224e23acf67a9870725ce5,7070715ef90743da8691dd4ad134eb0c
9ac82778d5784882b02b03d8ce1a4ccd,35d06fce2df446569702778e2250bd82,f4474150010f4021a4620372062f3797,7960902edf4b47d686f704441aa56b0e,97959d02a64f4a3fbbebe7cbece6c012,105ad424733e4cffa7c474b51e3980aa,b3a022950e444682a113cec5a0537f6a,d75a52d716984f318f976bbfc7bee787,570f08ce2a1a47978eab16bf7ad16a68,c1def54262224e23acf67a9870725ce5,f65c7f50929f431dbf31b441d87616d0
dee104ae444246ed89dd5a5796eafc0a,2c65a898314b42e6b2e93dca66fd15c2,f59a3ee5387440d981754b6595e8664c,da9cfbdf124143b78bec89393dd5287a,c24e3823376b436c8eb46eaeebbc7718,66cba49431224a3788f914d6a80165e1,2c82919b038847fabbf5d13ca5ac55a7,b425f33c33ad4be89a12da266d131a86,ca1a2a6308834baba3140b5ce8f81320,51c6049a18b84ee381d0512e40b67c0e,73f684f538ea452cbb4fbecc2e8126a4
9a46e2903ca8474d9cb7fe93138049f0,2c65a898314b42e6b2e93dca66fd15c2,f59a3ee5387440d981754b6595e8664c,da9cfbdf124143b78bec89393dd5287a,c24e3823376b436c8eb46eaeebbc7718,2c82919b038847fabbf5d13ca5ac55a7,ca1a2a6308834baba3140b5ce8f81320,b425f33c33ad4be89a12da266d131a86,66cba49431224a3788f914d6a80165e1,73f684f538ea452cbb4fbecc2e8126a4,cb32ec9a538a4c0f8462771946ced93b
bfa6dfb11d9e42a98ba3ab87d5f2ffde,da9cfbdf124143b78bec89393dd5287a,f59a3ee5387440d981754b6595e8664c,2c65a898314b42e6b2e93dca66fd15c2,c24e3823376b436c8eb46eaeebbc7718,3e4a54908dde405294869e30a92a7623,2c82919b038847fabbf5d13ca5ac55a7,e2769c67dadd4c988f7ccf249a998a56,66cba49431224a3788f914d6a80165e1,09f4970dfe684b809bc0959fb62f41bf,7d6122daabe442ffb5e57ece1882e714
f677dfcf19e14a9faf24ac74066422c2,f59a3ee5387440d981754b6595e8664c,2c65a898314b42e6b2e93dca66fd15c2,da9cfbdf124143b78bec89393dd5287a,2c82919b038847fabbf5d13ca5ac55a7,ca1a2a6308834baba3140b5ce8f81320,d9b97376c5e44d8786f861a5788af644,d7c9dafddaf547159d366dacf7b68a7e,11e1e3cdfe214385a2c24d0f957dde9b,cb32ec9a538a4c0f8462771946ced93b,0d0973762130427eaa2ce9a7a34517db
98fd88d0387e44c3950f7955f062c9b3,761a3a01495143f0a86beac4234cae3a,d37bf09399d848df9a4d880fb097239c,8c5f38853679436ba434b6a696e43168,b01fd4d037a84a7aa777e1fc345c73c5,93bf0b86be094f68a9d308ca5ecfb4e3,716a15d66b63424a8068da89e75733b4,a8904adcdd21495f890bc614bfdbf86f,d7618b61a65a4bc1a0d0f2cc1bddc448,afac6ae28fac41dabae96696990c5555,4230775a9d51448396cacb9061f0e5f9
90efefd1c3314a96b5fd32625e55a054,5e199f7727cc4910ad88dbd81ed1ec82,93bf0b86be094f68a9d308ca5ecfb4e3,b2b22c673e554db39c8acdbe42687a6d,d37bf09399d848df9a4d880fb097239c,a297e08effdf4a69a6c4d79a34a0c6ad,8c5f38853679436ba434b6a696e43168,761a3a01495143f0a86beac4234cae3a,716a15d66b63424a8068da89e75733b4,a8904adcdd21495f890bc614bfdbf86f,1c6bbf19b3d2498696a5baf0f53a0f18
b77b731d5a9c49139163f1fac2ed9337,5e199f7727cc4910ad88dbd81ed1ec82,93bf0b86be094f68a9d308ca5ecfb4e3,d37bf09399d848df9a4d880fb097239c,b2b22c673e554db39c8acdbe42687a6d,8c5f38853679436ba434b6a696e43168,716a15d66b63424a8068da89e75733b4,761a3a01495143f0a86beac4234cae3a,7f5b658239034d35b7f4cf1c63cb388c,a297e08effdf4a69a6c4d79a34a0c6ad,898eabaaa1a047e18aecbb1c5a8decbf
dd2de907048e4d1ba625a54ad1bdeb2a,d37bf09399d848df9a4d880fb097239c,93bf0b86be094f68a9d308ca5ecfb4e3,761a3a01495143f0a86beac4234cae3a,5e199f7727cc4910ad88dbd81ed1ec82,716a15d66b63424a8068da89e75733b4,8c5f38853679436ba434b6a696e43168,b01fd4d037a84a7aa777e1fc345c73c5,a8904adcdd21495f890bc614bfdbf86f,d7618b61a65a4bc1a0d0f2cc1bddc448,4285b02dc9164cb9bae36b0566bb42f0
b1494352b57f4f809fbe88f8f61ab247,11e9586d6c7a443c8025278f8ef53b6d,75bf181ea5dc490e95d364a5f5c7af1d,ae3f42d57b3046a3821026173286a43e,4c67cc7a1ccc496db132636e3f4853a2,a8904adcdd21495f890bc614bfdbf86f,d7618b61a65a4bc1a0d0f2cc1bddc448,716a15d66b63424a8068da89e75733b4,f4b7e6e902e344859cb041126b69ce3c,b01fd4d037a84a7aa777e1fc345c73c5,415641aa43724ed9bc4710302b77edc3
841cacf592b14de2bc2fcdaf4995bf39,75bf181ea5dc490e95d364a5f5c7af1d,11e9586d6c7a443c8025278f8ef53b6d,ae3f42d57b3046a3821026173286a43e,4c67cc7a1ccc496db132636e3f4853a2,f4b7e6e902e344859cb041126b69ce3c,415641aa43724ed9bc4710302b77edc3,b01fd4d037a84a7aa777e1fc345c73c5,4285b02dc9164cb9bae36b0566bb42f0,a8904adcdd21495f890bc614bfdbf86f,e59dba65749140f4a1bdaf2695de2fc6
a8c2576da05048d4a652ebaf10c7447d,e43d8e7bc32f406b9a692e2604f5b45a,fa190e42ce5a47c99bcaa76138dbc615,af532d6e5090478ba520505d5f9107f2,772cb9726861451d9972604da6f65c55,2d812431f07c44f1a56a71c72766e0b0,7ee65b33f8f44852ada468b1fed83433,189a3b686ad14c24b5e1a495f76dd239,f8856799293e49feab6368e794eb8b00,60e87368fe334a92b57088b03cccbfc1,2939ef012c5c4a1b94b49df9469dfb3c
4237232296b841bd8be058dc85f807b1,fa190e42ce5a47c99bcaa76138dbc615,e43d8e7bc32f406b9a692e2604f5b45a,7ee65b33f8f44852ada468b1fed83433,af532d6e5090478ba520505d5f9107f2,2d812431f07c44f1a56a71c72766e0b0,60e87368fe334a92b57088b03cccbfc1,772cb9726861451d9972604da6f65c55,189a3b686ad14c24b5e1a495f76dd239,e4fcd30261804b089efa940359057ba2,1419b2c686f44896a0ae2a43e93b5402
9c8f594f127f4823807c7d9a40bc9547,7d5c0a2bfccf4255a43d9bd0f84a6d3a,9dd98c9126c44642a20711729f2e731e,189a3b686ad14c24b5e1a495f76dd239,1578afd6ce694d46ab6e24f965f51fd6,772cb9726861451d9972604da6f65c55,9fd4c00672d84215b3e21812aef3d6ac,e4fcd30261804b089efa940359057ba2,2c3599a1611644f4908562f8fb8870d3,b8da01ceddcb45a491a288ddbc658e90,8a9dc60359ba49cd8ac170cfb4ac3913
e0f3fe21dd04463787d620860a0ec6a2,7d5c0a2bfccf4255a43d9bd0f84a6d3a,189a3b686ad14c24b5e1a495f76dd239,b626eb67c2e14afeae2846bb150976f3,2939ef012c5c4a1b94b49df9469dfb3c,772cb9726861451d9972604da6f65c55,fa190e42ce5a47c99bcaa76138dbc615,7d6122daabe442ffb5e57ece1882e714,f676e16c6a134bd5a7bbeee4590adcfe,9fd4c00672d84215b3e21812aef3d6ac,dd9e8283197b473d8ffd502561bdaaec
26a7ded48a0842c28c407984aa614b3c,c713a0ca69864ee7b240069c98dc44dc,57bcda73abab44ee930b20cdaee9d24b,2fcf4a04d3654ffb9a5c1dfa3799e4f0,feb980ae999948ce9be0266b4ddc048d,8889c114b071429cbe2418f5b0f2024b,cb550e5ff4694fe9a19eaa6588cef250,01ffceddb5b34406a08bb982b424b3cf,d658e3a743af41899183fecff6b2628d,70aa10580bfe4069bdaa5721ae2d29db,e4e12f4711fd41e39075e26cc274df45
95e4e242519d4cd9bae0a574d881fa7b,c713a0ca69864ee7b240069c98dc44dc,57bcda73abab44ee930b20cdaee9d24b,feb980ae999948ce9be0266b4ddc048d,2fcf4a04d3654ffb9a5c1dfa3799e4f0,cb550e5ff4694fe9a19eaa6588cef250,d658e3a743af41899183fecff6b2628d,8889c114b071429cbe2418f5b0f2024b,70aa10580bfe4069bdaa5721ae2d29db,01ffceddb5b34406a08bb982b424b3cf,0accd1d0138b49049d437c0d9b1c23c3
e8f5726fe08646aab29fd6e5202c7f88,feb980ae999948ce9be0266b4ddc048d,c713a0ca69864ee7b240069c98dc44dc,57bcda73abab44ee930b20cdaee9d24b,0accd1d0138b49049d437c0d9b1c23c3,ff171f0b29974f78b0e81fee30abdd38,7d3d751215194e649a03457226f599d7,01ffceddb5b34406a08bb982b424b3cf,54e9bbd0093947a3bda5fef48ef7493d,b702b2b61ce048c6bf5af3c4dca18b1a,f65c7f50929f431dbf31b441d87616d0
3bdf75b6d56a422d94e6c850d515d3ed,feb980ae999948ce9be0266b4ddc048d,c713a0ca69864ee7b240069c98dc44dc,57bcda73abab44ee930b20cdaee9d24b,0accd1d0138b49049d437c0d9b1c23c3,ff171f0b29974f78b0e81fee30abdd38,01ffceddb5b34406a08bb982b424b3cf,54e9bbd0093947a3bda5fef48ef7493d,b702b2b61ce048c6bf5af3c4dca18b1a,70aa10580bfe4069bdaa5721ae2d29db,f65c7f50929f431dbf31b441d87616d0
978f36c5e8ff41efa416cf6c32ca240e,7d3d751215194e649a03457226f599d7,cb2505b30d8a4dc086c353cf94424b6d,feb980ae999948ce9be0266b4ddc048d,e6afe89ff7bc491193141c057083d8a8,8746ae2ca7514699b629b4d9b5fe95a7,70aa10580bfe4069bdaa5721ae2d29db,b585a2970e9f421da236241f603883f2,408ae6a767874fc782467ec2f054ad15,3766b26b53874893ae48693880e1942c,bdb0d45caa2a4943959f8f501e51132b
57add4e71a1c4202a2502065ae10d002,3e6a4b65a1004c08a6f3f570cf986c2f,f5d09519cf7647f8a107cd8fadd322e5,701ac1447f5a414e81156a56c3593a31,2b039224b54142d185a406b31fe01de2,342aaa81ed004635bbf9cbc2592cd7b6,7ab9086baf99475d8c93862a7dd36344,cd764fbfae774d068af7549c648a02c9,f879b316413f45d2b64bb25e3f45a667,a64f6232ee1e4357937008a327a63cf4,31cf7db26a3249c5a6205b005662ddcf
9509c30cb1bb48f38a20b700b4c3456e,7ab9086baf99475d8c93862a7dd36344,2b039224b54142d185a406b31fe01de2,342aaa81ed004635bbf9cbc2592cd7b6,f5d09519cf7647f8a107cd8fadd322e5,701ac1447f5a414e81156a56c3593a31,a64f6232ee1e4357937008a327a63cf4,3e6a4b65a1004c08a6f3f570cf986c2f,cd764fbfae774d068af7549c648a02c9,f879b316413f45d2b64bb25e3f45a667,bc607fd6000b43108e49b3d05688fe90
e25640a5cf1a493db2690655a45676b5,7ab9086baf99475d8c93862a7dd36344,2b039224b54142d185a406b31fe01de2,342aaa81ed004635bbf9cbc2592cd7b6,f5d09519cf7647f8a107cd8fadd322e5,701ac1447f5a414e81156a56c3593a31,3e6a4b65a1004c08a6f3f570cf986c2f,a64f6232ee1e4357937008a327a63cf4,cd764fbfae774d068af7549c648a02c9,f879b316413f45d2b64bb25e3f45a667,bc607fd6000b43108e49b3d05688fe90
ce1ecc1569cc4b1ca2945be90a005698,3e6a4b65a1004c08a6f3f570cf986c2f,f5d09519cf7647f8a107cd8fadd322e5,701ac1447f5a414e81156a56c3593a31,2b039224b54142d185a406b31fe01de2,342aaa81ed004635bbf9cbc2592cd7b6,7ab9086baf99475d8c93862a7dd36344,cd764fbfae774d068af7549c648a02c9,a64f6232ee1e4357937008a327a63cf4,f879b316413f45d2b64bb25e3f45a667,bc607fd6000b43108e49b3d05688fe90
0c0b0a3a57ae44f5bc9a682ecdf7017e,ad3d372fbf054ea1ad06cfcb7490df4b,5f65785004054c67a618fe43b6a30f56,44f41e6e6faa4facb0bb9a72205229f8,c3a741d302d94ee294bb6e4090fd2da9,be70e49b76c24527b4fddfb6b78b6d8d,039a871609044cb1b69f70c082fe61d8,ef60b54aa4b5490890da32d0bb8c9cbf,57430214baf045cb92fa3b3b70a4ca3f,5455e62f52ae4e03b2a5d0e8b9899506,9500823cb050427696343b1ea5cf8881
60de40f69385488097a1e4a1e36a7e71,ad3d372fbf054ea1ad06cfcb7490df4b,5f65785004054c67a618fe43b6a30f56,44f41e6e6faa4facb0bb9a72205229f8,c3a741d302d94ee294bb6e4090fd2da9,be70e49b76c24527b4fddfb6b78b6d8d,039a871609044cb1b69f70c082fe61d8,5455e62f52ae4e03b2a5d0e8b9899506,ef60b54aa4b5490890da32d0bb8c9cbf,9500823cb050427696343b1ea5cf8881,b33a0f5b564a4942b04046ab7a8e2aae
e24bf2d26b3447a0a1cabfedc1474778,44f41e6e6faa4facb0bb9a72205229f8,5f65785004054c67a618fe43b6a30f56,ad3d372fbf054ea1ad06cfcb7490df4b,c3a741d302d94ee294bb6e4090fd2da9,ef60b54aa4b5490890da32d0bb8c9cbf,b33a0f5b564a4942b04046ab7a8e2aae,35c5a560ecdc4d6a9d20f057ed1fa0e6,57430214baf045cb92fa3b3b70a4ca3f,199647bd1328406c83c5a875154f97d9,5455e62f52ae4e03b2a5d0e8b9899506
26e498e22958483fb8c239d967efe176,5f65785004054c67a618fe43b6a30f56,ad3d372fbf054ea1ad06cfcb7490df4b,44f41e6e6faa4facb0bb9a72205229f8,c3a741d302d94ee294bb6e4090fd2da9,ef60b54aa4b5490890da32d0bb8c9cbf,57430214baf045cb92fa3b3b70a4ca3f,039a871609044cb1b69f70c082fe61d8,5455e62f52ae4e03b2a5d0e8b9899506,be70e49b76c24527b4fddfb6b78b6d8d,9500823cb050427696343b1ea5cf8881
0e5860811dd84425862213b698237538,44f41e6e6faa4facb0bb9a72205229f8,5f65785004054c67a618fe43b6a30f56,ad3d372fbf054ea1ad06cfcb7490df4b,c3a741d302d94ee294bb6e4090fd2da9,ef60b54aa4b5490890da32d0bb8c9cbf,039a871609044cb1b69f70c082fe61d8,5455e62f52ae4e03b2a5d0e8b9899506,9500823cb050427696343b1ea5cf8881,be70e49b76c24527b4fddfb6b78b6d8d,35c5a560ecdc4d6a9d20f057ed1fa0e6
